solid OpenSCAD_Model
  facet normal -1 0 0
    outer loop
      vertex 72 31.279999999999994 6
      vertex 72 31.279999999999994 1
      vertex 72 29.279999999999994 1
    endloop
  endfacet
  facet normal 0 1 0
    outer loop
      vertex 72 31.279999999999994 6
      vertex 92 31.279999999999994 1
      vertex 72 31.279999999999994 1
    endloop
  endfacet
  facet normal 1 0 0
    outer loop
      vertex 92 29.279999999999994 2.5
      vertex 92 29.279999999999994 1
      vertex 92 31.279999999999994 1
    endloop
  endfacet
  facet normal -1 0 0
    outer loop
      vertex 72 29.279999999999994 2.5
      vertex 72 31.279999999999994 6
      vertex 72 29.279999999999994 1
    endloop
  endfacet
  facet normal -1 0 0
    outer loop
      vertex 72 29.279999999999994 2.5
      vertex 72 29.279999999999994 6
      vertex 72 31.279999999999994 6
    endloop
  endfacet
  facet normal 0 -1 0
    outer loop
      vertex 72 29.279999999999994 6
      vertex 72 29.279999999999994 2.5
      vertex 92 29.279999999999994 2.5
    endloop
  endfacet
  facet normal 0 1 0
    outer loop
      vertex 72 31.279999999999994 6
      vertex 92 31.279999999999994 6
      vertex 92 31.279999999999994 1
    endloop
  endfacet
  facet normal 1 0 0
    outer loop
      vertex 92 29.279999999999994 2.5
      vertex 92 31.279999999999994 1
      vertex 92 29.279999999999994 6
    endloop
  endfacet
  facet normal 1 0 0
    outer loop
      vertex 92 29.279999999999994 6
      vertex 92 31.279999999999994 1
      vertex 92 31.279999999999994 6
    endloop
  endfacet
  facet normal 0 -1 0
    outer loop
      vertex 72 29.279999999999994 6
      vertex 92 29.279999999999994 2.5
      vertex 92 29.279999999999994 6
    endloop
  endfacet
  facet normal 0 0 1
    outer loop
      vertex 72 29.279999999999994 6
      vertex 92 29.279999999999994 6
      vertex 72 31.279999999999994 6
    endloop
  endfacet
  facet normal 0 0 1
    outer loop
      vertex 72 31.279999999999994 6
      vertex 92 29.279999999999994 6
      vertex 92 31.279999999999994 6
    endloop
  endfacet
  facet normal -1 0 0
    outer loop
      vertex 67 29.279999999999994 2.5
      vertex 67 29.279999999999994 1
      vertex 67 27.279999999999994 1
    endloop
  endfacet
  facet normal -1 0 0
    outer loop
      vertex 67 27.279999999999994 2.5
      vertex 67 29.279999999999994 2.5
      vertex 67 27.279999999999994 1
    endloop
  endfacet
  facet normal 0 1 0
    outer loop
      vertex 67 29.279999999999994 2.5
      vertex 72 29.279999999999994 2.5
      vertex 67 29.279999999999994 1
    endloop
  endfacet
  facet normal 0 1 0
    outer loop
      vertex 72 29.279999999999994 2.5
      vertex 72 29.279999999999994 1
      vertex 67 29.279999999999994 1
    endloop
  endfacet
  facet normal 0 -1 0
    outer loop
      vertex 67 27.279999999999994 2.5
      vertex 67 27.279999999999994 1
      vertex 92 27.279999999999994 2.5
    endloop
  endfacet
  facet normal 0 0 1
    outer loop
      vertex 67 27.279999999999994 2.5
      vertex 92 27.279999999999994 2.5
      vertex 67 29.279999999999994 2.5
    endloop
  endfacet
  facet normal 0 -1 0
    outer loop
      vertex 92 27.279999999999994 2.5
      vertex 67 27.279999999999994 1
      vertex 92 27.279999999999994 1
    endloop
  endfacet
  facet normal 0 0 1
    outer loop
      vertex 67 29.279999999999994 2.5
      vertex 92 27.279999999999994 2.5
      vertex 72 29.279999999999994 2.5
    endloop
  endfacet
  facet normal 0 0 1
    outer loop
      vertex 72 29.279999999999994 2.5
      vertex 92 27.279999999999994 2.5
      vertex 92 29.279999999999994 2.5
    endloop
  endfacet
  facet normal 1 0 0
    outer loop
      vertex 92 27.279999999999994 2.5
      vertex 92 27.279999999999994 1
      vertex 92 29.279999999999994 1
    endloop
  endfacet
  facet normal 1 0 0
    outer loop
      vertex 92 27.279999999999994 2.5
      vertex 92 29.279999999999994 1
      vertex 92 29.279999999999994 2.5
    endloop
  endfacet
  facet normal 0 -1 0
    outer loop
      vertex 57.35 -16.82 2.5
      vertex 55.35 -16.82 1
      vertex 57.35 -16.82 1
    endloop
  endfacet
  facet normal -1 0 0
    outer loop
      vertex 55.35 3.1799999999999997 6
      vertex 55.35 3.1799999999999997 1
      vertex 55.35 -16.82 1
    endloop
  endfacet
  facet normal 0 1 0
    outer loop
      vertex 55.35 3.1799999999999997 6
      vertex 57.35 3.1799999999999997 1
      vertex 55.35 3.1799999999999997 1
    endloop
  endfacet
  facet normal 0 -1 0
    outer loop
      vertex 57.35 -16.82 2.5
      vertex 57.35 -16.82 6
      vertex 55.35 -16.82 1
    endloop
  endfacet
  facet normal 0 -1 0
    outer loop
      vertex 55.35 -16.82 6
      vertex 55.35 -16.82 1
      vertex 57.35 -16.82 6
    endloop
  endfacet
  facet normal 1 0 0
    outer loop
      vertex 57.35 -16.82 2.5
      vertex 57.35 3.1799999999999997 2.5
      vertex 57.35 -16.82 6
    endloop
  endfacet
  facet normal -1 0 0
    outer loop
      vertex 55.35 -16.82 6
      vertex 55.35 3.1799999999999997 6
      vertex 55.35 -16.82 1
    endloop
  endfacet
  facet normal 1 0 0
    outer loop
      vertex 57.35 3.1799999999999997 2.5
      vertex 57.35 3.1799999999999997 6
      vertex 57.35 -16.82 6
    endloop
  endfacet
  facet normal 0 0 1
    outer loop
      vertex 55.35 -16.82 6
      vertex 57.35 -16.82 6
      vertex 55.35 3.1799999999999997 6
    endloop
  endfacet
  facet normal 0 0 1
    outer loop
      vertex 57.35 -16.82 6
      vertex 57.35 3.1799999999999997 6
      vertex 55.35 3.1799999999999997 6
    endloop
  endfacet
  facet normal 0 1 0
    outer loop
      vertex 55.35 3.1799999999999997 6
      vertex 57.35 3.1799999999999997 2.5
      vertex 57.35 3.1799999999999997 1
    endloop
  endfacet
  facet normal 0 1 0
    outer loop
      vertex 57.35 3.1799999999999997 2.5
      vertex 55.35 3.1799999999999997 6
      vertex 57.35 3.1799999999999997 6
    endloop
  endfacet
  facet normal 0 -1 0
    outer loop
      vertex 59.35 -16.82 2.5
      vertex 57.35 -16.82 1
      vertex 59.35 -16.82 1
    endloop
  endfacet
  facet normal 0 -1 0
    outer loop
      vertex 57.35 -16.82 2.5
      vertex 57.35 -16.82 1
      vertex 59.35 -16.82 2.5
    endloop
  endfacet
  facet normal 1 0 0
    outer loop
      vertex 59.35 -16.82 2.5
      vertex 59.35 -16.82 1
      vertex 59.35 7.507473309608541 1
    endloop
  endfacet
  facet normal 0 0 1
    outer loop
      vertex 57.35 -16.82 2.5
      vertex 59.35 -16.82 2.5
      vertex 57.35 3.1799999999999997 2.5
    endloop
  endfacet
  facet normal 1 0 0
    outer loop
      vertex 59.35 -16.82 2.5
      vertex 59.35 7.507473309608541 1
      vertex 59.35 23.18 1
    endloop
  endfacet
  facet normal -1 0 0
    outer loop
      vertex 57.35 3.1799999999999997 2.5
      vertex 57.35 23.18 2.5
      vertex 57.35 3.1799999999999997 1
    endloop
  endfacet
  facet normal 1 0 0
    outer loop
      vertex 59.35 -16.82 2.5
      vertex 59.35 23.18 1
      vertex 59.35 23.18 2.5
    endloop
  endfacet
  facet normal 0 0 1
    outer loop
      vertex 59.35 -16.82 2.5
      vertex 57.35 23.18 2.5
      vertex 57.35 3.1799999999999997 2.5
    endloop
  endfacet
  facet normal 0 0 1
    outer loop
      vertex 59.35 -16.82 2.5
      vertex 59.35 23.18 2.5
      vertex 57.35 23.18 2.5
    endloop
  endfacet
  facet normal -1 0 0
    outer loop
      vertex 57.35 23.18 2.5
      vertex 57.35 23.18 1
      vertex 57.35 3.1799999999999997 1
    endloop
  endfacet
  facet normal 0 1 0
    outer loop
      vertex 57.35 23.18 2.5
      vertex 59.35 23.18 1
      vertex 57.35 23.18 1
    endloop
  endfacet
  facet normal 0 1 0
    outer loop
      vertex 57.35 23.18 2.5
      vertex 59.35 23.18 2.5
      vertex 59.35 23.18 1
    endloop
  endfacet
  facet normal -1 0 0
    outer loop
      vertex 72 -22.82 2.5
      vertex 72 -22.82 1
      vertex 72 -24.32 1
    endloop
  endfacet
  facet normal 0 -1 0
    outer loop
      vertex 92 -24.32 6
      vertex 72 -24.32 1
      vertex 92 -24.32 1
    endloop
  endfacet
  facet normal 1 0 0
    outer loop
      vertex 92 -24.32 6
      vertex 92 -24.32 1
      vertex 92 -22.82 1
    endloop
  endfacet
  facet normal -1 0 0
    outer loop
      vertex 72 -22.82 2.5
      vertex 72 -24.32 1
      vertex 72 -22.82 6
    endloop
  endfacet
  facet normal -1 0 0
    outer loop
      vertex 72 -24.32 6
      vertex 72 -22.82 6
      vertex 72 -24.32 1
    endloop
  endfacet
  facet normal 0 -1 0
    outer loop
      vertex 72 -24.32 6
      vertex 72 -24.32 1
      vertex 92 -24.32 6
    endloop
  endfacet
  facet normal 1 0 0
    outer loop
      vertex 92 -22.82 2.5
      vertex 92 -24.32 6
      vertex 92 -22.82 1
    endloop
  endfacet
  facet normal 0 1 0
    outer loop
      vertex 72 -22.82 6
      vertex 92 -22.82 6
      vertex 92 -22.82 2.5
    endloop
  endfacet
  facet normal 0 0 1
    outer loop
      vertex 72 -24.32 6
      vertex 92 -24.32 6
      vertex 72 -22.82 6
    endloop
  endfacet
  facet normal 0 0 1
    outer loop
      vertex 72 -22.82 6
      vertex 92 -24.32 6
      vertex 92 -22.82 6
    endloop
  endfacet
  facet normal 1 0 0
    outer loop
      vertex 92 -22.82 2.5
      vertex 92 -22.82 6
      vertex 92 -24.32 6
    endloop
  endfacet
  facet normal -1 0 0
    outer loop
      vertex 67 -20.82 2.5
      vertex 67 -20.82 1
      vertex 67 -22.82 1
    endloop
  endfacet
  facet normal -1 0 0
    outer loop
      vertex 67 -22.82 2.5
      vertex 67 -20.82 2.5
      vertex 67 -22.82 1
    endloop
  endfacet
  facet normal 0 -1 0
    outer loop
      vertex 67 -22.82 2.5
      vertex 67 -22.82 1
      vertex 72 -22.82 2.5
    endloop
  endfacet
  facet normal 0 -1 0
    outer loop
      vertex 72 -22.82 2.5
      vertex 67 -22.82 1
      vertex 72 -22.82 1
    endloop
  endfacet
  facet normal 0 1 0
    outer loop
      vertex 67 -20.82 2.5
      vertex 92 -20.82 1
      vertex 67 -20.82 1
    endloop
  endfacet
  facet normal 0 0 1
    outer loop
      vertex 67 -22.82 2.5
      vertex 72 -22.82 2.5
      vertex 67 -20.82 2.5
    endloop
  endfacet
  facet normal 0 1 0
    outer loop
      vertex 67 -20.82 2.5
      vertex 92 -20.82 2.5
      vertex 92 -20.82 1
    endloop
  endfacet
  facet normal 0 0 1
    outer loop
      vertex 67 -20.82 2.5
      vertex 72 -22.82 2.5
      vertex 92 -22.82 2.5
    endloop
  endfacet
  facet normal 0 0 1
    outer loop
      vertex 67 -20.82 2.5
      vertex 92 -22.82 2.5
      vertex 92 -20.82 2.5
    endloop
  endfacet
  facet normal 1 0 0
    outer loop
      vertex 92 -22.82 2.5
      vertex 92 -22.82 1
      vertex 92 -20.82 1
    endloop
  endfacet
  facet normal 1 0 0
    outer loop
      vertex 92 -22.82 2.5
      vertex 92 -20.82 1
      vertex 92 -20.82 2.5
    endloop
  endfacet
  facet normal -1 0 0
    outer loop
      vertex 0 -25 0
      vertex 0 -25 1
      vertex 0 12.86363636363636 1
    endloop
  endfacet
  facet normal 0 0 -1
    outer loop
      vertex 0 -25 0
      vertex 8.964243194688875 6.506568654484198 0
      vertex 9.093601451843753 6.460283529974907 0
    endloop
  endfacet
  facet normal 0 0 -1
    outer loop
      vertex 0 -25 0
      vertex 9.093601451843753 6.460283529974907 0
      vertex 9.226873549177421 6.426900607435478 0
    endloop
  endfacet
  facet normal 0 0 -1
    outer loop
      vertex 0 -25 0
      vertex 8.335942542776436 7.022201673772557 0
      vertex 8.417785365292168 6.911849402170896 0
    endloop
  endfacet
  facet normal 0 0 -1
    outer loop
      vertex 0 -25 0
      vertex 8.265310229912302 7.140044568443603 0
      vertex 8.335942542776436 7.022201673772557 0
    endloop
  endfacet
  facet normal 0 0 -1
    outer loop
      vertex 0 -25 0
      vertex 8.417785365292168 6.911849402170896 0
      vertex 8.510050506338834 6.8100505063388335 0
    endloop
  endfacet
  facet normal 0 0 -1
    outer loop
      vertex 0 -25 0
      vertex 8.160283529974908 7.393601451843753 0
      vertex 8.2065686544842 7.264243194688874 0
    endloop
  endfacet
  facet normal 0 0 -1
    outer loop
      vertex 0 -25 0
      vertex 8.106741382658925 7.662776003538615 0
      vertex 8.126900607435477 7.52687354917742 0
    endloop
  endfacet
  facet normal 0 0 -1
    outer loop
      vertex 0 -25 0
      vertex 8.126900607435477 7.52687354917742 0
      vertex 8.160283529974908 7.393601451843753 0
    endloop
  endfacet
  facet normal 0 0 -1
    outer loop
      vertex 0 -25 0
      vertex 8.1 7.8 0
      vertex 8.106741382658925 7.662776003538615 0
    endloop
  endfacet
  facet normal 0 0 -1
    outer loop
      vertex 0 -25 0
      vertex 8.2065686544842 7.264243194688874 0
      vertex 8.265310229912302 7.140044568443603 0
    endloop
  endfacet
  facet normal 0 0 -1
    outer loop
      vertex 0 -25 0
      vertex 8.611849402170897 6.717785365292168 0
      vertex 8.722201673772556 6.635942542776436 0
    endloop
  endfacet
  facet normal 0 0 -1
    outer loop
      vertex 0 -25 0
      vertex 8.510050506338834 6.8100505063388335 0
      vertex 8.611849402170897 6.717785365292168 0
    endloop
  endfacet
  facet normal 0 0 -1
    outer loop
      vertex 0 -25 0
      vertex 8.722201673772556 6.635942542776436 0
      vertex 8.840044568443604 6.565310229912303 0
    endloop
  endfacet
  facet normal 0 0 -1
    outer loop
      vertex 0 -25 0
      vertex 8.840044568443604 6.565310229912303 0
      vertex 8.964243194688875 6.506568654484198 0
    endloop
  endfacet
  facet normal 0 0 -1
    outer loop
      vertex 0 -25 0
      vertex 9.226873549177421 6.426900607435478 0
      vertex 9.362776003538615 6.406741382658924 0
    endloop
  endfacet
  facet normal 0 0 -1
    outer loop
      vertex 0 -25 0
      vertex 9.362776003538615 6.406741382658924 0
      vertex 9.5 6.4 0
    endloop
  endfacet
  facet normal 0 0 -1
    outer loop
      vertex 0 -25 0
      vertex 9.5 6.4 0
      vertex 9.637223996461385 6.406741382658924 0
    endloop
  endfacet
  facet normal 0 0 -1
    outer loop
      vertex 0 -25 0
      vertex 9.637223996461385 6.406741382658924 0
      vertex 9.773126450822579 6.426900607435478 0
    endloop
  endfacet
  facet normal 0 0 -1
    outer loop
      vertex 0 -25 0
      vertex 9.773126450822579 6.426900607435478 0
      vertex 9.906398548156247 6.460283529974907 0
    endloop
  endfacet
  facet normal 0 0 -1
    outer loop
      vertex 0 -25 0
      vertex 9.906398548156247 6.460283529974907 0
      vertex 10.035756805311125 6.506568654484198 0
    endloop
  endfacet
  facet normal 0 0 -1
    outer loop
      vertex 0 -25 0
      vertex 10.035756805311125 6.506568654484198 0
      vertex 10.159955431556396 6.565310229912303 0
    endloop
  endfacet
  facet normal 0 0 -1
    outer loop
      vertex 0 -25 0
      vertex 10.159955431556396 6.565310229912303 0
      vertex 10.277798326227444 6.635942542776436 0
    endloop
  endfacet
  facet normal 0 0 -1
    outer loop
      vertex 0 -25 0
      vertex 10.277798326227444 6.635942542776436 0
      vertex 10.388150597829103 6.717785365292168 0
    endloop
  endfacet
  facet normal 0 0 -1
    outer loop
      vertex 0 -25 0
      vertex 10.388150597829103 6.717785365292168 0
      vertex 10.489949493661166 6.8100505063388335 0
    endloop
  endfacet
  facet normal 0 0 -1
    outer loop
      vertex 0 -25 0
      vertex 10.489949493661166 6.8100505063388335 0
      vertex 10.582214634707832 6.911849402170896 0
    endloop
  endfacet
  facet normal 0 0 -1
    outer loop
      vertex 0 -25 0
      vertex 10.582214634707832 6.911849402170896 0
      vertex 10.664057457223564 7.022201673772557 0
    endloop
  endfacet
  facet normal 0 0 -1
    outer loop
      vertex 0 -25 0
      vertex 10.664057457223564 7.022201673772557 0
      vertex 10.734689770087698 7.140044568443603 0
    endloop
  endfacet
  facet normal 0 0 -1
    outer loop
      vertex 0 -25 0
      vertex 10.734689770087698 7.140044568443603 0
      vertex 10.7934313455158 7.264243194688874 0
    endloop
  endfacet
  facet normal 0 0 -1
    outer loop
      vertex 0 -25 0
      vertex 10.7934313455158 7.264243194688874 0
      vertex 10.839716470025092 7.393601451843753 0
    endloop
  endfacet
  facet normal 0 0 -1
    outer loop
      vertex 0 -25 0
      vertex 10.839716470025092 7.393601451843753 0
      vertex 14.5 12 0
    endloop
  endfacet
  facet normal 0 -1 0
    outer loop
      vertex 0 -25 0
      vertex 37.86363636363636 -25 0
      vertex 0 -25 1
    endloop
  endfacet
  facet normal 0 0 1
    outer loop
      vertex 0 -25 1
      vertex 37.86363636363636 -25 1
      vertex 0 12.86363636363636 1
    endloop
  endfacet
  facet normal 0 0 1
    outer loop
      vertex 8.722201673772556 6.635942542776436 1
      vertex 0 12.86363636363636 1
      vertex 37.86363636363636 -25 1
    endloop
  endfacet
  facet normal 0 0 1
    outer loop
      vertex 8.722201673772556 6.635942542776436 1
      vertex 37.86363636363636 -25 1
      vertex 8.840044568443604 6.565310229912303 1
    endloop
  endfacet
  facet normal 0 0 1
    outer loop
      vertex 9.093601451843753 6.460283529974907 1
      vertex 37.86363636363636 -25 1
      vertex 9.226873549177421 6.426900607435478 1
    endloop
  endfacet
  facet normal 0 0 1
    outer loop
      vertex 8.964243194688875 6.506568654484198 1
      vertex 37.86363636363636 -25 1
      vertex 9.093601451843753 6.460283529974907 1
    endloop
  endfacet
  facet normal 0 0 1
    outer loop
      vertex 9.226873549177421 6.426900607435478 1
      vertex 37.86363636363636 -25 1
      vertex 9.362776003538615 6.406741382658924 1
    endloop
  endfacet
  facet normal 0 0 1
    outer loop
      vertex 9.362776003538615 6.406741382658924 1
      vertex 37.86363636363636 -25 1
      vertex 9.5 6.4 1
    endloop
  endfacet
  facet normal 0 0 1
    outer loop
      vertex 9.5 6.4 1
      vertex 37.86363636363636 -25 1
      vertex 9.637223996461385 6.406741382658924 1
    endloop
  endfacet
  facet normal 0 0 1
    outer loop
      vertex 9.637223996461385 6.406741382658924 1
      vertex 37.86363636363636 -25 1
      vertex 9.773126450822579 6.426900607435478 1
    endloop
  endfacet
  facet normal 0 0 1
    outer loop
      vertex 9.773126450822579 6.426900607435478 1
      vertex 37.86363636363636 -25 1
      vertex 9.906398548156247 6.460283529974907 1
    endloop
  endfacet
  facet normal 0 0 1
    outer loop
      vertex 9.906398548156247 6.460283529974907 1
      vertex 37.86363636363636 -25 1
      vertex 10.035756805311125 6.506568654484198 1
    endloop
  endfacet
  facet normal 0 0 1
    outer loop
      vertex 8.840044568443604 6.565310229912303 1
      vertex 37.86363636363636 -25 1
      vertex 8.964243194688875 6.506568654484198 1
    endloop
  endfacet
  facet normal 0 0 1
    outer loop
      vertex 10.035756805311125 6.506568654484198 1
      vertex 37.86363636363636 -25 1
      vertex 10.159955431556396 6.565310229912303 1
    endloop
  endfacet
  facet normal 0 0 1
    outer loop
      vertex 10.159955431556396 6.565310229912303 1
      vertex 37.86363636363636 -25 1
      vertex 10.277798326227444 6.635942542776436 1
    endloop
  endfacet
  facet normal 0 0 1
    outer loop
      vertex 10.277798326227444 6.635942542776436 1
      vertex 37.86363636363636 -25 1
      vertex 10.388150597829103 6.717785365292168 1
    endloop
  endfacet
  facet normal 0 0 1
    outer loop
      vertex 10.388150597829103 6.717785365292168 1
      vertex 37.86363636363636 -25 1
      vertex 10.489949493661166 6.8100505063388335 1
    endloop
  endfacet
  facet normal 0 0 1
    outer loop
      vertex 10.489949493661166 6.8100505063388335 1
      vertex 37.86363636363636 -25 1
      vertex 10.582214634707832 6.911849402170896 1
    endloop
  endfacet
  facet normal 0 0 1
    outer loop
      vertex 10.582214634707832 6.911849402170896 1
      vertex 37.86363636363636 -25 1
      vertex 10.664057457223564 7.022201673772557 1
    endloop
  endfacet
  facet normal 0 0 1
    outer loop
      vertex 10.664057457223564 7.022201673772557 1
      vertex 42.86363636363636 -25 1
      vertex 10.734689770087698 7.140044568443603 1
    endloop
  endfacet
  facet normal 0 0 1
    outer loop
      vertex 10.734689770087698 7.140044568443603 1
      vertex 42.86363636363636 -25 1
      vertex 10.7934313455158 7.264243194688874 1
    endloop
  endfacet
  facet normal 0 0 1
    outer loop
      vertex 10.7934313455158 7.264243194688874 1
      vertex 42.86363636363636 -25 1
      vertex 10.839716470025092 7.393601451843753 1
    endloop
  endfacet
  facet normal 0 0 1
    outer loop
      vertex 10.839716470025092 7.393601451843753 1
      vertex 42.86363636363636 -25 1
      vertex 10.873099392564523 7.52687354917742 1
    endloop
  endfacet
  facet normal 0 0 1
    outer loop
      vertex 10.873099392564523 7.52687354917742 1
      vertex 42.86363636363636 -25 1
      vertex 10.893258617341075 7.662776003538615 1
    endloop
  endfacet
  facet normal 0 0 1
    outer loop
      vertex 10.893258617341075 7.662776003538615 1
      vertex 42.86363636363636 -25 1
      vertex 14.5 12 1
    endloop
  endfacet
  facet normal -1 0 0
    outer loop
      vertex 0 -25 0
      vertex 0 12.86363636363636 1
      vertex 0 12.86363636363636 0
    endloop
  endfacet
  facet normal 0 0 -1
    outer loop
      vertex 0 -25 0
      vertex 0 12.86363636363636 0
      vertex 8.1 7.8 0
    endloop
  endfacet
  facet normal 0 0 -1
    outer loop
      vertex 8.2065686544842 8.335756805311126 0
      vertex 0 12.86363636363636 0
      vertex 7.5 12 0
    endloop
  endfacet
  facet normal 0 0 -1
    outer loop
      vertex 8.1 7.8 0
      vertex 0 12.86363636363636 0
      vertex 8.106741382658925 7.937223996461385 0
    endloop
  endfacet
  facet normal 0 0 -1
    outer loop
      vertex 8.106741382658925 7.937223996461385 0
      vertex 0 12.86363636363636 0
      vertex 8.126900607435477 8.07312645082258 0
    endloop
  endfacet
  facet normal 0 0 -1
    outer loop
      vertex 8.126900607435477 8.07312645082258 0
      vertex 0 12.86363636363636 0
      vertex 8.160283529974908 8.206398548156248 0
    endloop
  endfacet
  facet normal 0 0 -1
    outer loop
      vertex 8.160283529974908 8.206398548156248 0
      vertex 0 12.86363636363636 0
      vertex 8.2065686544842 8.335756805311126 0
    endloop
  endfacet
  facet normal 0.6715589548470172 0.7409511253549602 0
    outer loop
      vertex 8.510050506338834 6.8100505063388335 0
      vertex 8.510050506338834 6.8100505063388335 1
      vertex 8.611849402170897 6.717785365292168 0
    endloop
  endfacet
  facet normal 0.9415440651830209 0.33688985339221994 0
    outer loop
      vertex 8.160283529974908 7.393601451843753 0
      vertex 8.160283529974908 7.393601451843753 1
      vertex 8.2065686544842 7.264243194688874 0
    endloop
  endfacet
  facet normal 0.9700312531945423 0.24298017990327087 1.2855018296625815e-18
    outer loop
      vertex 8.160283529974908 7.393601451843753 0
      vertex 8.126900607435477 7.52687354917742 0
      vertex 8.126900607435477 7.52687354917742 1
    endloop
  endfacet
  facet normal 0.8032075314806447 0.5956993044924338 0
    outer loop
      vertex 8.335942542776436 7.022201673772557 0
      vertex 8.335942542776436 7.022201673772557 1
      vertex 8.417785365292168 6.911849402170896 0
    endloop
  endfacet
  facet normal 0.8577286100002693 0.5141027441932263 0
    outer loop
      vertex 8.265310229912302 7.140044568443603 0
      vertex 8.265310229912302 7.140044568443603 1
      vertex 8.335942542776436 7.022201673772557 0
    endloop
  endfacet
  facet normal 0.7409511253549573 0.6715589548470204 0
    outer loop
      vertex 8.417785365292168 6.911849402170896 0
      vertex 8.417785365292168 6.911849402170896 1
      vertex 8.510050506338834 6.8100505063388335 0
    endloop
  endfacet
  facet normal 0.9039892931234483 0.42755509343027176 7.728435998624946e-19
    outer loop
      vertex 8.265310229912302 7.140044568443603 0
      vertex 8.2065686544842 7.264243194688874 0
      vertex 8.2065686544842 7.264243194688874 1
    endloop
  endfacet
  facet normal 0.9891765099647816 0.14673047445535836 6.320453980651918e-19
    outer loop
      vertex 8.126900607435477 7.52687354917742 0
      vertex 8.106741382658925 7.662776003538615 0
      vertex 8.106741382658925 7.662776003538615 1
    endloop
  endfacet
  facet normal 0.9987954562051722 0.0490676743274217 2.639395832376349e-19
    outer loop
      vertex 8.106741382658925 7.662776003538615 0
      vertex 8.1 7.8 0
      vertex 8.1 7.8 1
    endloop
  endfacet
  facet normal 0.9987954562051722 -0.0490676743274217 -2.639395832376349e-19
    outer loop
      vertex 8.1 7.8 0
      vertex 8.106741382658925 7.937223996461385 0
      vertex 8.106741382658925 7.937223996461385 1
    endloop
  endfacet
  facet normal 0.9891765099647816 -0.14673047445535836 -6.320453980651918e-19
    outer loop
      vertex 8.106741382658925 7.937223996461385 0
      vertex 8.126900607435477 8.07312645082258 0
      vertex 8.126900607435477 8.07312645082258 1
    endloop
  endfacet
  facet normal 0.9700312531945425 -0.24298017990326928 -1.2316913138399812e-19
    outer loop
      vertex 8.126900607435477 8.07312645082258 0
      vertex 8.160283529974908 8.206398548156248 0
      vertex 8.160283529974908 8.206398548156248 1
    endloop
  endfacet
  facet normal 0.9415440651830209 -0.33688985339221994 7.155061575759626e-19
    outer loop
      vertex 8.160283529974908 8.206398548156248 0
      vertex 8.2065686544842 8.335756805311126 0
      vertex 8.2065686544842 8.335756805311126 1
    endloop
  endfacet
  facet normal 0.9039892931234469 -0.4275550934302742 -1.7284869822173244e-18
    outer loop
      vertex 8.2065686544842 8.335756805311126 0
      vertex 8.265310229912302 8.459955431556397 0
      vertex 8.265310229912302 8.459955431556397 1
    endloop
  endfacet
  facet normal 0.5956993044924399 0.8032075314806401 0
    outer loop
      vertex 8.611849402170897 6.717785365292168 0
      vertex 8.611849402170897 6.717785365292168 1
      vertex 8.722201673772556 6.635942542776436 0
    endloop
  endfacet
  facet normal 0.5141027441932159 0.8577286100002757 0
    outer loop
      vertex 8.722201673772556 6.635942542776436 0
      vertex 8.722201673772556 6.635942542776436 1
      vertex 8.840044568443604 6.565310229912303 0
    endloop
  endfacet
  facet normal 0.4275550934302848 0.903989293123442 0
    outer loop
      vertex 8.840044568443604 6.565310229912303 0
      vertex 8.840044568443604 6.565310229912303 1
      vertex 8.964243194688875 6.506568654484198 0
    endloop
  endfacet
  facet normal 0.33688985339221994 0.9415440651830209 0
    outer loop
      vertex 8.964243194688875 6.506568654484198 0
      vertex 8.964243194688875 6.506568654484198 1
      vertex 9.093601451843753 6.460283529974907 0
    endloop
  endfacet
  facet normal 0.24298017990325715 0.9700312531945456 0
    outer loop
      vertex 9.093601451843753 6.460283529974907 0
      vertex 9.093601451843753 6.460283529974907 1
      vertex 9.226873549177421 6.426900607435478 0
    endloop
  endfacet
  facet normal 0.14673047445536563 0.9891765099647805 0
    outer loop
      vertex 9.226873549177421 6.426900607435478 0
      vertex 9.226873549177421 6.426900607435478 1
      vertex 9.362776003538615 6.406741382658924 0
    endloop
  endfacet
  facet normal 0.04906767432741525 0.9987954562051726 0
    outer loop
      vertex 9.362776003538615 6.406741382658924 0
      vertex 9.362776003538615 6.406741382658924 1
      vertex 9.5 6.4 0
    endloop
  endfacet
  facet normal -0.04906767432741525 0.9987954562051726 0
    outer loop
      vertex 9.5 6.4 0
      vertex 9.5 6.4 1
      vertex 9.637223996461385 6.406741382658924 0
    endloop
  endfacet
  facet normal -0.14673047445536563 0.9891765099647805 0
    outer loop
      vertex 9.637223996461385 6.406741382658924 0
      vertex 9.637223996461385 6.406741382658924 1
      vertex 9.773126450822579 6.426900607435478 0
    endloop
  endfacet
  facet normal -0.24298017990325715 0.9700312531945456 0
    outer loop
      vertex 9.773126450822579 6.426900607435478 0
      vertex 9.773126450822579 6.426900607435478 1
      vertex 9.906398548156247 6.460283529974907 0
    endloop
  endfacet
  facet normal -0.33688985339221994 0.9415440651830209 0
    outer loop
      vertex 9.906398548156247 6.460283529974907 0
      vertex 9.906398548156247 6.460283529974907 1
      vertex 10.035756805311125 6.506568654484198 0
    endloop
  endfacet
  facet normal -0.4275550934302848 0.903989293123442 0
    outer loop
      vertex 10.035756805311125 6.506568654484198 0
      vertex 10.035756805311125 6.506568654484198 1
      vertex 10.159955431556396 6.565310229912303 0
    endloop
  endfacet
  facet normal -0.5141027441932159 0.8577286100002757 0
    outer loop
      vertex 10.159955431556396 6.565310229912303 0
      vertex 10.159955431556396 6.565310229912303 1
      vertex 10.277798326227444 6.635942542776436 0
    endloop
  endfacet
  facet normal 0 0 -1
    outer loop
      vertex 8.2065686544842 8.335756805311126 0
      vertex 7.5 12 0
      vertex 8.265310229912302 8.459955431556397 0
    endloop
  endfacet
  facet normal 0 0 -1
    outer loop
      vertex 8.265310229912302 8.459955431556397 0
      vertex 7.5 12 0
      vertex 8.335942542776436 8.577798326227443 0
    endloop
  endfacet
  facet normal 0 0 -1
    outer loop
      vertex 8.335942542776436 8.577798326227443 0
      vertex 7.5 12 0
      vertex 8.417785365292168 8.688150597829104 0
    endloop
  endfacet
  facet normal 0 0 -1
    outer loop
      vertex 8.417785365292168 8.688150597829104 0
      vertex 7.5 12 0
      vertex 8.510050506338834 8.789949493661167 0
    endloop
  endfacet
  facet normal 0 0 -1
    outer loop
      vertex 8.510050506338834 8.789949493661167 0
      vertex 7.5 12 0
      vertex 8.611849402170897 8.882214634707832 0
    endloop
  endfacet
  facet normal 0 0 -1
    outer loop
      vertex 8.611849402170897 8.882214634707832 0
      vertex 7.5 12 0
      vertex 8.722201673772556 8.964057457223563 0
    endloop
  endfacet
  facet normal 0 0 -1
    outer loop
      vertex 8.722201673772556 8.964057457223563 0
      vertex 7.5 12 0
      vertex 9.5 12 0
    endloop
  endfacet
  facet normal 0 0 -1
    outer loop
      vertex 8.722201673772556 8.964057457223563 0
      vertex 9.5 12 0
      vertex 8.840044568443604 9.034689770087697 0
    endloop
  endfacet
  facet normal 0 0 -1
    outer loop
      vertex 8.840044568443604 9.034689770087697 0
      vertex 9.5 12 0
      vertex 8.964243194688875 9.093431345515802 0
    endloop
  endfacet
  facet normal 0 0 -1
    outer loop
      vertex 8.964243194688875 9.093431345515802 0
      vertex 9.5 12 0
      vertex 9.093601451843753 9.139716470025093 0
    endloop
  endfacet
  facet normal 0 0 -1
    outer loop
      vertex 9.093601451843753 9.139716470025093 0
      vertex 9.5 12 0
      vertex 9.226873549177421 9.173099392564522 0
    endloop
  endfacet
  facet normal 0 0 -1
    outer loop
      vertex 9.226873549177421 9.173099392564522 0
      vertex 9.5 12 0
      vertex 9.362776003538615 9.193258617341076 0
    endloop
  endfacet
  facet normal 0 0 -1
    outer loop
      vertex 9.362776003538615 9.193258617341076 0
      vertex 9.5 12 0
      vertex 9.5 9.2 0
    endloop
  endfacet
  facet normal 0 0 -1
    outer loop
      vertex 9.5 9.2 0
      vertex 9.5 12 0
      vertex 9.637223996461385 9.193258617341076 0
    endloop
  endfacet
  facet normal 0.8577286100002693 -0.5141027441932263 3.3748389536418414e-18
    outer loop
      vertex 8.265310229912302 8.459955431556397 0
      vertex 8.335942542776436 8.577798326227443 0
      vertex 8.335942542776436 8.577798326227443 1
    endloop
  endfacet
  facet normal 0.8032075314806447 -0.5956993044924338 -6.283076361283871e-18
    outer loop
      vertex 8.335942542776436 8.577798326227443 0
      vertex 8.417785365292168 8.688150597829104 0
      vertex 8.417785365292168 8.688150597829104 1
    endloop
  endfacet
  facet normal 0.7409511253549602 -0.6715589548470172 -1.9645021907244495e-18
    outer loop
      vertex 8.417785365292168 8.688150597829104 0
      vertex 8.510050506338834 8.789949493661167 0
      vertex 8.510050506338834 8.789949493661167 1
    endloop
  endfacet
  facet normal 0.6715589548470172 -0.7409511253549602 -1.9645021907244495e-18
    outer loop
      vertex 8.510050506338834 8.789949493661167 0
      vertex 8.611849402170897 8.882214634707832 0
      vertex 8.611849402170897 8.882214634707832 1
    endloop
  endfacet
  facet normal 0.5956993044924316 -0.8032075314806462 -3.855999607456551e-18
    outer loop
      vertex 8.611849402170897 8.882214634707832 0
      vertex 8.722201673772556 8.964057457223563 0
      vertex 8.722201673772556 8.964057457223563 1
    endloop
  endfacet
  facet normal 0.5141027441932206 -0.8577286100002727 -5.116507243469873e-18
    outer loop
      vertex 8.722201673772556 8.964057457223563 0
      vertex 8.840044568443604 9.034689770087697 0
      vertex 8.840044568443604 9.034689770087697 1
    endloop
  endfacet
  facet normal 0.4275550934302848 -0.903989293123442 5.365896995067972e-19
    outer loop
      vertex 8.840044568443604 9.034689770087697 0
      vertex 8.964243194688875 9.093431345515802 0
      vertex 8.964243194688875 9.093431345515802 1
    endloop
  endfacet
  facet normal 0.33688985339221994 -0.9415440651830209 7.155061575759626e-19
    outer loop
      vertex 8.964243194688875 9.093431345515802 0
      vertex 9.093601451843753 9.139716470025093 0
      vertex 9.093601451843753 9.139716470025093 1
    endloop
  endfacet
  facet normal 0.24298017990325715 -0.9700312531945456 2.476952750231338e-19
    outer loop
      vertex 9.093601451843753 9.139716470025093 0
      vertex 9.226873549177421 9.173099392564522 0
      vertex 9.226873549177421 9.173099392564522 1
    endloop
  endfacet
  facet normal 0.14673047445537193 -0.9891765099647795 5.370277352334521e-19
    outer loop
      vertex 9.226873549177421 9.173099392564522 0
      vertex 9.362776003538615 9.193258617341076 0
      vertex 9.362776003538615 9.193258617341076 1
    endloop
  endfacet
  facet normal 0.0490676743274088 -0.9987954562051728 3.0585617803850997e-19
    outer loop
      vertex 9.362776003538615 9.193258617341076 0
      vertex 9.5 9.2 0
      vertex 9.5 9.2 1
    endloop
  endfacet
  facet normal -0.0490676743274088 -0.9987954562051728 -3.0585617803850997e-19
    outer loop
      vertex 9.5 9.2 0
      vertex 9.637223996461385 9.193258617341076 0
      vertex 9.637223996461385 9.193258617341076 1
    endloop
  endfacet
  facet normal -0.14673047445537193 -0.9891765099647795 -5.370277352334521e-19
    outer loop
      vertex 9.637223996461385 9.193258617341076 0
      vertex 9.773126450822579 9.173099392564522 0
      vertex 9.773126450822579 9.173099392564522 1
    endloop
  endfacet
  facet normal -0.24298017990325715 -0.9700312531945456 -2.476952750231338e-19
    outer loop
      vertex 9.773126450822579 9.173099392564522 0
      vertex 9.906398548156247 9.139716470025093 0
      vertex 9.906398548156247 9.139716470025093 1
    endloop
  endfacet
  facet normal -0.33688985339221994 -0.9415440651830209 -7.155061575759626e-19
    outer loop
      vertex 9.906398548156247 9.139716470025093 0
      vertex 10.035756805311125 9.093431345515802 0
      vertex 10.035756805311125 9.093431345515802 1
    endloop
  endfacet
  facet normal -0.4275550934302848 -0.903989293123442 -5.365896995067972e-19
    outer loop
      vertex 10.035756805311125 9.093431345515802 0
      vertex 10.159955431556396 9.034689770087697 0
      vertex 10.159955431556396 9.034689770087697 1
    endloop
  endfacet
  facet normal -0.5141027441932206 -0.8577286100002727 5.116507243469873e-18
    outer loop
      vertex 10.159955431556396 9.034689770087697 0
      vertex 10.277798326227444 8.964057457223563 0
      vertex 10.277798326227444 8.964057457223563 1
    endloop
  endfacet
  facet normal 0.6715589548470172 0.7409511253549602 0
    outer loop
      vertex 8.611849402170897 6.717785365292168 0
      vertex 8.510050506338834 6.8100505063388335 1
      vertex 8.611849402170897 6.717785365292168 1
    endloop
  endfacet
  facet normal 0.9700312531945423 0.24298017990327087 0
    outer loop
      vertex 8.160283529974908 7.393601451843753 0
      vertex 8.126900607435477 7.52687354917742 1
      vertex 8.160283529974908 7.393601451843753 1
    endloop
  endfacet
  facet normal 0.9891765099647816 0.14673047445535836 0
    outer loop
      vertex 8.126900607435477 7.52687354917742 0
      vertex 8.106741382658925 7.662776003538615 1
      vertex 8.126900607435477 7.52687354917742 1
    endloop
  endfacet
  facet normal 0.9039892931234483 0.42755509343027176 0
    outer loop
      vertex 8.265310229912302 7.140044568443603 0
      vertex 8.2065686544842 7.264243194688874 1
      vertex 8.265310229912302 7.140044568443603 1
    endloop
  endfacet
  facet normal 0.8577286100002693 0.5141027441932263 0
    outer loop
      vertex 8.335942542776436 7.022201673772557 0
      vertex 8.265310229912302 7.140044568443603 1
      vertex 8.335942542776436 7.022201673772557 1
    endloop
  endfacet
  facet normal 0.7409511253549573 0.6715589548470204 0
    outer loop
      vertex 8.510050506338834 6.8100505063388335 0
      vertex 8.417785365292168 6.911849402170896 1
      vertex 8.510050506338834 6.8100505063388335 1
    endloop
  endfacet
  facet normal 0.8032075314806447 0.5956993044924338 0
    outer loop
      vertex 8.417785365292168 6.911849402170896 0
      vertex 8.335942542776436 7.022201673772557 1
      vertex 8.417785365292168 6.911849402170896 1
    endloop
  endfacet
  facet normal 0.9415440651830209 0.33688985339221994 0
    outer loop
      vertex 8.2065686544842 7.264243194688874 0
      vertex 8.160283529974908 7.393601451843753 1
      vertex 8.2065686544842 7.264243194688874 1
    endloop
  endfacet
  facet normal 0.9987954562051722 0.0490676743274217 0
    outer loop
      vertex 8.106741382658925 7.662776003538615 0
      vertex 8.1 7.8 1
      vertex 8.106741382658925 7.662776003538615 1
    endloop
  endfacet
  facet normal 0.9987954562051722 -0.0490676743274217 0
    outer loop
      vertex 8.1 7.8 0
      vertex 8.106741382658925 7.937223996461385 1
      vertex 8.1 7.8 1
    endloop
  endfacet
  facet normal 0.9891765099647816 -0.14673047445535836 0
    outer loop
      vertex 8.106741382658925 7.937223996461385 0
      vertex 8.126900607435477 8.07312645082258 1
      vertex 8.106741382658925 7.937223996461385 1
    endloop
  endfacet
  facet normal 0.9700312531945425 -0.24298017990326928 0
    outer loop
      vertex 8.126900607435477 8.07312645082258 0
      vertex 8.160283529974908 8.206398548156248 1
      vertex 8.126900607435477 8.07312645082258 1
    endloop
  endfacet
  facet normal 0.9415440651830209 -0.33688985339221994 0
    outer loop
      vertex 8.160283529974908 8.206398548156248 0
      vertex 8.2065686544842 8.335756805311126 1
      vertex 8.160283529974908 8.206398548156248 1
    endloop
  endfacet
  facet normal 0.9039892931234469 -0.4275550934302742 0
    outer loop
      vertex 8.2065686544842 8.335756805311126 0
      vertex 8.265310229912302 8.459955431556397 1
      vertex 8.2065686544842 8.335756805311126 1
    endloop
  endfacet
  facet normal 0.5956993044924399 0.8032075314806401 0
    outer loop
      vertex 8.722201673772556 6.635942542776436 0
      vertex 8.611849402170897 6.717785365292168 1
      vertex 8.722201673772556 6.635942542776436 1
    endloop
  endfacet
  facet normal 0.5141027441932159 0.8577286100002757 0
    outer loop
      vertex 8.840044568443604 6.565310229912303 0
      vertex 8.722201673772556 6.635942542776436 1
      vertex 8.840044568443604 6.565310229912303 1
    endloop
  endfacet
  facet normal 0.4275550934302848 0.903989293123442 0
    outer loop
      vertex 8.964243194688875 6.506568654484198 0
      vertex 8.840044568443604 6.565310229912303 1
      vertex 8.964243194688875 6.506568654484198 1
    endloop
  endfacet
  facet normal 0.33688985339221994 0.9415440651830209 0
    outer loop
      vertex 9.093601451843753 6.460283529974907 0
      vertex 8.964243194688875 6.506568654484198 1
      vertex 9.093601451843753 6.460283529974907 1
    endloop
  endfacet
  facet normal 0.24298017990325715 0.9700312531945456 0
    outer loop
      vertex 9.226873549177421 6.426900607435478 0
      vertex 9.093601451843753 6.460283529974907 1
      vertex 9.226873549177421 6.426900607435478 1
    endloop
  endfacet
  facet normal 0.14673047445536563 0.9891765099647805 0
    outer loop
      vertex 9.362776003538615 6.406741382658924 0
      vertex 9.226873549177421 6.426900607435478 1
      vertex 9.362776003538615 6.406741382658924 1
    endloop
  endfacet
  facet normal 0.04906767432741525 0.9987954562051726 0
    outer loop
      vertex 9.5 6.4 0
      vertex 9.362776003538615 6.406741382658924 1
      vertex 9.5 6.4 1
    endloop
  endfacet
  facet normal -0.04906767432741525 0.9987954562051726 0
    outer loop
      vertex 9.637223996461385 6.406741382658924 0
      vertex 9.5 6.4 1
      vertex 9.637223996461385 6.406741382658924 1
    endloop
  endfacet
  facet normal -0.14673047445536563 0.9891765099647805 0
    outer loop
      vertex 9.773126450822579 6.426900607435478 0
      vertex 9.637223996461385 6.406741382658924 1
      vertex 9.773126450822579 6.426900607435478 1
    endloop
  endfacet
  facet normal -0.24298017990325715 0.9700312531945456 0
    outer loop
      vertex 9.906398548156247 6.460283529974907 0
      vertex 9.773126450822579 6.426900607435478 1
      vertex 9.906398548156247 6.460283529974907 1
    endloop
  endfacet
  facet normal -0.33688985339221994 0.9415440651830209 0
    outer loop
      vertex 10.035756805311125 6.506568654484198 0
      vertex 9.906398548156247 6.460283529974907 1
      vertex 10.035756805311125 6.506568654484198 1
    endloop
  endfacet
  facet normal -0.4275550934302848 0.903989293123442 0
    outer loop
      vertex 10.159955431556396 6.565310229912303 0
      vertex 10.035756805311125 6.506568654484198 1
      vertex 10.159955431556396 6.565310229912303 1
    endloop
  endfacet
  facet normal -0.5141027441932159 0.8577286100002757 3.272897859968167e-18
    outer loop
      vertex 10.159955431556396 6.565310229912303 1
      vertex 10.277798326227444 6.635942542776436 1
      vertex 10.277798326227444 6.635942542776436 0
    endloop
  endfacet
  facet normal 0.8577286100002693 -0.5141027441932263 0
    outer loop
      vertex 8.265310229912302 8.459955431556397 0
      vertex 8.335942542776436 8.577798326227443 1
      vertex 8.265310229912302 8.459955431556397 1
    endloop
  endfacet
  facet normal 0.8032075314806447 -0.5956993044924338 0
    outer loop
      vertex 8.335942542776436 8.577798326227443 0
      vertex 8.417785365292168 8.688150597829104 1
      vertex 8.335942542776436 8.577798326227443 1
    endloop
  endfacet
  facet normal 0.7409511253549602 -0.6715589548470172 0
    outer loop
      vertex 8.417785365292168 8.688150597829104 0
      vertex 8.510050506338834 8.789949493661167 1
      vertex 8.417785365292168 8.688150597829104 1
    endloop
  endfacet
  facet normal 0.6715589548470172 -0.7409511253549602 0
    outer loop
      vertex 8.510050506338834 8.789949493661167 0
      vertex 8.611849402170897 8.882214634707832 1
      vertex 8.510050506338834 8.789949493661167 1
    endloop
  endfacet
  facet normal 0.5956993044924316 -0.8032075314806462 0
    outer loop
      vertex 8.611849402170897 8.882214634707832 0
      vertex 8.722201673772556 8.964057457223563 1
      vertex 8.611849402170897 8.882214634707832 1
    endloop
  endfacet
  facet normal 0.5141027441932206 -0.8577286100002727 0
    outer loop
      vertex 8.722201673772556 8.964057457223563 0
      vertex 8.840044568443604 9.034689770087697 1
      vertex 8.722201673772556 8.964057457223563 1
    endloop
  endfacet
  facet normal 0.4275550934302848 -0.903989293123442 0
    outer loop
      vertex 8.840044568443604 9.034689770087697 0
      vertex 8.964243194688875 9.093431345515802 1
      vertex 8.840044568443604 9.034689770087697 1
    endloop
  endfacet
  facet normal 0.33688985339221994 -0.9415440651830209 0
    outer loop
      vertex 8.964243194688875 9.093431345515802 0
      vertex 9.093601451843753 9.139716470025093 1
      vertex 8.964243194688875 9.093431345515802 1
    endloop
  endfacet
  facet normal 0.24298017990325715 -0.9700312531945456 0
    outer loop
      vertex 9.093601451843753 9.139716470025093 0
      vertex 9.226873549177421 9.173099392564522 1
      vertex 9.093601451843753 9.139716470025093 1
    endloop
  endfacet
  facet normal 0.14673047445537193 -0.9891765099647795 0
    outer loop
      vertex 9.226873549177421 9.173099392564522 0
      vertex 9.362776003538615 9.193258617341076 1
      vertex 9.226873549177421 9.173099392564522 1
    endloop
  endfacet
  facet normal 0.0490676743274088 -0.9987954562051728 0
    outer loop
      vertex 9.362776003538615 9.193258617341076 0
      vertex 9.5 9.2 1
      vertex 9.362776003538615 9.193258617341076 1
    endloop
  endfacet
  facet normal -0.0490676743274088 -0.9987954562051728 0
    outer loop
      vertex 9.5 9.2 0
      vertex 9.637223996461385 9.193258617341076 1
      vertex 9.5 9.2 1
    endloop
  endfacet
  facet normal -0.14673047445537193 -0.9891765099647795 0
    outer loop
      vertex 9.637223996461385 9.193258617341076 0
      vertex 9.773126450822579 9.173099392564522 1
      vertex 9.637223996461385 9.193258617341076 1
    endloop
  endfacet
  facet normal -0.24298017990325715 -0.9700312531945456 0
    outer loop
      vertex 9.773126450822579 9.173099392564522 0
      vertex 9.906398548156247 9.139716470025093 1
      vertex 9.773126450822579 9.173099392564522 1
    endloop
  endfacet
  facet normal -0.33688985339221994 -0.9415440651830209 0
    outer loop
      vertex 9.906398548156247 9.139716470025093 0
      vertex 10.035756805311125 9.093431345515802 1
      vertex 9.906398548156247 9.139716470025093 1
    endloop
  endfacet
  facet normal -0.5141027441932206 -0.8577286100002727 0
    outer loop
      vertex 10.159955431556396 9.034689770087697 0
      vertex 10.277798326227444 8.964057457223563 1
      vertex 10.159955431556396 9.034689770087697 1
    endloop
  endfacet
  facet normal -0.4275550934302848 -0.903989293123442 0
    outer loop
      vertex 10.035756805311125 9.093431345515802 0
      vertex 10.159955431556396 9.034689770087697 1
      vertex 10.035756805311125 9.093431345515802 1
    endloop
  endfacet
  facet normal 0 0 1
    outer loop
      vertex 8.160283529974908 7.393601451843753 1
      vertex 8.126900607435477 7.52687354917742 1
      vertex 0 12.86363636363636 1
    endloop
  endfacet
  facet normal 0 0 1
    outer loop
      vertex 8.160283529974908 7.393601451843753 1
      vertex 0 12.86363636363636 1
      vertex 8.2065686544842 7.264243194688874 1
    endloop
  endfacet
  facet normal 0 0 1
    outer loop
      vertex 8.335942542776436 7.022201673772557 1
      vertex 0 12.86363636363636 1
      vertex 8.417785365292168 6.911849402170896 1
    endloop
  endfacet
  facet normal 0 0 1
    outer loop
      vertex 8.265310229912302 7.140044568443603 1
      vertex 0 12.86363636363636 1
      vertex 8.335942542776436 7.022201673772557 1
    endloop
  endfacet
  facet normal 0 0 1
    outer loop
      vertex 8.417785365292168 6.911849402170896 1
      vertex 0 12.86363636363636 1
      vertex 8.510050506338834 6.8100505063388335 1
    endloop
  endfacet
  facet normal 0 0 1
    outer loop
      vertex 8.265310229912302 7.140044568443603 1
      vertex 8.2065686544842 7.264243194688874 1
      vertex 0 12.86363636363636 1
    endloop
  endfacet
  facet normal 0 0 1
    outer loop
      vertex 8.611849402170897 6.717785365292168 1
      vertex 0 12.86363636363636 1
      vertex 8.722201673772556 6.635942542776436 1
    endloop
  endfacet
  facet normal 0 0 1
    outer loop
      vertex 8.510050506338834 6.8100505063388335 1
      vertex 0 12.86363636363636 1
      vertex 8.611849402170897 6.717785365292168 1
    endloop
  endfacet
  facet normal 0 0 1
    outer loop
      vertex 8.126900607435477 7.52687354917742 1
      vertex 8.106741382658925 7.662776003538615 1
      vertex 0 12.86363636363636 1
    endloop
  endfacet
  facet normal 0 0 1
    outer loop
      vertex 8.106741382658925 7.662776003538615 1
      vertex 8.1 7.8 1
      vertex 0 12.86363636363636 1
    endloop
  endfacet
  facet normal 0 0 1
    outer loop
      vertex 8.1 7.8 1
      vertex 8.106741382658925 7.937223996461385 1
      vertex 0 12.86363636363636 1
    endloop
  endfacet
  facet normal 0 0 1
    outer loop
      vertex 8.106741382658925 7.937223996461385 1
      vertex 8.126900607435477 8.07312645082258 1
      vertex 0 12.86363636363636 1
    endloop
  endfacet
  facet normal 0 0 1
    outer loop
      vertex 8.126900607435477 8.07312645082258 1
      vertex 8.160283529974908 8.206398548156248 1
      vertex 0 12.86363636363636 1
    endloop
  endfacet
  facet normal 0 0 1
    outer loop
      vertex 8.160283529974908 8.206398548156248 1
      vertex 8.2065686544842 8.335756805311126 1
      vertex 0 12.86363636363636 1
    endloop
  endfacet
  facet normal 0 0 1
    outer loop
      vertex 8.2065686544842 8.335756805311126 1
      vertex 8.265310229912302 8.459955431556397 1
      vertex 0 12.86363636363636 1
    endloop
  endfacet
  facet normal 0 0 1
    outer loop
      vertex 8.265310229912302 8.459955431556397 1
      vertex 8.335942542776436 8.577798326227443 1
      vertex 0 12.86363636363636 1
    endloop
  endfacet
  facet normal 0 0 1
    outer loop
      vertex 8.335942542776436 8.577798326227443 1
      vertex 8.417785365292168 8.688150597829104 1
      vertex 0 17.86363636363636 1
    endloop
  endfacet
  facet normal 0 0 1
    outer loop
      vertex 9.226873549177421 9.173099392564522 1
      vertex 9.5 12 1
      vertex 7.5 12 1
    endloop
  endfacet
  facet normal 0 0 -1
    outer loop
      vertex -3 12.86363636363636 0
      vertex 0 17.86363636363636 0
      vertex 0 12.86363636363636 0
    endloop
  endfacet
  facet normal 0 -1 0
    outer loop
      vertex -3 12.86363636363636 0
      vertex 0 12.86363636363636 0
      vertex 0 12.86363636363636 1
    endloop
  endfacet
  facet normal 0 0 -1
    outer loop
      vertex -3 12.86363636363636 0
      vertex -3 17.86363636363636 0
      vertex 0 17.86363636363636 0
    endloop
  endfacet
  facet normal -1 0 0
    outer loop
      vertex -3 12.86363636363636 0
      vertex -3 17.86363636363636 1
      vertex -3 17.86363636363636 0
    endloop
  endfacet
  facet normal 0 1 0
    outer loop
      vertex -3 17.86363636363636 0
      vertex -3 17.86363636363636 1
      vertex 0 17.86363636363636 0
    endloop
  endfacet
  facet normal 0 0 -1
    outer loop
      vertex 0 12.86363636363636 0
      vertex 0 17.86363636363636 0
      vertex 7.5 12 0
    endloop
  endfacet
  facet normal 0 -1 0
    outer loop
      vertex -3 12.86363636363636 0
      vertex 0 12.86363636363636 1
      vertex -3 12.86363636363636 1
    endloop
  endfacet
  facet normal -1 0 0
    outer loop
      vertex -3 12.86363636363636 0
      vertex -3 12.86363636363636 1
      vertex -3 17.86363636363636 1
    endloop
  endfacet
  facet normal 0 1 0
    outer loop
      vertex 0 17.86363636363636 0
      vertex -3 17.86363636363636 1
      vertex 0 17.86363636363636 1
    endloop
  endfacet
  facet normal 0 1 0
    outer loop
      vertex 7.5 12 0
      vertex 7.5 12 1
      vertex 9.5 12 0
    endloop
  endfacet
  facet normal 0 1 0
    outer loop
      vertex 9.5 12 0
      vertex 7.5 12 1
      vertex 9.5 12 1
    endloop
  endfacet
  facet normal 0 0 -1
    outer loop
      vertex 0 17.86363636363636 0
      vertex 7.5 39.5 0
      vertex 7.5 12 0
    endloop
  endfacet
  facet normal 1 0 0
    outer loop
      vertex 7.5 12 0
      vertex 7.5 39.5 0
      vertex 7.5 12 1
    endloop
  endfacet
  facet normal 0 0 1
    outer loop
      vertex -3 12.86363636363636 1
      vertex 0 12.86363636363636 1
      vertex -3 17.86363636363636 1
    endloop
  endfacet
  facet normal 0 0 1
    outer loop
      vertex 0 12.86363636363636 1
      vertex 0 17.86363636363636 1
      vertex -3 17.86363636363636 1
    endloop
  endfacet
  facet normal 0 0 1
    outer loop
      vertex 8.335942542776436 8.577798326227443 1
      vertex 0 17.86363636363636 1
      vertex 0 12.86363636363636 1
    endloop
  endfacet
  facet normal 0 0 1
    outer loop
      vertex 8.417785365292168 8.688150597829104 1
      vertex 8.510050506338834 8.789949493661167 1
      vertex 0 17.86363636363636 1
    endloop
  endfacet
  facet normal 0 0 1
    outer loop
      vertex 8.510050506338834 8.789949493661167 1
      vertex 8.611849402170897 8.882214634707832 1
      vertex 0 17.86363636363636 1
    endloop
  endfacet
  facet normal 0 0 1
    outer loop
      vertex 8.611849402170897 8.882214634707832 1
      vertex 8.722201673772556 8.964057457223563 1
      vertex 0 17.86363636363636 1
    endloop
  endfacet
  facet normal 0 0 1
    outer loop
      vertex 8.722201673772556 8.964057457223563 1
      vertex 8.840044568443604 9.034689770087697 1
      vertex 0 17.86363636363636 1
    endloop
  endfacet
  facet normal 0 0 1
    outer loop
      vertex 8.840044568443604 9.034689770087697 1
      vertex 8.964243194688875 9.093431345515802 1
      vertex 0 17.86363636363636 1
    endloop
  endfacet
  facet normal 0 0 1
    outer loop
      vertex 8.964243194688875 9.093431345515802 1
      vertex 9.093601451843753 9.139716470025093 1
      vertex 0 17.86363636363636 1
    endloop
  endfacet
  facet normal 0 0 1
    outer loop
      vertex 9.093601451843753 9.139716470025093 1
      vertex 9.226873549177421 9.173099392564522 1
      vertex 0 17.86363636363636 1
    endloop
  endfacet
  facet normal 0 0 1
    outer loop
      vertex 9.226873549177421 9.173099392564522 1
      vertex 7.5 12 1
      vertex 0 17.86363636363636 1
    endloop
  endfacet
  facet normal 0 0 -1
    outer loop
      vertex 0 -25 0
      vertex 14.5 12 0
      vertex 17.5 12 0
    endloop
  endfacet
  facet normal 0 0 -1
    outer loop
      vertex 0 -25 0
      vertex 17.5 12 0
      vertex 19.5 12 0
    endloop
  endfacet
  facet normal 0 0 -1
    outer loop
      vertex 0 -25 0
      vertex 19.5 12 0
      vertex 22.5 12 0
    endloop
  endfacet
  facet normal 0 0 -1
    outer loop
      vertex 0 -25 0
      vertex 22.5 12 0
      vertex 24.5 12 0
    endloop
  endfacet
  facet normal -0.5956993044924399 0.8032075314806401 0
    outer loop
      vertex 10.277798326227444 6.635942542776436 0
      vertex 10.277798326227444 6.635942542776436 1
      vertex 10.388150597829103 6.717785365292168 0
    endloop
  endfacet
  facet normal -0.6715589548470172 0.7409511253549602 0
    outer loop
      vertex 10.388150597829103 6.717785365292168 0
      vertex 10.388150597829103 6.717785365292168 1
      vertex 10.489949493661166 6.8100505063388335 0
    endloop
  endfacet
  facet normal -0.7409511253549573 0.6715589548470204 0
    outer loop
      vertex 10.489949493661166 6.8100505063388335 0
      vertex 10.489949493661166 6.8100505063388335 1
      vertex 10.582214634707832 6.911849402170896 0
    endloop
  endfacet
  facet normal -0.8032075314806447 0.5956993044924338 0
    outer loop
      vertex 10.582214634707832 6.911849402170896 0
      vertex 10.582214634707832 6.911849402170896 1
      vertex 10.664057457223564 7.022201673772557 0
    endloop
  endfacet
  facet normal -0.8577286100002693 0.5141027441932263 0
    outer loop
      vertex 10.664057457223564 7.022201673772557 0
      vertex 10.664057457223564 7.022201673772557 1
      vertex 10.734689770087698 7.140044568443603 0
    endloop
  endfacet
  facet normal -0.9039892931234483 0.42755509343027176 0
    outer loop
      vertex 10.734689770087698 7.140044568443603 0
      vertex 10.734689770087698 7.140044568443603 1
      vertex 10.7934313455158 7.264243194688874 0
    endloop
  endfacet
  facet normal -0.9415440651830209 0.33688985339221994 0
    outer loop
      vertex 10.7934313455158 7.264243194688874 0
      vertex 10.7934313455158 7.264243194688874 1
      vertex 10.839716470025092 7.393601451843753 0
    endloop
  endfacet
  facet normal -0.9700312531945423 0.24298017990327087 0
    outer loop
      vertex 10.839716470025092 7.393601451843753 0
      vertex 10.839716470025092 7.393601451843753 1
      vertex 10.873099392564523 7.52687354917742 0
    endloop
  endfacet
  facet normal -0.9891765099647816 0.14673047445535836 0
    outer loop
      vertex 10.873099392564523 7.52687354917742 0
      vertex 10.873099392564523 7.52687354917742 1
      vertex 10.893258617341075 7.662776003538615 0
    endloop
  endfacet
  facet normal -0.9987954562051722 0.0490676743274217 0
    outer loop
      vertex 10.893258617341075 7.662776003538615 0
      vertex 10.893258617341075 7.662776003538615 1
      vertex 10.9 7.8 0
    endloop
  endfacet
  facet normal -0.9987954562051722 -0.0490676743274217 0
    outer loop
      vertex 10.9 7.8 0
      vertex 10.9 7.8 1
      vertex 10.893258617341075 7.937223996461385 0
    endloop
  endfacet
  facet normal -0.9891765099647816 -0.14673047445535836 0
    outer loop
      vertex 10.893258617341075 7.937223996461385 0
      vertex 10.893258617341075 7.937223996461385 1
      vertex 10.873099392564523 8.07312645082258 0
    endloop
  endfacet
  facet normal -0.9700312531945425 -0.24298017990326928 1.2316913138399812e-19
    outer loop
      vertex 10.839716470025092 8.206398548156248 0
      vertex 10.873099392564523 8.07312645082258 0
      vertex 10.873099392564523 8.07312645082258 1
    endloop
  endfacet
  facet normal -0.9415440651830209 -0.33688985339221994 0
    outer loop
      vertex 10.839716470025092 8.206398548156248 0
      vertex 10.839716470025092 8.206398548156248 1
      vertex 10.7934313455158 8.335756805311126 0
    endloop
  endfacet
  facet normal -0.9039892931234469 -0.4275550934302742 0
    outer loop
      vertex 10.7934313455158 8.335756805311126 0
      vertex 10.7934313455158 8.335756805311126 1
      vertex 10.734689770087698 8.459955431556397 0
    endloop
  endfacet
  facet normal 0 0 -1
    outer loop
      vertex 9.906398548156247 9.139716470025093 0
      vertex 12.5 12 0
      vertex 10.035756805311125 9.093431345515802 0
    endloop
  endfacet
  facet normal 0 0 -1
    outer loop
      vertex 10.035756805311125 9.093431345515802 0
      vertex 12.5 12 0
      vertex 10.159955431556396 9.034689770087697 0
    endloop
  endfacet
  facet normal 0 0 -1
    outer loop
      vertex 10.277798326227444 8.964057457223563 0
      vertex 12.5 12 0
      vertex 10.388150597829103 8.882214634707832 0
    endloop
  endfacet
  facet normal 0 0 -1
    outer loop
      vertex 10.159955431556396 9.034689770087697 0
      vertex 12.5 12 0
      vertex 10.277798326227444 8.964057457223563 0
    endloop
  endfacet
  facet normal 0 0 -1
    outer loop
      vertex 10.664057457223564 8.577798326227443 0
      vertex 10.582214634707832 8.688150597829104 0
      vertex 12.5 12 0
    endloop
  endfacet
  facet normal 0 0 -1
    outer loop
      vertex 10.489949493661166 8.789949493661167 0
      vertex 12.5 12 0
      vertex 10.582214634707832 8.688150597829104 0
    endloop
  endfacet
  facet normal 0 0 -1
    outer loop
      vertex 10.489949493661166 8.789949493661167 0
      vertex 10.388150597829103 8.882214634707832 0
      vertex 12.5 12 0
    endloop
  endfacet
  facet normal 0 0 -1
    outer loop
      vertex 9.637223996461385 9.193258617341076 0
      vertex 12.5 12 0
      vertex 9.773126450822579 9.173099392564522 0
    endloop
  endfacet
  facet normal 0 0 -1
    outer loop
      vertex 9.773126450822579 9.173099392564522 0
      vertex 12.5 12 0
      vertex 9.906398548156247 9.139716470025093 0
    endloop
  endfacet
  facet normal 0 0 -1
    outer loop
      vertex 9.637223996461385 9.193258617341076 0
      vertex 9.5 12 0
      vertex 12.5 12 0
    endloop
  endfacet
  facet normal 0 0 -1
    outer loop
      vertex 10.839716470025092 7.393601451843753 0
      vertex 10.873099392564523 7.52687354917742 0
      vertex 14.5 12 0
    endloop
  endfacet
  facet normal 0 0 -1
    outer loop
      vertex 10.893258617341075 7.662776003538615 0
      vertex 10.9 7.8 0
      vertex 14.5 12 0
    endloop
  endfacet
  facet normal 0 0 -1
    outer loop
      vertex 10.873099392564523 7.52687354917742 0
      vertex 10.893258617341075 7.662776003538615 0
      vertex 14.5 12 0
    endloop
  endfacet
  facet normal 0 0 -1
    outer loop
      vertex 10.9 7.8 0
      vertex 10.893258617341075 7.937223996461385 0
      vertex 14.5 12 0
    endloop
  endfacet
  facet normal 0 0 -1
    outer loop
      vertex 10.893258617341075 7.937223996461385 0
      vertex 10.873099392564523 8.07312645082258 0
      vertex 14.5 12 0
    endloop
  endfacet
  facet normal 0 0 -1
    outer loop
      vertex 10.839716470025092 8.206398548156248 0
      vertex 14.5 12 0
      vertex 10.873099392564523 8.07312645082258 0
    endloop
  endfacet
  facet normal 0 0 -1
    outer loop
      vertex 10.664057457223564 8.577798326227443 0
      vertex 14.5 12 0
      vertex 10.734689770087698 8.459955431556397 0
    endloop
  endfacet
  facet normal 0 0 -1
    outer loop
      vertex 10.7934313455158 8.335756805311126 0
      vertex 10.734689770087698 8.459955431556397 0
      vertex 14.5 12 0
    endloop
  endfacet
  facet normal 0 0 -1
    outer loop
      vertex 10.839716470025092 8.206398548156248 0
      vertex 10.7934313455158 8.335756805311126 0
      vertex 14.5 12 0
    endloop
  endfacet
  facet normal 0 0 -1
    outer loop
      vertex 10.664057457223564 8.577798326227443 0
      vertex 12.5 12 0
      vertex 14.5 12 0
    endloop
  endfacet
  facet normal -0.6715589548470172 -0.7409511253549602 0
    outer loop
      vertex 10.489949493661166 8.789949493661167 0
      vertex 10.489949493661166 8.789949493661167 1
      vertex 10.388150597829103 8.882214634707832 0
    endloop
  endfacet
  facet normal -0.8032075314806447 -0.5956993044924338 0
    outer loop
      vertex 10.664057457223564 8.577798326227443 0
      vertex 10.664057457223564 8.577798326227443 1
      vertex 10.582214634707832 8.688150597829104 0
    endloop
  endfacet
  facet normal -0.7409511253549602 -0.6715589548470172 1.9645021907244495e-18
    outer loop
      vertex 10.489949493661166 8.789949493661167 0
      vertex 10.582214634707832 8.688150597829104 0
      vertex 10.582214634707832 8.688150597829104 1
    endloop
  endfacet
  facet normal -0.5956993044924316 -0.8032075314806462 3.855999607456551e-18
    outer loop
      vertex 10.277798326227444 8.964057457223563 0
      vertex 10.388150597829103 8.882214634707832 0
      vertex 10.388150597829103 8.882214634707832 1
    endloop
  endfacet
  facet normal -0.8577286100002693 -0.5141027441932263 -3.3748389536418414e-18
    outer loop
      vertex 10.664057457223564 8.577798326227443 0
      vertex 10.734689770087698 8.459955431556397 0
      vertex 10.734689770087698 8.459955431556397 1
    endloop
  endfacet
  facet normal -0.5956993044924399 0.8032075314806401 0
    outer loop
      vertex 10.388150597829103 6.717785365292168 0
      vertex 10.277798326227444 6.635942542776436 1
      vertex 10.388150597829103 6.717785365292168 1
    endloop
  endfacet
  facet normal -0.6715589548470172 0.7409511253549602 0
    outer loop
      vertex 10.489949493661166 6.8100505063388335 0
      vertex 10.388150597829103 6.717785365292168 1
      vertex 10.489949493661166 6.8100505063388335 1
    endloop
  endfacet
  facet normal -0.7409511253549573 0.6715589548470204 0
    outer loop
      vertex 10.582214634707832 6.911849402170896 0
      vertex 10.489949493661166 6.8100505063388335 1
      vertex 10.582214634707832 6.911849402170896 1
    endloop
  endfacet
  facet normal -0.8032075314806447 0.5956993044924338 0
    outer loop
      vertex 10.664057457223564 7.022201673772557 0
      vertex 10.582214634707832 6.911849402170896 1
      vertex 10.664057457223564 7.022201673772557 1
    endloop
  endfacet
  facet normal -0.8577286100002693 0.5141027441932263 0
    outer loop
      vertex 10.734689770087698 7.140044568443603 0
      vertex 10.664057457223564 7.022201673772557 1
      vertex 10.734689770087698 7.140044568443603 1
    endloop
  endfacet
  facet normal -0.9039892931234483 0.42755509343027176 0
    outer loop
      vertex 10.7934313455158 7.264243194688874 0
      vertex 10.734689770087698 7.140044568443603 1
      vertex 10.7934313455158 7.264243194688874 1
    endloop
  endfacet
  facet normal -0.9415440651830209 0.33688985339221994 0
    outer loop
      vertex 10.839716470025092 7.393601451843753 0
      vertex 10.7934313455158 7.264243194688874 1
      vertex 10.839716470025092 7.393601451843753 1
    endloop
  endfacet
  facet normal -0.9700312531945423 0.24298017990327087 0
    outer loop
      vertex 10.873099392564523 7.52687354917742 0
      vertex 10.839716470025092 7.393601451843753 1
      vertex 10.873099392564523 7.52687354917742 1
    endloop
  endfacet
  facet normal -0.9891765099647816 0.14673047445535836 0
    outer loop
      vertex 10.893258617341075 7.662776003538615 0
      vertex 10.873099392564523 7.52687354917742 1
      vertex 10.893258617341075 7.662776003538615 1
    endloop
  endfacet
  facet normal -0.9987954562051722 0.0490676743274217 0
    outer loop
      vertex 10.9 7.8 0
      vertex 10.893258617341075 7.662776003538615 1
      vertex 10.9 7.8 1
    endloop
  endfacet
  facet normal -0.9987954562051722 -0.0490676743274217 0
    outer loop
      vertex 10.893258617341075 7.937223996461385 0
      vertex 10.9 7.8 1
      vertex 10.893258617341075 7.937223996461385 1
    endloop
  endfacet
  facet normal -0.9700312531945425 -0.24298017990326928 0
    outer loop
      vertex 10.839716470025092 8.206398548156248 0
      vertex 10.873099392564523 8.07312645082258 1
      vertex 10.839716470025092 8.206398548156248 1
    endloop
  endfacet
  facet normal -0.9039892931234469 -0.4275550934302742 0
    outer loop
      vertex 10.734689770087698 8.459955431556397 0
      vertex 10.7934313455158 8.335756805311126 1
      vertex 10.734689770087698 8.459955431556397 1
    endloop
  endfacet
  facet normal -0.9415440651830209 -0.33688985339221994 0
    outer loop
      vertex 10.7934313455158 8.335756805311126 0
      vertex 10.839716470025092 8.206398548156248 1
      vertex 10.7934313455158 8.335756805311126 1
    endloop
  endfacet
  facet normal -0.9891765099647816 -0.14673047445535836 0
    outer loop
      vertex 10.873099392564523 8.07312645082258 0
      vertex 10.893258617341075 7.937223996461385 1
      vertex 10.873099392564523 8.07312645082258 1
    endloop
  endfacet
  facet normal -0.6715589548470172 -0.7409511253549602 0
    outer loop
      vertex 10.388150597829103 8.882214634707832 0
      vertex 10.489949493661166 8.789949493661167 1
      vertex 10.388150597829103 8.882214634707832 1
    endloop
  endfacet
  facet normal -0.7409511253549602 -0.6715589548470172 0
    outer loop
      vertex 10.489949493661166 8.789949493661167 0
      vertex 10.582214634707832 8.688150597829104 1
      vertex 10.489949493661166 8.789949493661167 1
    endloop
  endfacet
  facet normal -0.8032075314806447 -0.5956993044924338 0
    outer loop
      vertex 10.582214634707832 8.688150597829104 0
      vertex 10.664057457223564 8.577798326227443 1
      vertex 10.582214634707832 8.688150597829104 1
    endloop
  endfacet
  facet normal -0.5956993044924316 -0.8032075314806462 0
    outer loop
      vertex 10.277798326227444 8.964057457223563 0
      vertex 10.388150597829103 8.882214634707832 1
      vertex 10.277798326227444 8.964057457223563 1
    endloop
  endfacet
  facet normal -0.8577286100002693 -0.5141027441932263 0
    outer loop
      vertex 10.664057457223564 8.577798326227443 0
      vertex 10.734689770087698 8.459955431556397 1
      vertex 10.664057457223564 8.577798326227443 1
    endloop
  endfacet
  facet normal 0 0 -1
    outer loop
      vertex 0 -25 0
      vertex 24.5 12 0
      vertex 27.5 12 0
    endloop
  endfacet
  facet normal 0 0 -1
    outer loop
      vertex 0 -25 0
      vertex 27.5 12 0
      vertex 29.5 12 0
    endloop
  endfacet
  facet normal 0 0 -1
    outer loop
      vertex 0 -25 0
      vertex 29.5 12 0
      vertex 32.5 12 0
    endloop
  endfacet
  facet normal 0 0 -1
    outer loop
      vertex 0 -25 0
      vertex 32.5 12 0
      vertex 34.5 12 0
    endloop
  endfacet
  facet normal 0 0 1
    outer loop
      vertex 9.906398548156247 9.139716470025093 1
      vertex 10.035756805311125 9.093431345515802 1
      vertex 12.5 12 1
    endloop
  endfacet
  facet normal 0 0 1
    outer loop
      vertex 10.035756805311125 9.093431345515802 1
      vertex 10.159955431556396 9.034689770087697 1
      vertex 12.5 12 1
    endloop
  endfacet
  facet normal 0 0 1
    outer loop
      vertex 10.277798326227444 8.964057457223563 1
      vertex 10.388150597829103 8.882214634707832 1
      vertex 12.5 12 1
    endloop
  endfacet
  facet normal 0 0 1
    outer loop
      vertex 10.159955431556396 9.034689770087697 1
      vertex 10.277798326227444 8.964057457223563 1
      vertex 12.5 12 1
    endloop
  endfacet
  facet normal 0 0 1
    outer loop
      vertex 10.893258617341075 7.662776003538615 1
      vertex 12.5 12 1
      vertex 10.9 7.8 1
    endloop
  endfacet
  facet normal 0 0 1
    outer loop
      vertex 10.9 7.8 1
      vertex 12.5 12 1
      vertex 10.893258617341075 7.937223996461385 1
    endloop
  endfacet
  facet normal 0 0 1
    outer loop
      vertex 10.893258617341075 7.937223996461385 1
      vertex 12.5 12 1
      vertex 10.873099392564523 8.07312645082258 1
    endloop
  endfacet
  facet normal 0 0 1
    outer loop
      vertex 10.839716470025092 8.206398548156248 1
      vertex 10.873099392564523 8.07312645082258 1
      vertex 12.5 12 1
    endloop
  endfacet
  facet normal 0 0 1
    outer loop
      vertex 10.839716470025092 8.206398548156248 1
      vertex 12.5 12 1
      vertex 10.7934313455158 8.335756805311126 1
    endloop
  endfacet
  facet normal 0 0 1
    outer loop
      vertex 10.7934313455158 8.335756805311126 1
      vertex 12.5 12 1
      vertex 10.734689770087698 8.459955431556397 1
    endloop
  endfacet
  facet normal 0 0 1
    outer loop
      vertex 10.664057457223564 8.577798326227443 1
      vertex 10.734689770087698 8.459955431556397 1
      vertex 12.5 12 1
    endloop
  endfacet
  facet normal 0 0 1
    outer loop
      vertex 10.664057457223564 8.577798326227443 1
      vertex 12.5 12 1
      vertex 10.582214634707832 8.688150597829104 1
    endloop
  endfacet
  facet normal 0 0 1
    outer loop
      vertex 10.489949493661166 8.789949493661167 1
      vertex 10.582214634707832 8.688150597829104 1
      vertex 12.5 12 1
    endloop
  endfacet
  facet normal 0 0 1
    outer loop
      vertex 10.489949493661166 8.789949493661167 1
      vertex 12.5 12 1
      vertex 10.388150597829103 8.882214634707832 1
    endloop
  endfacet
  facet normal 0 0 1
    outer loop
      vertex 9.362776003538615 9.193258617341076 1
      vertex 9.5 9.2 1
      vertex 12.5 12 1
    endloop
  endfacet
  facet normal 0 0 1
    outer loop
      vertex 9.226873549177421 9.173099392564522 1
      vertex 9.362776003538615 9.193258617341076 1
      vertex 12.5 12 1
    endloop
  endfacet
  facet normal 0 0 1
    outer loop
      vertex 9.5 9.2 1
      vertex 9.637223996461385 9.193258617341076 1
      vertex 12.5 12 1
    endloop
  endfacet
  facet normal 0 0 1
    outer loop
      vertex 9.637223996461385 9.193258617341076 1
      vertex 9.773126450822579 9.173099392564522 1
      vertex 12.5 12 1
    endloop
  endfacet
  facet normal 0 0 1
    outer loop
      vertex 9.773126450822579 9.173099392564522 1
      vertex 9.906398548156247 9.139716470025093 1
      vertex 12.5 12 1
    endloop
  endfacet
  facet normal 0 0 1
    outer loop
      vertex 9.226873549177421 9.173099392564522 1
      vertex 12.5 12 1
      vertex 9.5 12 1
    endloop
  endfacet
  facet normal 0 0 1
    outer loop
      vertex 10.893258617341075 7.662776003538615 1
      vertex 14.5 12 1
      vertex 12.5 12 1
    endloop
  endfacet
  facet normal 0 1 0
    outer loop
      vertex 12.5 12 0
      vertex 12.5 12 1
      vertex 14.5 12 0
    endloop
  endfacet
  facet normal 0 1 0
    outer loop
      vertex 14.5 12 0
      vertex 12.5 12 1
      vertex 14.5 12 1
    endloop
  endfacet
  facet normal 0 1 0
    outer loop
      vertex 17.5 12 0
      vertex 17.5 12 1
      vertex 19.5 12 0
    endloop
  endfacet
  facet normal 0 1 0
    outer loop
      vertex 22.5 12 0
      vertex 22.5 12 1
      vertex 24.5 12 0
    endloop
  endfacet
  facet normal 0 1 0
    outer loop
      vertex 19.5 12 0
      vertex 17.5 12 1
      vertex 19.5 12 1
    endloop
  endfacet
  facet normal 0 -1 0
    outer loop
      vertex 0 -25 1
      vertex 37.86363636363636 -25 0
      vertex 37.86363636363636 -25 1
    endloop
  endfacet
  facet normal 0 0 -1
    outer loop
      vertex 0 -25 0
      vertex 60 0 0
      vertex 37.86363636363636 -25 0
    endloop
  endfacet
  facet normal 0 0 -1
    outer loop
      vertex 0 -25 0
      vertex 36.410050506338834 6.8100505063388335 0
      vertex 36.511849402170895 6.717785365292168 0
    endloop
  endfacet
  facet normal 0 0 -1
    outer loop
      vertex 0 -25 0
      vertex 36.235942542776435 7.022201673772557 0
      vertex 36.31778536529217 6.911849402170896 0
    endloop
  endfacet
  facet normal 0 0 -1
    outer loop
      vertex 0 -25 0
      vertex 36.1653102299123 7.140044568443603 0
      vertex 36.235942542776435 7.022201673772557 0
    endloop
  endfacet
  facet normal 0 0 -1
    outer loop
      vertex 0 -25 0
      vertex 36.31778536529217 6.911849402170896 0
      vertex 36.410050506338834 6.8100505063388335 0
    endloop
  endfacet
  facet normal 0 0 -1
    outer loop
      vertex 0 -25 0
      vertex 36.10656865448419 7.264243194688874 0
      vertex 36.1653102299123 7.140044568443603 0
    endloop
  endfacet
  facet normal 0 0 -1
    outer loop
      vertex 0 -25 0
      vertex 36.06028352997491 7.393601451843753 0
      vertex 36.10656865448419 7.264243194688874 0
    endloop
  endfacet
  facet normal 0 0 -1
    outer loop
      vertex 0 -25 0
      vertex 36.00674138265892 7.662776003538615 0
      vertex 36.02690060743548 7.52687354917742 0
    endloop
  endfacet
  facet normal 0 0 -1
    outer loop
      vertex 0 -25 0
      vertex 36 7.8 0
      vertex 36.00674138265892 7.662776003538615 0
    endloop
  endfacet
  facet normal 0 0 -1
    outer loop
      vertex 0 -25 0
      vertex 36.02690060743548 7.52687354917742 0
      vertex 36.06028352997491 7.393601451843753 0
    endloop
  endfacet
  facet normal 0 0 -1
    outer loop
      vertex 0 -25 0
      vertex 36.86424319468887 6.506568654484198 0
      vertex 36.99360145184375 6.460283529974907 0
    endloop
  endfacet
  facet normal 0 0 -1
    outer loop
      vertex 0 -25 0
      vertex 36.99360145184375 6.460283529974907 0
      vertex 37.12687354917742 6.426900607435478 0
    endloop
  endfacet
  facet normal 0 0 -1
    outer loop
      vertex 0 -25 0
      vertex 37.12687354917742 6.426900607435478 0
      vertex 37.26277600353862 6.406741382658924 0
    endloop
  endfacet
  facet normal 0 0 -1
    outer loop
      vertex 0 -25 0
      vertex 37.26277600353862 6.406741382658924 0
      vertex 37.4 6.4 0
    endloop
  endfacet
  facet normal 0 0 -1
    outer loop
      vertex 0 -25 0
      vertex 37.4 6.4 0
      vertex 37.53722399646138 6.406741382658924 0
    endloop
  endfacet
  facet normal 0 0 -1
    outer loop
      vertex 0 -25 0
      vertex 37.53722399646138 6.406741382658924 0
      vertex 37.67312645082258 6.426900607435478 0
    endloop
  endfacet
  facet normal 0 0 -1
    outer loop
      vertex 0 -25 0
      vertex 36.511849402170895 6.717785365292168 0
      vertex 36.62220167377255 6.635942542776436 0
    endloop
  endfacet
  facet normal 0 0 -1
    outer loop
      vertex 0 -25 0
      vertex 36.62220167377255 6.635942542776436 0
      vertex 36.7400445684436 6.565310229912303 0
    endloop
  endfacet
  facet normal 0 0 -1
    outer loop
      vertex 0 -25 0
      vertex 36.7400445684436 6.565310229912303 0
      vertex 36.86424319468887 6.506568654484198 0
    endloop
  endfacet
  facet normal 0 0 -1
    outer loop
      vertex 0 -25 0
      vertex 36.00674138265892 7.937223996461385 0
      vertex 36 7.8 0
    endloop
  endfacet
  facet normal 0 0 -1
    outer loop
      vertex 0 -25 0
      vertex 36.02690060743548 8.07312645082258 0
      vertex 36.00674138265892 7.937223996461385 0
    endloop
  endfacet
  facet normal 0 0 -1
    outer loop
      vertex 0 -25 0
      vertex 36.06028352997491 8.206398548156248 0
      vertex 36.02690060743548 8.07312645082258 0
    endloop
  endfacet
  facet normal 0 0 -1
    outer loop
      vertex 0 -25 0
      vertex 36.10656865448419 8.335756805311126 0
      vertex 36.06028352997491 8.206398548156248 0
    endloop
  endfacet
  facet normal 0 0 -1
    outer loop
      vertex 0 -25 0
      vertex 36.1653102299123 8.459955431556397 0
      vertex 36.10656865448419 8.335756805311126 0
    endloop
  endfacet
  facet normal 0 0 -1
    outer loop
      vertex 0 -25 0
      vertex 36.235942542776435 8.577798326227443 0
      vertex 36.1653102299123 8.459955431556397 0
    endloop
  endfacet
  facet normal 0 0 -1
    outer loop
      vertex 0 -25 0
      vertex 36.31778536529217 8.688150597829104 0
      vertex 36.235942542776435 8.577798326227443 0
    endloop
  endfacet
  facet normal 0 0 -1
    outer loop
      vertex 0 -25 0
      vertex 36.410050506338834 8.789949493661167 0
      vertex 36.31778536529217 8.688150597829104 0
    endloop
  endfacet
  facet normal 0 0 -1
    outer loop
      vertex 0 -25 0
      vertex 37.67312645082258 6.426900607435478 0
      vertex 37.806398548156245 6.460283529974907 0
    endloop
  endfacet
  facet normal 0 0 -1
    outer loop
      vertex 0 -25 0
      vertex 37.806398548156245 6.460283529974907 0
      vertex 37.93575680531113 6.506568654484198 0
    endloop
  endfacet
  facet normal 0 0 -1
    outer loop
      vertex 0 -25 0
      vertex 37.93575680531113 6.506568654484198 0
      vertex 38.059955431556396 6.565310229912303 0
    endloop
  endfacet
  facet normal 0 0 -1
    outer loop
      vertex 0 -25 0
      vertex 38.059955431556396 6.565310229912303 0
      vertex 47.5 12 0
    endloop
  endfacet
  facet normal 0 0 1
    outer loop
      vertex 10.664057457223564 7.022201673772557 1
      vertex 37.86363636363636 -25 1
      vertex 42.86363636363636 -25 1
    endloop
  endfacet
  facet normal 0 0 -1
    outer loop
      vertex 37.86363636363636 -28 0
      vertex 37.86363636363636 -25 0
      vertex 42.86363636363636 -25 0
    endloop
  endfacet
  facet normal -1 0 0
    outer loop
      vertex 37.86363636363636 -28 0
      vertex 37.86363636363636 -25 1
      vertex 37.86363636363636 -25 0
    endloop
  endfacet
  facet normal 0 0 -1
    outer loop
      vertex 37.86363636363636 -28 0
      vertex 42.86363636363636 -25 0
      vertex 42.86363636363636 -28 0
    endloop
  endfacet
  facet normal 0 -1 0
    outer loop
      vertex 37.86363636363636 -28 0
      vertex 42.86363636363636 -28 0
      vertex 42.86363636363636 -28 1
    endloop
  endfacet
  facet normal 1 0 0
    outer loop
      vertex 42.86363636363636 -28 0
      vertex 42.86363636363636 -25 0
      vertex 42.86363636363636 -28 1
    endloop
  endfacet
  facet normal -1 0 0
    outer loop
      vertex 37.86363636363636 -28 0
      vertex 37.86363636363636 -28 1
      vertex 37.86363636363636 -25 1
    endloop
  endfacet
  facet normal 0 -1 0
    outer loop
      vertex 37.86363636363636 -28 0
      vertex 42.86363636363636 -28 1
      vertex 37.86363636363636 -28 1
    endloop
  endfacet
  facet normal 1 0 0
    outer loop
      vertex 42.86363636363636 -25 0
      vertex 42.86363636363636 -25 1
      vertex 42.86363636363636 -28 1
    endloop
  endfacet
  facet normal 0 0 -1
    outer loop
      vertex 37.86363636363636 -25 0
      vertex 60 -5 0
      vertex 42.86363636363636 -25 0
    endloop
  endfacet
  facet normal 0 0 1
    outer loop
      vertex 37.86363636363636 -28 1
      vertex 42.86363636363636 -28 1
      vertex 37.86363636363636 -25 1
    endloop
  endfacet
  facet normal 0 0 1
    outer loop
      vertex 37.86363636363636 -25 1
      vertex 42.86363636363636 -28 1
      vertex 42.86363636363636 -25 1
    endloop
  endfacet
  facet normal 0 0 -1
    outer loop
      vertex 0 -25 0
      vertex 60 2 0
      vertex 60 0 0
    endloop
  endfacet
  facet normal 0 0 -1
    outer loop
      vertex 0 -25 0
      vertex 60 5 0
      vertex 60 2 0
    endloop
  endfacet
  facet normal 0 0 -1
    outer loop
      vertex 0 -25 0
      vertex 60 7 0
      vertex 60 5 0
    endloop
  endfacet
  facet normal 0 0 -1
    outer loop
      vertex 0 -25 0
      vertex 60 10 0
      vertex 60 7 0
    endloop
  endfacet
  facet normal 0 0 1
    outer loop
      vertex 42.86363636363636 -25 1
      vertex 36.1653102299123 7.140044568443603 1
      vertex 36.10656865448419 7.264243194688874 1
    endloop
  endfacet
  facet normal 0 0 1
    outer loop
      vertex 42.86363636363636 -25 1
      vertex 36.10656865448419 7.264243194688874 1
      vertex 36.06028352997491 7.393601451843753 1
    endloop
  endfacet
  facet normal 0 0 1
    outer loop
      vertex 42.86363636363636 -25 1
      vertex 36.06028352997491 7.393601451843753 1
      vertex 36.02690060743548 7.52687354917742 1
    endloop
  endfacet
  facet normal 0 0 1
    outer loop
      vertex 42.86363636363636 -25 1
      vertex 36.02690060743548 7.52687354917742 1
      vertex 34.5 12 1
    endloop
  endfacet
  facet normal 0 0 1
    outer loop
      vertex 42.86363636363636 -25 1
      vertex 36.99360145184375 6.460283529974907 1
      vertex 36.86424319468887 6.506568654484198 1
    endloop
  endfacet
  facet normal 0 0 1
    outer loop
      vertex 42.86363636363636 -25 1
      vertex 37.12687354917742 6.426900607435478 1
      vertex 36.99360145184375 6.460283529974907 1
    endloop
  endfacet
  facet normal 0 0 1
    outer loop
      vertex 42.86363636363636 -25 1
      vertex 37.26277600353862 6.406741382658924 1
      vertex 37.12687354917742 6.426900607435478 1
    endloop
  endfacet
  facet normal 0 0 1
    outer loop
      vertex 42.86363636363636 -25 1
      vertex 37.4 6.4 1
      vertex 37.26277600353862 6.406741382658924 1
    endloop
  endfacet
  facet normal 0 0 1
    outer loop
      vertex 42.86363636363636 -25 1
      vertex 36.511849402170895 6.717785365292168 1
      vertex 36.410050506338834 6.8100505063388335 1
    endloop
  endfacet
  facet normal 0 0 1
    outer loop
      vertex 42.86363636363636 -25 1
      vertex 36.31778536529217 6.911849402170896 1
      vertex 36.235942542776435 7.022201673772557 1
    endloop
  endfacet
  facet normal 0 0 1
    outer loop
      vertex 42.86363636363636 -25 1
      vertex 36.235942542776435 7.022201673772557 1
      vertex 36.1653102299123 7.140044568443603 1
    endloop
  endfacet
  facet normal 0 0 1
    outer loop
      vertex 42.86363636363636 -25 1
      vertex 36.410050506338834 6.8100505063388335 1
      vertex 36.31778536529217 6.911849402170896 1
    endloop
  endfacet
  facet normal 0 0 1
    outer loop
      vertex 42.86363636363636 -25 1
      vertex 36.62220167377255 6.635942542776436 1
      vertex 36.511849402170895 6.717785365292168 1
    endloop
  endfacet
  facet normal 0 0 1
    outer loop
      vertex 42.86363636363636 -25 1
      vertex 36.7400445684436 6.565310229912303 1
      vertex 36.62220167377255 6.635942542776436 1
    endloop
  endfacet
  facet normal 0 0 1
    outer loop
      vertex 42.86363636363636 -25 1
      vertex 36.86424319468887 6.506568654484198 1
      vertex 36.7400445684436 6.565310229912303 1
    endloop
  endfacet
  facet normal 0 0 1
    outer loop
      vertex 42.86363636363636 -25 1
      vertex 37.53722399646138 6.406741382658924 1
      vertex 37.4 6.4 1
    endloop
  endfacet
  facet normal 0 0 1
    outer loop
      vertex 42.86363636363636 -25 1
      vertex 37.67312645082258 6.426900607435478 1
      vertex 37.53722399646138 6.406741382658924 1
    endloop
  endfacet
  facet normal 0 0 1
    outer loop
      vertex 42.86363636363636 -25 1
      vertex 37.93575680531113 6.506568654484198 1
      vertex 37.806398548156245 6.460283529974907 1
    endloop
  endfacet
  facet normal 0 0 1
    outer loop
      vertex 42.86363636363636 -25 1
      vertex 37.806398548156245 6.460283529974907 1
      vertex 37.67312645082258 6.426900607435478 1
    endloop
  endfacet
  facet normal 0 0 1
    outer loop
      vertex 42.86363636363636 -25 1
      vertex 38.059955431556396 6.565310229912303 1
      vertex 37.93575680531113 6.506568654484198 1
    endloop
  endfacet
  facet normal 0 0 1
    outer loop
      vertex 42.86363636363636 -25 1
      vertex 38.177798326227446 6.635942542776436 1
      vertex 38.059955431556396 6.565310229912303 1
    endloop
  endfacet
  facet normal 0 0 1
    outer loop
      vertex 42.86363636363636 -25 1
      vertex 38.2881505978291 6.717785365292168 1
      vertex 38.177798326227446 6.635942542776436 1
    endloop
  endfacet
  facet normal 0 0 1
    outer loop
      vertex 42.86363636363636 -25 1
      vertex 38.38994949366116 6.8100505063388335 1
      vertex 38.2881505978291 6.717785365292168 1
    endloop
  endfacet
  facet normal 0 0 1
    outer loop
      vertex 42.86363636363636 -25 1
      vertex 38.48221463470783 6.911849402170896 1
      vertex 38.38994949366116 6.8100505063388335 1
    endloop
  endfacet
  facet normal 0 0 1
    outer loop
      vertex 42.86363636363636 -25 1
      vertex 38.56405745722356 7.022201673772557 1
      vertex 38.48221463470783 6.911849402170896 1
    endloop
  endfacet
  facet normal 0 0 1
    outer loop
      vertex 42.86363636363636 -25 1
      vertex 38.6346897700877 7.140044568443603 1
      vertex 38.56405745722356 7.022201673772557 1
    endloop
  endfacet
  facet normal 0 0 1
    outer loop
      vertex 42.86363636363636 -25 1
      vertex 38.693431345515805 7.264243194688874 1
      vertex 38.6346897700877 7.140044568443603 1
    endloop
  endfacet
  facet normal 0 0 1
    outer loop
      vertex 42.86363636363636 -25 1
      vertex 38.73971647002509 7.393601451843753 1
      vertex 38.693431345515805 7.264243194688874 1
    endloop
  endfacet
  facet normal 0 0 1
    outer loop
      vertex 42.86363636363636 -25 1
      vertex 38.793258617341074 7.662776003538615 1
      vertex 38.77309939256452 7.52687354917742 1
    endloop
  endfacet
  facet normal 0 0 1
    outer loop
      vertex 42.86363636363636 -25 1
      vertex 38.77309939256452 7.52687354917742 1
      vertex 38.73971647002509 7.393601451843753 1
    endloop
  endfacet
  facet normal 0 0 1
    outer loop
      vertex 42.86363636363636 -25 1
      vertex 55.35 3.1799999999999997 1
      vertex 38.793258617341074 7.662776003538615 1
    endloop
  endfacet
  facet normal 0 0 -1
    outer loop
      vertex 0 -25 0
      vertex 34.5 12 0
      vertex 37.5 12 0
    endloop
  endfacet
  facet normal 0 0 -1
    outer loop
      vertex 0 -25 0
      vertex 39.5 12 0
      vertex 36.410050506338834 8.789949493661167 0
    endloop
  endfacet
  facet normal 0 0 -1
    outer loop
      vertex 0 -25 0
      vertex 37.5 12 0
      vertex 39.5 12 0
    endloop
  endfacet
  facet normal 0 0 -1
    outer loop
      vertex 0 -25 0
      vertex 47.5 12 0
      vertex 49.5 12 0
    endloop
  endfacet
  facet normal 0 0 -1
    outer loop
      vertex 0 -25 0
      vertex 49.5 12 0
      vertex 60 15 0
    endloop
  endfacet
  facet normal 0.6715589548470235 0.7409511253549543 -4.6074407846844055e-18
    outer loop
      vertex 36.511849402170895 6.717785365292168 0
      vertex 36.410050506338834 6.8100505063388335 0
      vertex 36.410050506338834 6.8100505063388335 1
    endloop
  endfacet
  facet normal 0.5956993044924523 0.8032075314806308 0
    outer loop
      vertex 36.511849402170895 6.717785365292168 0
      vertex 36.511849402170895 6.717785365292168 1
      vertex 36.62220167377255 6.635942542776436 0
    endloop
  endfacet
  facet normal 0.5141027441932102 0.857728610000279 5.218448337154964e-18
    outer loop
      vertex 36.7400445684436 6.565310229912303 0
      vertex 36.62220167377255 6.635942542776436 0
      vertex 36.62220167377255 6.635942542776436 1
    endloop
  endfacet
  facet normal 0.8032075314806447 0.5956993044924338 6.283076361283871e-18
    outer loop
      vertex 36.31778536529217 6.911849402170896 0
      vertex 36.235942542776435 7.022201673772557 0
      vertex 36.235942542776435 7.022201673772557 1
    endloop
  endfacet
  facet normal 0.8577286100002693 0.5141027441932263 0
    outer loop
      vertex 36.1653102299123 7.140044568443603 0
      vertex 36.1653102299123 7.140044568443603 1
      vertex 36.235942542776435 7.022201673772557 0
    endloop
  endfacet
  facet normal 0.9039892931234331 0.4275550934303034 2.907729519104263e-19
    outer loop
      vertex 36.1653102299123 7.140044568443603 0
      vertex 36.10656865448419 7.264243194688874 0
      vertex 36.10656865448419 7.264243194688874 1
    endloop
  endfacet
  facet normal 0.9415440651830412 0.3368898533921626 -3.060508597180896e-18
    outer loop
      vertex 36.10656865448419 7.264243194688874 0
      vertex 36.06028352997491 7.393601451843753 0
      vertex 36.06028352997491 7.393601451843753 1
    endloop
  endfacet
  facet normal 0.9700312531945423 0.24298017990327087 1.2855018296625815e-18
    outer loop
      vertex 36.06028352997491 7.393601451843753 0
      vertex 36.02690060743548 7.52687354917742 0
      vertex 36.02690060743548 7.52687354917742 1
    endloop
  endfacet
  facet normal 0.7409511253549508 0.6715589548470274 0
    outer loop
      vertex 36.31778536529217 6.911849402170896 0
      vertex 36.31778536529217 6.911849402170896 1
      vertex 36.410050506338834 6.8100505063388335 0
    endloop
  endfacet
  facet normal 0.9891765099647777 0.14673047445538365 -3.556677297038387e-19
    outer loop
      vertex 36.02690060743548 7.52687354917742 0
      vertex 36.00674138265892 7.662776003538615 0
      vertex 36.00674138265892 7.662776003538615 1
    endloop
  endfacet
  facet normal 0.9987954562051728 0.0490676743274088 -3.0585617803850997e-19
    outer loop
      vertex 36.00674138265892 7.662776003538615 0
      vertex 36 7.8 0
      vertex 36 7.8 1
    endloop
  endfacet
  facet normal 0.9987954562051728 -0.0490676743274088 3.0585617803850997e-19
    outer loop
      vertex 36 7.8 0
      vertex 36.00674138265892 7.937223996461385 0
      vertex 36.00674138265892 7.937223996461385 1
    endloop
  endfacet
  facet normal 0.9891765099647777 -0.14673047445538365 3.556677297038387e-19
    outer loop
      vertex 36.00674138265892 7.937223996461385 0
      vertex 36.02690060743548 8.07312645082258 0
      vertex 36.02690060743548 8.07312645082258 1
    endloop
  endfacet
  facet normal 0.9700312531945425 -0.24298017990326928 -1.2316913138399812e-19
    outer loop
      vertex 36.02690060743548 8.07312645082258 0
      vertex 36.06028352997491 8.206398548156248 0
      vertex 36.06028352997491 8.206398548156248 1
    endloop
  endfacet
  facet normal 0.9415440651830412 -0.3368898533921626 3.060508597180896e-18
    outer loop
      vertex 36.06028352997491 8.206398548156248 0
      vertex 36.10656865448419 8.335756805311126 0
      vertex 36.10656865448419 8.335756805311126 1
    endloop
  endfacet
  facet normal 0.9039892931234321 -0.427555093430306 -1.2464163342996887e-18
    outer loop
      vertex 36.10656865448419 8.335756805311126 0
      vertex 36.1653102299123 8.459955431556397 0
      vertex 36.1653102299123 8.459955431556397 1
    endloop
  endfacet
  facet normal 0.8577286100002693 -0.5141027441932263 3.3748389536418414e-18
    outer loop
      vertex 36.1653102299123 8.459955431556397 0
      vertex 36.235942542776435 8.577798326227443 0
      vertex 36.235942542776435 8.577798326227443 1
    endloop
  endfacet
  facet normal 0.8032075314806447 -0.5956993044924338 -6.283076361283871e-18
    outer loop
      vertex 36.235942542776435 8.577798326227443 0
      vertex 36.31778536529217 8.688150597829104 0
      vertex 36.31778536529217 8.688150597829104 1
    endloop
  endfacet
  facet normal 0.7409511253549538 -0.6715589548470242 1.0919423658952387e-18
    outer loop
      vertex 36.31778536529217 8.688150597829104 0
      vertex 36.410050506338834 8.789949493661167 0
      vertex 36.410050506338834 8.789949493661167 1
    endloop
  endfacet
  facet normal 0.6715589548470235 -0.7409511253549543 4.6074407846844055e-18
    outer loop
      vertex 36.410050506338834 8.789949493661167 0
      vertex 36.511849402170895 8.882214634707832 0
      vertex 36.511849402170895 8.882214634707832 1
    endloop
  endfacet
  facet normal 0.5956993044924439 -0.8032075314806371 1.0164903479501354e-18
    outer loop
      vertex 36.511849402170895 8.882214634707832 0
      vertex 36.62220167377255 8.964057457223563 0
      vertex 36.62220167377255 8.964057457223563 1
    endloop
  endfacet
  facet normal 0.5141027441932149 -0.8577286100002761 -9.815346460722726e-19
    outer loop
      vertex 36.62220167377255 8.964057457223563 0
      vertex 36.7400445684436 9.034689770087697 0
      vertex 36.7400445684436 9.034689770087697 1
    endloop
  endfacet
  facet normal 0.6715589548470235 0.7409511253549543 0
    outer loop
      vertex 36.511849402170895 6.717785365292168 0
      vertex 36.410050506338834 6.8100505063388335 1
      vertex 36.511849402170895 6.717785365292168 1
    endloop
  endfacet
  facet normal 0.5956993044924523 0.8032075314806308 0
    outer loop
      vertex 36.62220167377255 6.635942542776436 0
      vertex 36.511849402170895 6.717785365292168 1
      vertex 36.62220167377255 6.635942542776436 1
    endloop
  endfacet
  facet normal 0.5141027441932102 0.857728610000279 0
    outer loop
      vertex 36.7400445684436 6.565310229912303 0
      vertex 36.62220167377255 6.635942542776436 1
      vertex 36.7400445684436 6.565310229912303 1
    endloop
  endfacet
  facet normal 0.8032075314806447 0.5956993044924338 0
    outer loop
      vertex 36.31778536529217 6.911849402170896 0
      vertex 36.235942542776435 7.022201673772557 1
      vertex 36.31778536529217 6.911849402170896 1
    endloop
  endfacet
  facet normal 0.8577286100002693 0.5141027441932263 0
    outer loop
      vertex 36.235942542776435 7.022201673772557 0
      vertex 36.1653102299123 7.140044568443603 1
      vertex 36.235942542776435 7.022201673772557 1
    endloop
  endfacet
  facet normal 0.9039892931234331 0.4275550934303034 0
    outer loop
      vertex 36.1653102299123 7.140044568443603 0
      vertex 36.10656865448419 7.264243194688874 1
      vertex 36.1653102299123 7.140044568443603 1
    endloop
  endfacet
  facet normal 0.9415440651830412 0.3368898533921626 0
    outer loop
      vertex 36.10656865448419 7.264243194688874 0
      vertex 36.06028352997491 7.393601451843753 1
      vertex 36.10656865448419 7.264243194688874 1
    endloop
  endfacet
  facet normal 0.9891765099647777 0.14673047445538365 0
    outer loop
      vertex 36.02690060743548 7.52687354917742 0
      vertex 36.00674138265892 7.662776003538615 1
      vertex 36.02690060743548 7.52687354917742 1
    endloop
  endfacet
  facet normal 0.9700312531945423 0.24298017990327087 0
    outer loop
      vertex 36.06028352997491 7.393601451843753 0
      vertex 36.02690060743548 7.52687354917742 1
      vertex 36.06028352997491 7.393601451843753 1
    endloop
  endfacet
  facet normal 0.7409511253549508 0.6715589548470274 0
    outer loop
      vertex 36.410050506338834 6.8100505063388335 0
      vertex 36.31778536529217 6.911849402170896 1
      vertex 36.410050506338834 6.8100505063388335 1
    endloop
  endfacet
  facet normal 0.9987954562051728 0.0490676743274088 0
    outer loop
      vertex 36.00674138265892 7.662776003538615 0
      vertex 36 7.8 1
      vertex 36.00674138265892 7.662776003538615 1
    endloop
  endfacet
  facet normal 0.9987954562051728 -0.0490676743274088 0
    outer loop
      vertex 36 7.8 0
      vertex 36.00674138265892 7.937223996461385 1
      vertex 36 7.8 1
    endloop
  endfacet
  facet normal 0.9891765099647777 -0.14673047445538365 0
    outer loop
      vertex 36.00674138265892 7.937223996461385 0
      vertex 36.02690060743548 8.07312645082258 1
      vertex 36.00674138265892 7.937223996461385 1
    endloop
  endfacet
  facet normal 0.9700312531945425 -0.24298017990326928 0
    outer loop
      vertex 36.02690060743548 8.07312645082258 0
      vertex 36.06028352997491 8.206398548156248 1
      vertex 36.02690060743548 8.07312645082258 1
    endloop
  endfacet
  facet normal 0.9415440651830412 -0.3368898533921626 0
    outer loop
      vertex 36.06028352997491 8.206398548156248 0
      vertex 36.10656865448419 8.335756805311126 1
      vertex 36.06028352997491 8.206398548156248 1
    endloop
  endfacet
  facet normal 0.9039892931234321 -0.427555093430306 0
    outer loop
      vertex 36.10656865448419 8.335756805311126 0
      vertex 36.1653102299123 8.459955431556397 1
      vertex 36.10656865448419 8.335756805311126 1
    endloop
  endfacet
  facet normal 0.8577286100002693 -0.5141027441932263 0
    outer loop
      vertex 36.1653102299123 8.459955431556397 0
      vertex 36.235942542776435 8.577798326227443 1
      vertex 36.1653102299123 8.459955431556397 1
    endloop
  endfacet
  facet normal 0.8032075314806447 -0.5956993044924338 0
    outer loop
      vertex 36.235942542776435 8.577798326227443 0
      vertex 36.31778536529217 8.688150597829104 1
      vertex 36.235942542776435 8.577798326227443 1
    endloop
  endfacet
  facet normal 0.7409511253549538 -0.6715589548470242 0
    outer loop
      vertex 36.31778536529217 8.688150597829104 0
      vertex 36.410050506338834 8.789949493661167 1
      vertex 36.31778536529217 8.688150597829104 1
    endloop
  endfacet
  facet normal 0.6715589548470235 -0.7409511253549543 0
    outer loop
      vertex 36.410050506338834 8.789949493661167 0
      vertex 36.511849402170895 8.882214634707832 1
      vertex 36.410050506338834 8.789949493661167 1
    endloop
  endfacet
  facet normal 0.5956993044924439 -0.8032075314806371 0
    outer loop
      vertex 36.511849402170895 8.882214634707832 0
      vertex 36.62220167377255 8.964057457223563 1
      vertex 36.511849402170895 8.882214634707832 1
    endloop
  endfacet
  facet normal 0.5141027441932149 -0.8577286100002761 0
    outer loop
      vertex 36.62220167377255 8.964057457223563 0
      vertex 36.7400445684436 9.034689770087697 1
      vertex 36.62220167377255 8.964057457223563 1
    endloop
  endfacet
  facet normal 0 0 1
    outer loop
      vertex 14.5 12 1
      vertex 42.86363636363636 -25 1
      vertex 17.5 12 1
    endloop
  endfacet
  facet normal 0 0 1
    outer loop
      vertex 17.5 12 1
      vertex 42.86363636363636 -25 1
      vertex 19.5 12 1
    endloop
  endfacet
  facet normal 0 0 1
    outer loop
      vertex 19.5 12 1
      vertex 42.86363636363636 -25 1
      vertex 22.5 12 1
    endloop
  endfacet
  facet normal 0 0 1
    outer loop
      vertex 22.5 12 1
      vertex 42.86363636363636 -25 1
      vertex 24.5 12 1
    endloop
  endfacet
  facet normal 0 0 1
    outer loop
      vertex 42.86363636363636 -25 1
      vertex 27.5 12 1
      vertex 24.5 12 1
    endloop
  endfacet
  facet normal 0 0 1
    outer loop
      vertex 42.86363636363636 -25 1
      vertex 29.5 12 1
      vertex 27.5 12 1
    endloop
  endfacet
  facet normal 0 0 1
    outer loop
      vertex 42.86363636363636 -25 1
      vertex 32.5 12 1
      vertex 29.5 12 1
    endloop
  endfacet
  facet normal 0 0 1
    outer loop
      vertex 42.86363636363636 -25 1
      vertex 34.5 12 1
      vertex 32.5 12 1
    endloop
  endfacet
  facet normal 0 0 1
    outer loop
      vertex 36.00674138265892 7.662776003538615 1
      vertex 36 7.8 1
      vertex 34.5 12 1
    endloop
  endfacet
  facet normal 0 0 1
    outer loop
      vertex 36 7.8 1
      vertex 36.00674138265892 7.937223996461385 1
      vertex 34.5 12 1
    endloop
  endfacet
  facet normal 0 0 1
    outer loop
      vertex 36.02690060743548 7.52687354917742 1
      vertex 36.00674138265892 7.662776003538615 1
      vertex 34.5 12 1
    endloop
  endfacet
  facet normal 0 0 1
    outer loop
      vertex 36.00674138265892 7.937223996461385 1
      vertex 36.02690060743548 8.07312645082258 1
      vertex 34.5 12 1
    endloop
  endfacet
  facet normal 0 0 1
    outer loop
      vertex 36.02690060743548 8.07312645082258 1
      vertex 36.06028352997491 8.206398548156248 1
      vertex 34.5 12 1
    endloop
  endfacet
  facet normal 0 0 1
    outer loop
      vertex 36.06028352997491 8.206398548156248 1
      vertex 36.10656865448419 8.335756805311126 1
      vertex 34.5 12 1
    endloop
  endfacet
  facet normal 0 0 1
    outer loop
      vertex 36.10656865448419 8.335756805311126 1
      vertex 36.1653102299123 8.459955431556397 1
      vertex 34.5 12 1
    endloop
  endfacet
  facet normal 0 0 1
    outer loop
      vertex 36.1653102299123 8.459955431556397 1
      vertex 36.235942542776435 8.577798326227443 1
      vertex 34.5 12 1
    endloop
  endfacet
  facet normal 0 0 1
    outer loop
      vertex 36.235942542776435 8.577798326227443 1
      vertex 36.31778536529217 8.688150597829104 1
      vertex 34.5 12 1
    endloop
  endfacet
  facet normal 0 0 1
    outer loop
      vertex 36.31778536529217 8.688150597829104 1
      vertex 36.410050506338834 8.789949493661167 1
      vertex 34.5 12 1
    endloop
  endfacet
  facet normal 0 0 1
    outer loop
      vertex 36.410050506338834 8.789949493661167 1
      vertex 36.511849402170895 8.882214634707832 1
      vertex 34.5 12 1
    endloop
  endfacet
  facet normal 0 0 1
    outer loop
      vertex 36.511849402170895 8.882214634707832 1
      vertex 36.62220167377255 8.964057457223563 1
      vertex 34.5 12 1
    endloop
  endfacet
  facet normal 0 0 1
    outer loop
      vertex 36.62220167377255 8.964057457223563 1
      vertex 36.7400445684436 9.034689770087697 1
      vertex 34.5 12 1
    endloop
  endfacet
  facet normal 0 0 1
    outer loop
      vertex 34.5 12 1
      vertex 36.86424319468887 9.093431345515802 1
      vertex 36.99360145184375 9.139716470025093 1
    endloop
  endfacet
  facet normal 0 0 1
    outer loop
      vertex 36.7400445684436 9.034689770087697 1
      vertex 36.86424319468887 9.093431345515802 1
      vertex 34.5 12 1
    endloop
  endfacet
  facet normal 0 0 1
    outer loop
      vertex 34.5 12 1
      vertex 36.99360145184375 9.139716470025093 1
      vertex 37.12687354917742 9.173099392564522 1
    endloop
  endfacet
  facet normal 0 0 1
    outer loop
      vertex 34.5 12 1
      vertex 37.12687354917742 9.173099392564522 1
      vertex 37.26277600353862 9.193258617341076 1
    endloop
  endfacet
  facet normal 0 0 1
    outer loop
      vertex 34.5 12 1
      vertex 37.26277600353862 9.193258617341076 1
      vertex 37.5 12 1
    endloop
  endfacet
  facet normal 0 1 0
    outer loop
      vertex 27.5 12 0
      vertex 27.5 12 1
      vertex 29.5 12 0
    endloop
  endfacet
  facet normal 0 1 0
    outer loop
      vertex 22.5 12 1
      vertex 24.5 12 1
      vertex 24.5 12 0
    endloop
  endfacet
  facet normal 0 1 0
    outer loop
      vertex 29.5 12 0
      vertex 27.5 12 1
      vertex 29.5 12 1
    endloop
  endfacet
  facet normal 0 1 0
    outer loop
      vertex 32.5 12 0
      vertex 32.5 12 1
      vertex 34.5 12 0
    endloop
  endfacet
  facet normal 0 1 0
    outer loop
      vertex 34.5 12 0
      vertex 32.5 12 1
      vertex 34.5 12 1
    endloop
  endfacet
  facet normal 0 0 -1
    outer loop
      vertex 0 -25 0
      vertex 60 12 0
      vertex 60 10 0
    endloop
  endfacet
  facet normal 0 0 -1
    outer loop
      vertex 0 -25 0
      vertex 60 15 0
      vertex 60 12 0
    endloop
  endfacet
  facet normal 0.4275550934302948 0.9039892931234373 0
    outer loop
      vertex 36.7400445684436 6.565310229912303 0
      vertex 36.7400445684436 6.565310229912303 1
      vertex 36.86424319468887 6.506568654484198 0
    endloop
  endfacet
  facet normal 0.3368898533922076 0.9415440651830252 0
    outer loop
      vertex 36.86424319468887 6.506568654484198 0
      vertex 36.86424319468887 6.506568654484198 1
      vertex 36.99360145184375 6.460283529974907 0
    endloop
  endfacet
  facet normal 0.24298017990326018 0.9700312531945449 0
    outer loop
      vertex 36.99360145184375 6.460283529974907 0
      vertex 36.99360145184375 6.460283529974907 1
      vertex 37.12687354917742 6.426900607435478 0
    endloop
  endfacet
  facet normal 0.1467304744553581 0.9891765099647817 0
    outer loop
      vertex 37.12687354917742 6.426900607435478 0
      vertex 37.12687354917742 6.426900607435478 1
      vertex 37.26277600353862 6.406741382658924 0
    endloop
  endfacet
  facet normal 0.04906767432741715 0.9987954562051724 0
    outer loop
      vertex 37.26277600353862 6.406741382658924 0
      vertex 37.26277600353862 6.406741382658924 1
      vertex 37.4 6.4 0
    endloop
  endfacet
  facet normal -0.04906767432741715 0.9987954562051724 0
    outer loop
      vertex 37.4 6.4 0
      vertex 37.4 6.4 1
      vertex 37.53722399646138 6.406741382658924 0
    endloop
  endfacet
  facet normal -0.1467304744553581 0.9891765099647817 0
    outer loop
      vertex 37.53722399646138 6.406741382658924 0
      vertex 37.53722399646138 6.406741382658924 1
      vertex 37.67312645082258 6.426900607435478 0
    endloop
  endfacet
  facet normal -0.24298017990326018 0.9700312531945449 0
    outer loop
      vertex 37.67312645082258 6.426900607435478 0
      vertex 37.67312645082258 6.426900607435478 1
      vertex 37.806398548156245 6.460283529974907 0
    endloop
  endfacet
  facet normal -0.3368898533922076 0.9415440651830252 0
    outer loop
      vertex 37.806398548156245 6.460283529974907 0
      vertex 37.806398548156245 6.460283529974907 1
      vertex 37.93575680531113 6.506568654484198 0
    endloop
  endfacet
  facet normal -0.4275550934302948 0.9039892931234373 0
    outer loop
      vertex 37.93575680531113 6.506568654484198 0
      vertex 37.93575680531113 6.506568654484198 1
      vertex 38.059955431556396 6.565310229912303 0
    endloop
  endfacet
  facet normal -0.5141027441932102 0.857728610000279 0
    outer loop
      vertex 38.059955431556396 6.565310229912303 0
      vertex 38.059955431556396 6.565310229912303 1
      vertex 38.177798326227446 6.635942542776436 0
    endloop
  endfacet
  facet normal -0.5956993044924523 0.8032075314806308 0
    outer loop
      vertex 38.177798326227446 6.635942542776436 0
      vertex 38.177798326227446 6.635942542776436 1
      vertex 38.2881505978291 6.717785365292168 0
    endloop
  endfacet
  facet normal -0.6715589548470235 0.7409511253549543 0
    outer loop
      vertex 38.2881505978291 6.717785365292168 0
      vertex 38.2881505978291 6.717785365292168 1
      vertex 38.38994949366116 6.8100505063388335 0
    endloop
  endfacet
  facet normal -0.7409511253549508 0.6715589548470274 0
    outer loop
      vertex 38.38994949366116 6.8100505063388335 0
      vertex 38.38994949366116 6.8100505063388335 1
      vertex 38.48221463470783 6.911849402170896 0
    endloop
  endfacet
  facet normal -0.8032075314806447 0.5956993044924338 0
    outer loop
      vertex 38.48221463470783 6.911849402170896 0
      vertex 38.48221463470783 6.911849402170896 1
      vertex 38.56405745722356 7.022201673772557 0
    endloop
  endfacet
  facet normal -0.8577286100002693 0.5141027441932263 0
    outer loop
      vertex 38.56405745722356 7.022201673772557 0
      vertex 38.56405745722356 7.022201673772557 1
      vertex 38.6346897700877 7.140044568443603 0
    endloop
  endfacet
  facet normal -0.9039892931234331 0.4275550934303034 0
    outer loop
      vertex 38.6346897700877 7.140044568443603 0
      vertex 38.6346897700877 7.140044568443603 1
      vertex 38.693431345515805 7.264243194688874 0
    endloop
  endfacet
  facet normal -0.9415440651830412 0.3368898533921626 0
    outer loop
      vertex 38.693431345515805 7.264243194688874 0
      vertex 38.693431345515805 7.264243194688874 1
      vertex 38.73971647002509 7.393601451843753 0
    endloop
  endfacet
  facet normal -0.9700312531945423 0.24298017990327087 0
    outer loop
      vertex 38.73971647002509 7.393601451843753 0
      vertex 38.73971647002509 7.393601451843753 1
      vertex 38.77309939256452 7.52687354917742 0
    endloop
  endfacet
  facet normal -0.9891765099647777 0.14673047445538365 0
    outer loop
      vertex 38.77309939256452 7.52687354917742 0
      vertex 38.77309939256452 7.52687354917742 1
      vertex 38.793258617341074 7.662776003538615 0
    endloop
  endfacet
  facet normal -0.9987954562051728 0.0490676743274088 0
    outer loop
      vertex 38.793258617341074 7.662776003538615 0
      vertex 38.793258617341074 7.662776003538615 1
      vertex 38.8 7.8 0
    endloop
  endfacet
  facet normal -0.9987954562051728 -0.0490676743274088 0
    outer loop
      vertex 38.8 7.8 0
      vertex 38.8 7.8 1
      vertex 38.793258617341074 7.937223996461385 0
    endloop
  endfacet
  facet normal -0.9891765099647777 -0.14673047445538365 0
    outer loop
      vertex 38.793258617341074 7.937223996461385 0
      vertex 38.793258617341074 7.937223996461385 1
      vertex 38.77309939256452 8.07312645082258 0
    endloop
  endfacet
  facet normal -0.9700312531945425 -0.24298017990326928 0
    outer loop
      vertex 38.77309939256452 8.07312645082258 0
      vertex 38.77309939256452 8.07312645082258 1
      vertex 38.73971647002509 8.206398548156248 0
    endloop
  endfacet
  facet normal -0.9039892931234321 -0.427555093430306 0
    outer loop
      vertex 38.693431345515805 8.335756805311126 0
      vertex 38.693431345515805 8.335756805311126 1
      vertex 38.6346897700877 8.459955431556397 0
    endloop
  endfacet
  facet normal -0.9415440651830412 -0.3368898533921626 0
    outer loop
      vertex 38.73971647002509 8.206398548156248 0
      vertex 38.73971647002509 8.206398548156248 1
      vertex 38.693431345515805 8.335756805311126 0
    endloop
  endfacet
  facet normal 0 0 -1
    outer loop
      vertex 36.410050506338834 8.789949493661167 0
      vertex 39.5 12 0
      vertex 36.511849402170895 8.882214634707832 0
    endloop
  endfacet
  facet normal 0 0 -1
    outer loop
      vertex 36.511849402170895 8.882214634707832 0
      vertex 39.5 12 0
      vertex 36.62220167377255 8.964057457223563 0
    endloop
  endfacet
  facet normal 0 0 -1
    outer loop
      vertex 36.62220167377255 8.964057457223563 0
      vertex 39.5 12 0
      vertex 36.7400445684436 9.034689770087697 0
    endloop
  endfacet
  facet normal 0 0 -1
    outer loop
      vertex 36.7400445684436 9.034689770087697 0
      vertex 39.5 12 0
      vertex 36.86424319468887 9.093431345515802 0
    endloop
  endfacet
  facet normal 0 0 -1
    outer loop
      vertex 36.86424319468887 9.093431345515802 0
      vertex 39.5 12 0
      vertex 36.99360145184375 9.139716470025093 0
    endloop
  endfacet
  facet normal 0 0 -1
    outer loop
      vertex 36.99360145184375 9.139716470025093 0
      vertex 39.5 12 0
      vertex 37.12687354917742 9.173099392564522 0
    endloop
  endfacet
  facet normal 0 0 -1
    outer loop
      vertex 37.12687354917742 9.173099392564522 0
      vertex 39.5 12 0
      vertex 37.26277600353862 9.193258617341076 0
    endloop
  endfacet
  facet normal 0 0 -1
    outer loop
      vertex 37.26277600353862 9.193258617341076 0
      vertex 39.5 12 0
      vertex 37.4 9.2 0
    endloop
  endfacet
  facet normal 0 0 -1
    outer loop
      vertex 37.4 9.2 0
      vertex 39.5 12 0
      vertex 37.53722399646138 9.193258617341076 0
    endloop
  endfacet
  facet normal 0 0 -1
    outer loop
      vertex 37.53722399646138 9.193258617341076 0
      vertex 39.5 12 0
      vertex 37.67312645082258 9.173099392564522 0
    endloop
  endfacet
  facet normal 0 0 -1
    outer loop
      vertex 37.67312645082258 9.173099392564522 0
      vertex 39.5 12 0
      vertex 37.806398548156245 9.139716470025093 0
    endloop
  endfacet
  facet normal 0 0 -1
    outer loop
      vertex 37.93575680531113 9.093431345515802 0
      vertex 39.5 12 0
      vertex 38.059955431556396 9.034689770087697 0
    endloop
  endfacet
  facet normal 0 0 -1
    outer loop
      vertex 37.806398548156245 9.139716470025093 0
      vertex 39.5 12 0
      vertex 37.93575680531113 9.093431345515802 0
    endloop
  endfacet
  facet normal 0 0 -1
    outer loop
      vertex 38.059955431556396 9.034689770087697 0
      vertex 39.5 12 0
      vertex 38.177798326227446 8.964057457223563 0
    endloop
  endfacet
  facet normal 0 0 -1
    outer loop
      vertex 38.38994949366116 8.789949493661167 0
      vertex 39.5 12 0
      vertex 38.48221463470783 8.688150597829104 0
    endloop
  endfacet
  facet normal 0 0 -1
    outer loop
      vertex 38.177798326227446 8.964057457223563 0
      vertex 39.5 12 0
      vertex 38.2881505978291 8.882214634707832 0
    endloop
  endfacet
  facet normal 0 0 -1
    outer loop
      vertex 38.38994949366116 8.789949493661167 0
      vertex 38.2881505978291 8.882214634707832 0
      vertex 39.5 12 0
    endloop
  endfacet
  facet normal 0 0 -1
    outer loop
      vertex 38.56405745722356 8.577798326227443 0
      vertex 39.5 12 0
      vertex 38.6346897700877 8.459955431556397 0
    endloop
  endfacet
  facet normal 0 0 -1
    outer loop
      vertex 38.693431345515805 8.335756805311126 0
      vertex 38.6346897700877 8.459955431556397 0
      vertex 39.5 12 0
    endloop
  endfacet
  facet normal 0 0 -1
    outer loop
      vertex 38.56405745722356 8.577798326227443 0
      vertex 38.48221463470783 8.688150597829104 0
      vertex 39.5 12 0
    endloop
  endfacet
  facet normal 0 0 -1
    outer loop
      vertex 38.77309939256452 7.52687354917742 0
      vertex 38.793258617341074 7.662776003538615 0
      vertex 42.5 12 0
    endloop
  endfacet
  facet normal 0 0 -1
    outer loop
      vertex 38.793258617341074 7.662776003538615 0
      vertex 38.8 7.8 0
      vertex 42.5 12 0
    endloop
  endfacet
  facet normal 0 0 -1
    outer loop
      vertex 38.8 7.8 0
      vertex 38.793258617341074 7.937223996461385 0
      vertex 42.5 12 0
    endloop
  endfacet
  facet normal 0 0 -1
    outer loop
      vertex 38.793258617341074 7.937223996461385 0
      vertex 38.77309939256452 8.07312645082258 0
      vertex 42.5 12 0
    endloop
  endfacet
  facet normal 0 0 -1
    outer loop
      vertex 38.77309939256452 8.07312645082258 0
      vertex 38.73971647002509 8.206398548156248 0
      vertex 42.5 12 0
    endloop
  endfacet
  facet normal 0 0 -1
    outer loop
      vertex 38.73971647002509 8.206398548156248 0
      vertex 38.693431345515805 8.335756805311126 0
      vertex 42.5 12 0
    endloop
  endfacet
  facet normal 0.4275550934302948 -0.9039892931234373 3.0271755672963764e-18
    outer loop
      vertex 36.7400445684436 9.034689770087697 0
      vertex 36.86424319468887 9.093431345515802 0
      vertex 36.86424319468887 9.093431345515802 1
    endloop
  endfacet
  facet normal 0.3368898533922076 -0.9415440651830252 3.0880229306938124e-18
    outer loop
      vertex 36.86424319468887 9.093431345515802 0
      vertex 36.99360145184375 9.139716470025093 0
      vertex 36.99360145184375 9.139716470025093 1
    endloop
  endfacet
  facet normal 0.24298017990326018 -0.9700312531945449 -2.0769701215110827e-18
    outer loop
      vertex 36.99360145184375 9.139716470025093 0
      vertex 37.12687354917742 9.173099392564522 0
      vertex 37.12687354917742 9.173099392564522 1
    endloop
  endfacet
  facet normal 0.14673047445536444 -0.9891765099647807 1.4484545771750956e-18
    outer loop
      vertex 37.12687354917742 9.173099392564522 0
      vertex 37.26277600353862 9.193258617341076 0
      vertex 37.26277600353862 9.193258617341076 1
    endloop
  endfacet
  facet normal 0.0490676743274107 -0.9987954562051727 2.772958458171074e-20
    outer loop
      vertex 37.26277600353862 9.193258617341076 0
      vertex 37.4 9.2 0
      vertex 37.4 9.2 1
    endloop
  endfacet
  facet normal -0.0490676743274107 -0.9987954562051727 -2.772958458171074e-20
    outer loop
      vertex 37.4 9.2 0
      vertex 37.53722399646138 9.193258617341076 0
      vertex 37.53722399646138 9.193258617341076 1
    endloop
  endfacet
  facet normal -0.14673047445536444 -0.9891765099647807 -1.4484545771750956e-18
    outer loop
      vertex 37.53722399646138 9.193258617341076 0
      vertex 37.67312645082258 9.173099392564522 0
      vertex 37.67312645082258 9.173099392564522 1
    endloop
  endfacet
  facet normal -0.24298017990326018 -0.9700312531945449 2.0769701215110827e-18
    outer loop
      vertex 37.67312645082258 9.173099392564522 0
      vertex 37.806398548156245 9.139716470025093 0
      vertex 37.806398548156245 9.139716470025093 1
    endloop
  endfacet
  facet normal -0.3368898533922076 -0.9415440651830252 -3.0880229306938124e-18
    outer loop
      vertex 37.806398548156245 9.139716470025093 0
      vertex 37.93575680531113 9.093431345515802 0
      vertex 37.93575680531113 9.093431345515802 1
    endloop
  endfacet
  facet normal -0.6715589548470235 -0.7409511253549543 0
    outer loop
      vertex 38.38994949366116 8.789949493661167 0
      vertex 38.38994949366116 8.789949493661167 1
      vertex 38.2881505978291 8.882214634707832 0
    endloop
  endfacet
  facet normal -0.4275550934302948 -0.9039892931234373 -3.0271755672963764e-18
    outer loop
      vertex 37.93575680531113 9.093431345515802 0
      vertex 38.059955431556396 9.034689770087697 0
      vertex 38.059955431556396 9.034689770087697 1
    endloop
  endfacet
  facet normal -0.5141027441932149 -0.8577286100002761 9.815346460722726e-19
    outer loop
      vertex 38.059955431556396 9.034689770087697 0
      vertex 38.177798326227446 8.964057457223563 0
      vertex 38.177798326227446 8.964057457223563 1
    endloop
  endfacet
  facet normal -0.5956993044924439 -0.8032075314806371 -1.0164903479501354e-18
    outer loop
      vertex 38.177798326227446 8.964057457223563 0
      vertex 38.2881505978291 8.882214634707832 0
      vertex 38.2881505978291 8.882214634707832 1
    endloop
  endfacet
  facet normal -0.8577286100002693 -0.5141027441932263 -3.3748389536418414e-18
    outer loop
      vertex 38.56405745722356 8.577798326227443 0
      vertex 38.6346897700877 8.459955431556397 0
      vertex 38.6346897700877 8.459955431556397 1
    endloop
  endfacet
  facet normal -0.8032075314806447 -0.5956993044924338 0
    outer loop
      vertex 38.56405745722356 8.577798326227443 0
      vertex 38.56405745722356 8.577798326227443 1
      vertex 38.48221463470783 8.688150597829104 0
    endloop
  endfacet
  facet normal -0.7409511253549538 -0.6715589548470242 -1.0919423658952387e-18
    outer loop
      vertex 38.38994949366116 8.789949493661167 0
      vertex 38.48221463470783 8.688150597829104 0
      vertex 38.48221463470783 8.688150597829104 1
    endloop
  endfacet
  facet normal 0 0 -1
    outer loop
      vertex 38.059955431556396 6.565310229912303 0
      vertex 38.177798326227446 6.635942542776436 0
      vertex 47.5 12 0
    endloop
  endfacet
  facet normal 0 0 -1
    outer loop
      vertex 38.2881505978291 6.717785365292168 0
      vertex 38.38994949366116 6.8100505063388335 0
      vertex 44.5 12 0
    endloop
  endfacet
  facet normal 0 0 -1
    outer loop
      vertex 38.38994949366116 6.8100505063388335 0
      vertex 38.48221463470783 6.911849402170896 0
      vertex 44.5 12 0
    endloop
  endfacet
  facet normal 0 0 -1
    outer loop
      vertex 38.48221463470783 6.911849402170896 0
      vertex 38.56405745722356 7.022201673772557 0
      vertex 44.5 12 0
    endloop
  endfacet
  facet normal 0 0 -1
    outer loop
      vertex 38.56405745722356 7.022201673772557 0
      vertex 38.6346897700877 7.140044568443603 0
      vertex 44.5 12 0
    endloop
  endfacet
  facet normal 0 0 -1
    outer loop
      vertex 38.6346897700877 7.140044568443603 0
      vertex 38.693431345515805 7.264243194688874 0
      vertex 44.5 12 0
    endloop
  endfacet
  facet normal 0 0 -1
    outer loop
      vertex 38.693431345515805 7.264243194688874 0
      vertex 38.73971647002509 7.393601451843753 0
      vertex 44.5 12 0
    endloop
  endfacet
  facet normal 0 0 -1
    outer loop
      vertex 38.73971647002509 7.393601451843753 0
      vertex 38.77309939256452 7.52687354917742 0
      vertex 44.5 12 0
    endloop
  endfacet
  facet normal 0 0 -1
    outer loop
      vertex 38.177798326227446 6.635942542776436 0
      vertex 38.2881505978291 6.717785365292168 0
      vertex 47.5 12 0
    endloop
  endfacet
  facet normal 0 0 -1
    outer loop
      vertex 38.693431345515805 8.335756805311126 0
      vertex 39.5 12 0
      vertex 42.5 12 0
    endloop
  endfacet
  facet normal 0 0 -1
    outer loop
      vertex 38.77309939256452 7.52687354917742 0
      vertex 42.5 12 0
      vertex 44.5 12 0
    endloop
  endfacet
  facet normal 0.4275550934302948 0.9039892931234373 -3.0271755672963764e-18
    outer loop
      vertex 36.7400445684436 6.565310229912303 1
      vertex 36.86424319468887 6.506568654484198 1
      vertex 36.86424319468887 6.506568654484198 0
    endloop
  endfacet
  facet normal 0.3368898533922076 0.9415440651830252 0
    outer loop
      vertex 36.99360145184375 6.460283529974907 0
      vertex 36.86424319468887 6.506568654484198 1
      vertex 36.99360145184375 6.460283529974907 1
    endloop
  endfacet
  facet normal 0.24298017990326018 0.9700312531945449 0
    outer loop
      vertex 37.12687354917742 6.426900607435478 0
      vertex 36.99360145184375 6.460283529974907 1
      vertex 37.12687354917742 6.426900607435478 1
    endloop
  endfacet
  facet normal 0.1467304744553581 0.9891765099647817 0
    outer loop
      vertex 37.26277600353862 6.406741382658924 0
      vertex 37.12687354917742 6.426900607435478 1
      vertex 37.26277600353862 6.406741382658924 1
    endloop
  endfacet
  facet normal 0.04906767432741715 0.9987954562051724 0
    outer loop
      vertex 37.4 6.4 0
      vertex 37.26277600353862 6.406741382658924 1
      vertex 37.4 6.4 1
    endloop
  endfacet
  facet normal -0.04906767432741715 0.9987954562051724 0
    outer loop
      vertex 37.53722399646138 6.406741382658924 0
      vertex 37.4 6.4 1
      vertex 37.53722399646138 6.406741382658924 1
    endloop
  endfacet
  facet normal -0.1467304744553581 0.9891765099647817 0
    outer loop
      vertex 37.67312645082258 6.426900607435478 0
      vertex 37.53722399646138 6.406741382658924 1
      vertex 37.67312645082258 6.426900607435478 1
    endloop
  endfacet
  facet normal -0.24298017990326018 0.9700312531945449 0
    outer loop
      vertex 37.806398548156245 6.460283529974907 0
      vertex 37.67312645082258 6.426900607435478 1
      vertex 37.806398548156245 6.460283529974907 1
    endloop
  endfacet
  facet normal -0.3368898533922076 0.9415440651830252 0
    outer loop
      vertex 37.93575680531113 6.506568654484198 0
      vertex 37.806398548156245 6.460283529974907 1
      vertex 37.93575680531113 6.506568654484198 1
    endloop
  endfacet
  facet normal -0.4275550934302948 0.9039892931234373 0
    outer loop
      vertex 38.059955431556396 6.565310229912303 0
      vertex 37.93575680531113 6.506568654484198 1
      vertex 38.059955431556396 6.565310229912303 1
    endloop
  endfacet
  facet normal -0.5141027441932102 0.857728610000279 0
    outer loop
      vertex 38.177798326227446 6.635942542776436 0
      vertex 38.059955431556396 6.565310229912303 1
      vertex 38.177798326227446 6.635942542776436 1
    endloop
  endfacet
  facet normal -0.5956993044924523 0.8032075314806308 0
    outer loop
      vertex 38.2881505978291 6.717785365292168 0
      vertex 38.177798326227446 6.635942542776436 1
      vertex 38.2881505978291 6.717785365292168 1
    endloop
  endfacet
  facet normal -0.6715589548470235 0.7409511253549543 0
    outer loop
      vertex 38.38994949366116 6.8100505063388335 0
      vertex 38.2881505978291 6.717785365292168 1
      vertex 38.38994949366116 6.8100505063388335 1
    endloop
  endfacet
  facet normal -0.7409511253549508 0.6715589548470274 0
    outer loop
      vertex 38.48221463470783 6.911849402170896 0
      vertex 38.38994949366116 6.8100505063388335 1
      vertex 38.48221463470783 6.911849402170896 1
    endloop
  endfacet
  facet normal -0.8032075314806447 0.5956993044924338 0
    outer loop
      vertex 38.56405745722356 7.022201673772557 0
      vertex 38.48221463470783 6.911849402170896 1
      vertex 38.56405745722356 7.022201673772557 1
    endloop
  endfacet
  facet normal -0.8577286100002693 0.5141027441932263 0
    outer loop
      vertex 38.6346897700877 7.140044568443603 0
      vertex 38.56405745722356 7.022201673772557 1
      vertex 38.6346897700877 7.140044568443603 1
    endloop
  endfacet
  facet normal -0.9039892931234331 0.4275550934303034 0
    outer loop
      vertex 38.693431345515805 7.264243194688874 0
      vertex 38.6346897700877 7.140044568443603 1
      vertex 38.693431345515805 7.264243194688874 1
    endloop
  endfacet
  facet normal -0.9415440651830412 0.3368898533921626 0
    outer loop
      vertex 38.73971647002509 7.393601451843753 0
      vertex 38.693431345515805 7.264243194688874 1
      vertex 38.73971647002509 7.393601451843753 1
    endloop
  endfacet
  facet normal -0.9700312531945423 0.24298017990327087 0
    outer loop
      vertex 38.77309939256452 7.52687354917742 0
      vertex 38.73971647002509 7.393601451843753 1
      vertex 38.77309939256452 7.52687354917742 1
    endloop
  endfacet
  facet normal -0.9891765099647777 0.14673047445538365 0
    outer loop
      vertex 38.793258617341074 7.662776003538615 0
      vertex 38.77309939256452 7.52687354917742 1
      vertex 38.793258617341074 7.662776003538615 1
    endloop
  endfacet
  facet normal -0.9987954562051728 0.0490676743274088 0
    outer loop
      vertex 38.8 7.8 0
      vertex 38.793258617341074 7.662776003538615 1
      vertex 38.8 7.8 1
    endloop
  endfacet
  facet normal -0.9987954562051728 -0.0490676743274088 0
    outer loop
      vertex 38.793258617341074 7.937223996461385 0
      vertex 38.8 7.8 1
      vertex 38.793258617341074 7.937223996461385 1
    endloop
  endfacet
  facet normal -0.9891765099647777 -0.14673047445538365 0
    outer loop
      vertex 38.77309939256452 8.07312645082258 0
      vertex 38.793258617341074 7.937223996461385 1
      vertex 38.77309939256452 8.07312645082258 1
    endloop
  endfacet
  facet normal -0.9700312531945425 -0.24298017990326928 0
    outer loop
      vertex 38.73971647002509 8.206398548156248 0
      vertex 38.77309939256452 8.07312645082258 1
      vertex 38.73971647002509 8.206398548156248 1
    endloop
  endfacet
  facet normal -0.9415440651830412 -0.3368898533921626 0
    outer loop
      vertex 38.693431345515805 8.335756805311126 0
      vertex 38.73971647002509 8.206398548156248 1
      vertex 38.693431345515805 8.335756805311126 1
    endloop
  endfacet
  facet normal -0.9039892931234321 -0.427555093430306 0
    outer loop
      vertex 38.6346897700877 8.459955431556397 0
      vertex 38.693431345515805 8.335756805311126 1
      vertex 38.6346897700877 8.459955431556397 1
    endloop
  endfacet
  facet normal 0.4275550934302948 -0.9039892931234373 0
    outer loop
      vertex 36.7400445684436 9.034689770087697 0
      vertex 36.86424319468887 9.093431345515802 1
      vertex 36.7400445684436 9.034689770087697 1
    endloop
  endfacet
  facet normal 0.3368898533922076 -0.9415440651830252 0
    outer loop
      vertex 36.86424319468887 9.093431345515802 0
      vertex 36.99360145184375 9.139716470025093 1
      vertex 36.86424319468887 9.093431345515802 1
    endloop
  endfacet
  facet normal 0.24298017990326018 -0.9700312531945449 0
    outer loop
      vertex 36.99360145184375 9.139716470025093 0
      vertex 37.12687354917742 9.173099392564522 1
      vertex 36.99360145184375 9.139716470025093 1
    endloop
  endfacet
  facet normal 0.14673047445536444 -0.9891765099647807 0
    outer loop
      vertex 37.12687354917742 9.173099392564522 0
      vertex 37.26277600353862 9.193258617341076 1
      vertex 37.12687354917742 9.173099392564522 1
    endloop
  endfacet
  facet normal 0.0490676743274107 -0.9987954562051727 0
    outer loop
      vertex 37.26277600353862 9.193258617341076 0
      vertex 37.4 9.2 1
      vertex 37.26277600353862 9.193258617341076 1
    endloop
  endfacet
  facet normal -0.0490676743274107 -0.9987954562051727 0
    outer loop
      vertex 37.4 9.2 0
      vertex 37.53722399646138 9.193258617341076 1
      vertex 37.4 9.2 1
    endloop
  endfacet
  facet normal -0.14673047445536444 -0.9891765099647807 0
    outer loop
      vertex 37.53722399646138 9.193258617341076 0
      vertex 37.67312645082258 9.173099392564522 1
      vertex 37.53722399646138 9.193258617341076 1
    endloop
  endfacet
  facet normal -0.24298017990326018 -0.9700312531945449 0
    outer loop
      vertex 37.67312645082258 9.173099392564522 0
      vertex 37.806398548156245 9.139716470025093 1
      vertex 37.67312645082258 9.173099392564522 1
    endloop
  endfacet
  facet normal -0.3368898533922076 -0.9415440651830252 0
    outer loop
      vertex 37.806398548156245 9.139716470025093 0
      vertex 37.93575680531113 9.093431345515802 1
      vertex 37.806398548156245 9.139716470025093 1
    endloop
  endfacet
  facet normal -0.4275550934302948 -0.9039892931234373 0
    outer loop
      vertex 37.93575680531113 9.093431345515802 0
      vertex 38.059955431556396 9.034689770087697 1
      vertex 37.93575680531113 9.093431345515802 1
    endloop
  endfacet
  facet normal -0.6715589548470235 -0.7409511253549543 0
    outer loop
      vertex 38.2881505978291 8.882214634707832 0
      vertex 38.38994949366116 8.789949493661167 1
      vertex 38.2881505978291 8.882214634707832 1
    endloop
  endfacet
  facet normal -0.5141027441932149 -0.8577286100002761 0
    outer loop
      vertex 38.059955431556396 9.034689770087697 0
      vertex 38.177798326227446 8.964057457223563 1
      vertex 38.059955431556396 9.034689770087697 1
    endloop
  endfacet
  facet normal -0.5956993044924439 -0.8032075314806371 0
    outer loop
      vertex 38.177798326227446 8.964057457223563 0
      vertex 38.2881505978291 8.882214634707832 1
      vertex 38.177798326227446 8.964057457223563 1
    endloop
  endfacet
  facet normal -0.8577286100002693 -0.5141027441932263 0
    outer loop
      vertex 38.56405745722356 8.577798326227443 0
      vertex 38.6346897700877 8.459955431556397 1
      vertex 38.56405745722356 8.577798326227443 1
    endloop
  endfacet
  facet normal -0.8032075314806447 -0.5956993044924338 0
    outer loop
      vertex 38.48221463470783 8.688150597829104 0
      vertex 38.56405745722356 8.577798326227443 1
      vertex 38.48221463470783 8.688150597829104 1
    endloop
  endfacet
  facet normal -0.7409511253549538 -0.6715589548470242 0
    outer loop
      vertex 38.38994949366116 8.789949493661167 0
      vertex 38.48221463470783 8.688150597829104 1
      vertex 38.38994949366116 8.789949493661167 1
    endloop
  endfacet
  facet normal 0 0 -1
    outer loop
      vertex 38.2881505978291 6.717785365292168 0
      vertex 44.5 12 0
      vertex 47.5 12 0
    endloop
  endfacet
  facet normal 0 0 1
    outer loop
      vertex 37.806398548156245 9.139716470025093 1
      vertex 37.93575680531113 9.093431345515802 1
      vertex 37.5 12 1
    endloop
  endfacet
  facet normal 0 0 1
    outer loop
      vertex 37.26277600353862 9.193258617341076 1
      vertex 37.4 9.2 1
      vertex 37.5 12 1
    endloop
  endfacet
  facet normal 0 0 1
    outer loop
      vertex 37.53722399646138 9.193258617341076 1
      vertex 37.67312645082258 9.173099392564522 1
      vertex 37.5 12 1
    endloop
  endfacet
  facet normal 0 0 1
    outer loop
      vertex 37.4 9.2 1
      vertex 37.53722399646138 9.193258617341076 1
      vertex 37.5 12 1
    endloop
  endfacet
  facet normal 0 0 1
    outer loop
      vertex 37.67312645082258 9.173099392564522 1
      vertex 37.806398548156245 9.139716470025093 1
      vertex 37.5 12 1
    endloop
  endfacet
  facet normal 0 0 1
    outer loop
      vertex 37.93575680531113 9.093431345515802 1
      vertex 39.5 12 1
      vertex 37.5 12 1
    endloop
  endfacet
  facet normal 0 0 1
    outer loop
      vertex 37.93575680531113 9.093431345515802 1
      vertex 42.5 12 1
      vertex 39.5 12 1
    endloop
  endfacet
  facet normal 0 0 1
    outer loop
      vertex 37.93575680531113 9.093431345515802 1
      vertex 44.5 12 1
      vertex 42.5 12 1
    endloop
  endfacet
  facet normal 0 0 1
    outer loop
      vertex 37.93575680531113 9.093431345515802 1
      vertex 47.5 12 1
      vertex 44.5 12 1
    endloop
  endfacet
  facet normal 0 0 1
    outer loop
      vertex 38.793258617341074 7.662776003538615 1
      vertex 57.35 3.1799999999999997 1
      vertex 38.8 7.8 1
    endloop
  endfacet
  facet normal 0 0 1
    outer loop
      vertex 38.8 7.8 1
      vertex 57.35 3.1799999999999997 1
      vertex 38.793258617341074 7.937223996461385 1
    endloop
  endfacet
  facet normal 0 0 1
    outer loop
      vertex 38.73971647002509 8.206398548156248 1
      vertex 57.35 3.1799999999999997 1
      vertex 38.693431345515805 8.335756805311126 1
    endloop
  endfacet
  facet normal 0 0 1
    outer loop
      vertex 38.793258617341074 7.937223996461385 1
      vertex 57.35 3.1799999999999997 1
      vertex 38.77309939256452 8.07312645082258 1
    endloop
  endfacet
  facet normal 0 0 1
    outer loop
      vertex 38.77309939256452 8.07312645082258 1
      vertex 57.35 3.1799999999999997 1
      vertex 38.73971647002509 8.206398548156248 1
    endloop
  endfacet
  facet normal 0 0 1
    outer loop
      vertex 38.693431345515805 8.335756805311126 1
      vertex 57.35 3.1799999999999997 1
      vertex 38.6346897700877 8.459955431556397 1
    endloop
  endfacet
  facet normal 0 0 1
    outer loop
      vertex 38.56405745722356 8.577798326227443 1
      vertex 38.6346897700877 8.459955431556397 1
      vertex 57.35 3.1799999999999997 1
    endloop
  endfacet
  facet normal 0 0 1
    outer loop
      vertex 37.93575680531113 9.093431345515802 1
      vertex 38.059955431556396 9.034689770087697 1
      vertex 57.35 3.1799999999999997 1
    endloop
  endfacet
  facet normal 0 0 1
    outer loop
      vertex 38.059955431556396 9.034689770087697 1
      vertex 38.177798326227446 8.964057457223563 1
      vertex 57.35 3.1799999999999997 1
    endloop
  endfacet
  facet normal 0 0 1
    outer loop
      vertex 38.177798326227446 8.964057457223563 1
      vertex 38.2881505978291 8.882214634707832 1
      vertex 57.35 3.1799999999999997 1
    endloop
  endfacet
  facet normal 0 0 1
    outer loop
      vertex 38.38994949366116 8.789949493661167 1
      vertex 57.35 3.1799999999999997 1
      vertex 38.2881505978291 8.882214634707832 1
    endloop
  endfacet
  facet normal 0 0 1
    outer loop
      vertex 38.56405745722356 8.577798326227443 1
      vertex 57.35 3.1799999999999997 1
      vertex 38.48221463470783 8.688150597829104 1
    endloop
  endfacet
  facet normal 0 0 1
    outer loop
      vertex 38.38994949366116 8.789949493661167 1
      vertex 38.48221463470783 8.688150597829104 1
      vertex 57.35 3.1799999999999997 1
    endloop
  endfacet
  facet normal 0 0 1
    outer loop
      vertex 37.93575680531113 9.093431345515802 1
      vertex 49.5 12 1
      vertex 47.5 12 1
    endloop
  endfacet
  facet normal 0 0 1
    outer loop
      vertex 37.93575680531113 9.093431345515802 1
      vertex 57.35 3.1799999999999997 1
      vertex 49.5 12 1
    endloop
  endfacet
  facet normal 0 1 0
    outer loop
      vertex 37.5 12 0
      vertex 37.5 12 1
      vertex 39.5 12 0
    endloop
  endfacet
  facet normal 0 1 0
    outer loop
      vertex 42.5 12 0
      vertex 42.5 12 1
      vertex 44.5 12 0
    endloop
  endfacet
  facet normal 0 1 0
    outer loop
      vertex 39.5 12 0
      vertex 37.5 12 1
      vertex 39.5 12 1
    endloop
  endfacet
  facet normal 0 1 0
    outer loop
      vertex 47.5 12 0
      vertex 47.5 12 1
      vertex 49.5 12 0
    endloop
  endfacet
  facet normal 0 1 0
    outer loop
      vertex 44.5 12 0
      vertex 42.5 12 1
      vertex 44.5 12 1
    endloop
  endfacet
  facet normal 0 1 0
    outer loop
      vertex 49.5 12 0
      vertex 47.5 12 1
      vertex 49.5 12 1
    endloop
  endfacet
  facet normal -1 0 0
    outer loop
      vertex 49.5 12 0
      vertex 49.5 12 1
      vertex 49.5 38.125 1
    endloop
  endfacet
  facet normal -1 0 0
    outer loop
      vertex 0 17.86363636363636 0
      vertex 0 17.86363636363636 1
      vertex 0 75 1
    endloop
  endfacet
  facet normal -1 0 0
    outer loop
      vertex 9.5 12 0
      vertex 9.5 12 1
      vertex 9.5 67 0
    endloop
  endfacet
  facet normal 1 0 0
    outer loop
      vertex 7.5 12 1
      vertex 7.5 39.5 0
      vertex 7.5 57.50265111346766 1
    endloop
  endfacet
  facet normal 0 0 1
    outer loop
      vertex 0 17.86363636363636 1
      vertex 7.5 12 1
      vertex 3.410050506338834 58.910050506338834 1
    endloop
  endfacet
  facet normal 0 0 -1
    outer loop
      vertex 0 17.86363636363636 0
      vertex 3.0269006074354774 59.62687354917742 0
      vertex 7.5 39.5 0
    endloop
  endfacet
  facet normal 0 0 -1
    outer loop
      vertex 0 17.86363636363636 0
      vertex 3.006741382658925 59.76277600353861 0
      vertex 3.0269006074354774 59.62687354917742 0
    endloop
  endfacet
  facet normal 0 0 -1
    outer loop
      vertex 0 17.86363636363636 0
      vertex 3 59.9 0
      vertex 3.006741382658925 59.76277600353861 0
    endloop
  endfacet
  facet normal 0 0 -1
    outer loop
      vertex 0 17.86363636363636 0
      vertex 0 75 0
      vertex 3 59.9 0
    endloop
  endfacet
  facet normal -1 0 0
    outer loop
      vertex 9.5 12 1
      vertex 9.5 67 1
      vertex 9.5 67 0
    endloop
  endfacet
  facet normal 0 0 1
    outer loop
      vertex 0 17.86363636363636 1
      vertex 3.410050506338834 58.910050506338834 1
      vertex 3.3177853652921687 59.011849402170895 1
    endloop
  endfacet
  facet normal 0 0 1
    outer loop
      vertex 0 17.86363636363636 1
      vertex 3.235942542776437 59.12220167377256 1
      vertex 3.1653102299123033 59.2400445684436 1
    endloop
  endfacet
  facet normal 0 0 1
    outer loop
      vertex 0 17.86363636363636 1
      vertex 3.1653102299123033 59.2400445684436 1
      vertex 3.1065686544841995 59.364243194688875 1
    endloop
  endfacet
  facet normal 0 0 1
    outer loop
      vertex 0 17.86363636363636 1
      vertex 3.1065686544841995 59.364243194688875 1
      vertex 3.0602835299749085 59.49360145184375 1
    endloop
  endfacet
  facet normal 0 0 1
    outer loop
      vertex 0 17.86363636363636 1
      vertex 3.0602835299749085 59.49360145184375 1
      vertex 3.0269006074354774 59.62687354917742 1
    endloop
  endfacet
  facet normal 0 0 1
    outer loop
      vertex 0 17.86363636363636 1
      vertex 3.3177853652921687 59.011849402170895 1
      vertex 3.235942542776437 59.12220167377256 1
    endloop
  endfacet
  facet normal 0 0 1
    outer loop
      vertex 0 17.86363636363636 1
      vertex 3.0269006074354774 59.62687354917742 1
      vertex 0 75 1
    endloop
  endfacet
  facet normal 0 0 1
    outer loop
      vertex 7.5 12 1
      vertex 3.7400445684436034 58.6653102299123 1
      vertex 3.6222016737725573 58.735942542776435 1
    endloop
  endfacet
  facet normal 0 0 1
    outer loop
      vertex 7.5 12 1
      vertex 3.6222016737725573 58.735942542776435 1
      vertex 3.5118494021708964 58.81778536529217 1
    endloop
  endfacet
  facet normal 0 0 1
    outer loop
      vertex 7.5 12 1
      vertex 3.864243194688875 58.6065686544842 1
      vertex 3.7400445684436034 58.6653102299123 1
    endloop
  endfacet
  facet normal 0 0 1
    outer loop
      vertex 7.5 12 1
      vertex 3.9936014518437535 58.5602835299749 1
      vertex 3.864243194688875 58.6065686544842 1
    endloop
  endfacet
  facet normal 0 0 1
    outer loop
      vertex 7.5 12 1
      vertex 4.126873549177421 58.52690060743548 1
      vertex 3.9936014518437535 58.5602835299749 1
    endloop
  endfacet
  facet normal 0 0 1
    outer loop
      vertex 7.5 12 1
      vertex 3.5118494021708964 58.81778536529217 1
      vertex 3.410050506338834 58.910050506338834 1
    endloop
  endfacet
  facet normal 0 0 1
    outer loop
      vertex 7.5 12 1
      vertex 4.262776003538615 58.50674138265892 1
      vertex 4.126873549177421 58.52690060743548 1
    endloop
  endfacet
  facet normal 0 0 1
    outer loop
      vertex 7.5 12 1
      vertex 4.537223996461385 58.50674138265892 1
      vertex 4.4 58.5 1
    endloop
  endfacet
  facet normal 0 0 1
    outer loop
      vertex 7.5 12 1
      vertex 4.4 58.5 1
      vertex 4.262776003538615 58.50674138265892 1
    endloop
  endfacet
  facet normal 0 0 1
    outer loop
      vertex 7.5 12 1
      vertex 4.67312645082258 58.52690060743548 1
      vertex 4.537223996461385 58.50674138265892 1
    endloop
  endfacet
  facet normal 0 0 1
    outer loop
      vertex 7.5 12 1
      vertex 4.806398548156247 58.5602835299749 1
      vertex 4.67312645082258 58.52690060743548 1
    endloop
  endfacet
  facet normal 0 0 1
    outer loop
      vertex 7.5 12 1
      vertex 7.5 57.50265111346766 1
      vertex 4.806398548156247 58.5602835299749 1
    endloop
  endfacet
  facet normal 0 0 -1
    outer loop
      vertex 9.5 12 0
      vertex 9.5 67 0
      vertex 12.5 12 0
    endloop
  endfacet
  facet normal 1 0 0
    outer loop
      vertex 12.5 12 0
      vertex 12.5 67 0
      vertex 12.5 12 1
    endloop
  endfacet
  facet normal 0 0 -1
    outer loop
      vertex 14.5 12 0
      vertex 14.5 67 0
      vertex 17.5 12 0
    endloop
  endfacet
  facet normal -1 0 0
    outer loop
      vertex 14.5 12 0
      vertex 14.5 12 1
      vertex 14.5 67 0
    endloop
  endfacet
  facet normal -1 0 0
    outer loop
      vertex 19.5 12 0
      vertex 19.5 12 1
      vertex 19.5 67 0
    endloop
  endfacet
  facet normal 0 0 -1
    outer loop
      vertex 19.5 12 0
      vertex 19.5 67 0
      vertex 22.5 12 0
    endloop
  endfacet
  facet normal 1 0 0
    outer loop
      vertex 17.5 12 0
      vertex 17.5 67 1
      vertex 17.5 12 1
    endloop
  endfacet
  facet normal 1 0 0
    outer loop
      vertex 22.5 12 0
      vertex 22.5 67 1
      vertex 22.5 12 1
    endloop
  endfacet
  facet normal 0 0 1
    outer loop
      vertex 9.5 12 1
      vertex 12.5 12 1
      vertex 12.5 67 1
    endloop
  endfacet
  facet normal 0 0 1
    outer loop
      vertex 14.5 12 1
      vertex 17.5 12 1
      vertex 17.5 67 1
    endloop
  endfacet
  facet normal 0 0 1
    outer loop
      vertex 19.5 12 1
      vertex 22.5 12 1
      vertex 22.5 67 1
    endloop
  endfacet
  facet normal 0 0 -1
    outer loop
      vertex 12.5 12 0
      vertex 9.5 67 0
      vertex 12.5 67 0
    endloop
  endfacet
  facet normal 0 0 -1
    outer loop
      vertex 17.5 12 0
      vertex 14.5 67 0
      vertex 17.5 67 0
    endloop
  endfacet
  facet normal 1 0 0
    outer loop
      vertex 12.5 12 1
      vertex 12.5 67 0
      vertex 12.5 67 1
    endloop
  endfacet
  facet normal -1 0 0
    outer loop
      vertex 14.5 12 1
      vertex 14.5 67 1
      vertex 14.5 67 0
    endloop
  endfacet
  facet normal 1 0 0
    outer loop
      vertex 17.5 12 0
      vertex 17.5 67 0
      vertex 17.5 67 1
    endloop
  endfacet
  facet normal 0 0 -1
    outer loop
      vertex 22.5 12 0
      vertex 19.5 67 0
      vertex 22.5 67 0
    endloop
  endfacet
  facet normal 1 0 0
    outer loop
      vertex 22.5 12 0
      vertex 22.5 67 0
      vertex 22.5 67 1
    endloop
  endfacet
  facet normal -1 0 0
    outer loop
      vertex 19.5 12 1
      vertex 19.5 67 1
      vertex 19.5 67 0
    endloop
  endfacet
  facet normal 0 0 1
    outer loop
      vertex 9.5 12 1
      vertex 12.5 67 1
      vertex 9.5 67 1
    endloop
  endfacet
  facet normal 0 0 1
    outer loop
      vertex 14.5 12 1
      vertex 17.5 67 1
      vertex 14.5 67 1
    endloop
  endfacet
  facet normal 0 0 1
    outer loop
      vertex 19.5 12 1
      vertex 22.5 67 1
      vertex 19.5 67 1
    endloop
  endfacet
  facet normal -1 0 0
    outer loop
      vertex 0 17.86363636363636 0
      vertex 0 75 1
      vertex 0 75 0
    endloop
  endfacet
  facet normal 0.6715589548470274 0.7409511253549508 0
    outer loop
      vertex 3.410050506338834 58.910050506338834 0
      vertex 3.410050506338834 58.910050506338834 1
      vertex 3.5118494021708964 58.81778536529217 0
    endloop
  endfacet
  facet normal 0.5956993044924338 0.8032075314806447 6.283076361283871e-18
    outer loop
      vertex 3.6222016737725573 58.735942542776435 0
      vertex 3.5118494021708964 58.81778536529217 0
      vertex 3.5118494021708964 58.81778536529217 1
    endloop
  endfacet
  facet normal 0.8577286100002652 0.5141027441932329 0
    outer loop
      vertex 3.1653102299123033 59.2400445684436 0
      vertex 3.1653102299123033 59.2400445684436 1
      vertex 3.235942542776437 59.12220167377256 0
    endloop
  endfacet
  facet normal 0.9039892931234492 0.42755509343026954 0
    outer loop
      vertex 3.1065686544841995 59.364243194688875 0
      vertex 3.1065686544841995 59.364243194688875 1
      vertex 3.1653102299123033 59.2400445684436 0
    endloop
  endfacet
  facet normal 0.9415440651830194 0.33688985339222405 -2.0290536989548994e-18
    outer loop
      vertex 3.1065686544841995 59.364243194688875 0
      vertex 3.0602835299749085 59.49360145184375 0
      vertex 3.0602835299749085 59.49360145184375 1
    endloop
  endfacet
  facet normal 0.970031253194542 0.2429801799032724 2.4478345279411793e-18
    outer loop
      vertex 3.0602835299749085 59.49360145184375 0
      vertex 3.0269006074354774 59.62687354917742 0
      vertex 3.0269006074354774 59.62687354917742 1
    endloop
  endfacet
  facet normal 0.9891765099647812 0.14673047445535928 1.5351186779532718e-18
    outer loop
      vertex 3.0269006074354774 59.62687354917742 0
      vertex 3.006741382658925 59.76277600353861 0
      vertex 3.006741382658925 59.76277600353861 1
    endloop
  endfacet
  facet normal 0.8032075314806492 0.5956993044924275 0
    outer loop
      vertex 3.235942542776437 59.12220167377256 0
      vertex 3.235942542776437 59.12220167377256 1
      vertex 3.3177853652921687 59.011849402170895 0
    endloop
  endfacet
  facet normal 0.7409511253549543 0.6715589548470235 -4.6074407846844055e-18
    outer loop
      vertex 3.410050506338834 58.910050506338834 0
      vertex 3.3177853652921687 59.011849402170895 0
      vertex 3.3177853652921687 59.011849402170895 1
    endloop
  endfacet
  facet normal 0.9987954562051722 0.04906767432742106 -9.181758948987692e-20
    outer loop
      vertex 3.006741382658925 59.76277600353861 0
      vertex 3 59.9 0
      vertex 3 59.9 1
    endloop
  endfacet
  facet normal 0.9987954562051722 -0.04906767432742106 9.181758948987692e-20
    outer loop
      vertex 3 59.9 0
      vertex 3.006741382658925 60.037223996461385 0
      vertex 3.006741382658925 60.037223996461385 1
    endloop
  endfacet
  facet normal 0.9891765099647812 -0.14673047445535928 -1.5351186779532718e-18
    outer loop
      vertex 3.006741382658925 60.037223996461385 0
      vertex 3.0269006074354774 60.17312645082258 0
      vertex 3.0269006074354774 60.17312645082258 1
    endloop
  endfacet
  facet normal 0.970031253194542 -0.2429801799032724 -2.4478345279411793e-18
    outer loop
      vertex 3.0269006074354774 60.17312645082258 0
      vertex 3.0602835299749085 60.306398548156245 0
      vertex 3.0602835299749085 60.306398548156245 1
    endloop
  endfacet
  facet normal 0.9415440651830194 -0.33688985339222405 2.0290536989548994e-18
    outer loop
      vertex 3.0602835299749085 60.306398548156245 0
      vertex 3.1065686544841995 60.43575680531112 0
      vertex 3.1065686544841995 60.43575680531112 1
    endloop
  endfacet
  facet normal 0.9039892931234492 -0.42755509343026954 -3.086534509167671e-18
    outer loop
      vertex 3.1065686544841995 60.43575680531112 0
      vertex 3.1653102299123033 60.559955431556396 0
      vertex 3.1653102299123033 60.559955431556396 1
    endloop
  endfacet
  facet normal 0.8577286100002652 -0.5141027441932329 3.494298862319232e-18
    outer loop
      vertex 3.1653102299123033 60.559955431556396 0
      vertex 3.235942542776437 60.67779832622744 0
      vertex 3.235942542776437 60.67779832622744 1
    endloop
  endfacet
  facet normal 0.8032075314806492 -0.5956993044924275 3.90699745554514e-18
    outer loop
      vertex 3.235942542776437 60.67779832622744 0
      vertex 3.3177853652921687 60.7881505978291 0
      vertex 3.3177853652921687 60.7881505978291 1
    endloop
  endfacet
  facet normal 0.7409511253549543 -0.6715589548470235 4.6074407846844055e-18
    outer loop
      vertex 3.3177853652921687 60.7881505978291 0
      vertex 3.410050506338834 60.88994949366116 0
      vertex 3.410050506338834 60.88994949366116 1
    endloop
  endfacet
  facet normal 0.6715589548470274 -0.7409511253549508 -1.9352455436665153e-18
    outer loop
      vertex 3.410050506338834 60.88994949366116 0
      vertex 3.5118494021708964 60.98221463470783 0
      vertex 3.5118494021708964 60.98221463470783 1
    endloop
  endfacet
  facet normal 0.5956993044924338 -0.8032075314806447 -6.283076361283871e-18
    outer loop
      vertex 3.5118494021708964 60.98221463470783 0
      vertex 3.6222016737725573 61.06405745722356 0
      vertex 3.6222016737725573 61.06405745722356 1
    endloop
  endfacet
  facet normal 0.7409511253549543 0.6715589548470235 0
    outer loop
      vertex 3.410050506338834 58.910050506338834 0
      vertex 3.3177853652921687 59.011849402170895 1
      vertex 3.410050506338834 58.910050506338834 1
    endloop
  endfacet
  facet normal 0.6715589548470274 0.7409511253549508 0
    outer loop
      vertex 3.5118494021708964 58.81778536529217 0
      vertex 3.410050506338834 58.910050506338834 1
      vertex 3.5118494021708964 58.81778536529217 1
    endloop
  endfacet
  facet normal 0.5956993044924338 0.8032075314806447 0
    outer loop
      vertex 3.6222016737725573 58.735942542776435 0
      vertex 3.5118494021708964 58.81778536529217 1
      vertex 3.6222016737725573 58.735942542776435 1
    endloop
  endfacet
  facet normal 0.9039892931234492 0.42755509343026954 0
    outer loop
      vertex 3.1653102299123033 59.2400445684436 0
      vertex 3.1065686544841995 59.364243194688875 1
      vertex 3.1653102299123033 59.2400445684436 1
    endloop
  endfacet
  facet normal 0.9415440651830194 0.33688985339222405 0
    outer loop
      vertex 3.1065686544841995 59.364243194688875 0
      vertex 3.0602835299749085 59.49360145184375 1
      vertex 3.1065686544841995 59.364243194688875 1
    endloop
  endfacet
  facet normal 0.970031253194542 0.2429801799032724 0
    outer loop
      vertex 3.0602835299749085 59.49360145184375 0
      vertex 3.0269006074354774 59.62687354917742 1
      vertex 3.0602835299749085 59.49360145184375 1
    endloop
  endfacet
  facet normal 0.9891765099647812 0.14673047445535928 0
    outer loop
      vertex 3.0269006074354774 59.62687354917742 0
      vertex 3.006741382658925 59.76277600353861 1
      vertex 3.0269006074354774 59.62687354917742 1
    endloop
  endfacet
  facet normal 0.8032075314806492 0.5956993044924275 0
    outer loop
      vertex 3.3177853652921687 59.011849402170895 0
      vertex 3.235942542776437 59.12220167377256 1
      vertex 3.3177853652921687 59.011849402170895 1
    endloop
  endfacet
  facet normal 0.8577286100002652 0.5141027441932329 0
    outer loop
      vertex 3.235942542776437 59.12220167377256 0
      vertex 3.1653102299123033 59.2400445684436 1
      vertex 3.235942542776437 59.12220167377256 1
    endloop
  endfacet
  facet normal 0.9987954562051722 -0.04906767432742106 0
    outer loop
      vertex 3 59.9 0
      vertex 3.006741382658925 60.037223996461385 1
      vertex 3 59.9 1
    endloop
  endfacet
  facet normal 0.9987954562051722 0.04906767432742106 0
    outer loop
      vertex 3.006741382658925 59.76277600353861 0
      vertex 3 59.9 1
      vertex 3.006741382658925 59.76277600353861 1
    endloop
  endfacet
  facet normal 0.9891765099647812 -0.14673047445535928 0
    outer loop
      vertex 3.006741382658925 60.037223996461385 0
      vertex 3.0269006074354774 60.17312645082258 1
      vertex 3.006741382658925 60.037223996461385 1
    endloop
  endfacet
  facet normal 0.970031253194542 -0.2429801799032724 0
    outer loop
      vertex 3.0269006074354774 60.17312645082258 0
      vertex 3.0602835299749085 60.306398548156245 1
      vertex 3.0269006074354774 60.17312645082258 1
    endloop
  endfacet
  facet normal 0.9415440651830194 -0.33688985339222405 0
    outer loop
      vertex 3.0602835299749085 60.306398548156245 0
      vertex 3.1065686544841995 60.43575680531112 1
      vertex 3.0602835299749085 60.306398548156245 1
    endloop
  endfacet
  facet normal 0.9039892931234492 -0.42755509343026954 0
    outer loop
      vertex 3.1065686544841995 60.43575680531112 0
      vertex 3.1653102299123033 60.559955431556396 1
      vertex 3.1065686544841995 60.43575680531112 1
    endloop
  endfacet
  facet normal 0.8577286100002652 -0.5141027441932329 0
    outer loop
      vertex 3.1653102299123033 60.559955431556396 0
      vertex 3.235942542776437 60.67779832622744 1
      vertex 3.1653102299123033 60.559955431556396 1
    endloop
  endfacet
  facet normal 0.8032075314806492 -0.5956993044924275 0
    outer loop
      vertex 3.235942542776437 60.67779832622744 0
      vertex 3.3177853652921687 60.7881505978291 1
      vertex 3.235942542776437 60.67779832622744 1
    endloop
  endfacet
  facet normal 0.7409511253549543 -0.6715589548470235 0
    outer loop
      vertex 3.3177853652921687 60.7881505978291 0
      vertex 3.410050506338834 60.88994949366116 1
      vertex 3.3177853652921687 60.7881505978291 1
    endloop
  endfacet
  facet normal 0.6715589548470274 -0.7409511253549508 0
    outer loop
      vertex 3.410050506338834 60.88994949366116 0
      vertex 3.5118494021708964 60.98221463470783 1
      vertex 3.410050506338834 60.88994949366116 1
    endloop
  endfacet
  facet normal 0.5956993044924338 -0.8032075314806447 0
    outer loop
      vertex 3.5118494021708964 60.98221463470783 0
      vertex 3.6222016737725573 61.06405745722356 1
      vertex 3.5118494021708964 60.98221463470783 1
    endloop
  endfacet
  facet normal 0 0 -1
    outer loop
      vertex 7.5 39.5 0
      vertex 3.6222016737725573 58.735942542776435 0
      vertex 3.7400445684436034 58.6653102299123 0
    endloop
  endfacet
  facet normal 0 0 -1
    outer loop
      vertex 7.5 39.5 0
      vertex 3.7400445684436034 58.6653102299123 0
      vertex 3.864243194688875 58.6065686544842 0
    endloop
  endfacet
  facet normal 0 0 -1
    outer loop
      vertex 7.5 39.5 0
      vertex 3.864243194688875 58.6065686544842 0
      vertex 3.9936014518437535 58.5602835299749 0
    endloop
  endfacet
  facet normal 0 0 -1
    outer loop
      vertex 7.5 39.5 0
      vertex 3.9936014518437535 58.5602835299749 0
      vertex 4.126873549177421 58.52690060743548 0
    endloop
  endfacet
  facet normal 0 0 -1
    outer loop
      vertex 7.5 39.5 0
      vertex 3.1653102299123033 59.2400445684436 0
      vertex 3.235942542776437 59.12220167377256 0
    endloop
  endfacet
  facet normal 0 0 -1
    outer loop
      vertex 7.5 39.5 0
      vertex 3.1065686544841995 59.364243194688875 0
      vertex 3.1653102299123033 59.2400445684436 0
    endloop
  endfacet
  facet normal 0 0 -1
    outer loop
      vertex 7.5 39.5 0
      vertex 3.3177853652921687 59.011849402170895 0
      vertex 3.410050506338834 58.910050506338834 0
    endloop
  endfacet
  facet normal 0 0 -1
    outer loop
      vertex 7.5 39.5 0
      vertex 3.410050506338834 58.910050506338834 0
      vertex 3.5118494021708964 58.81778536529217 0
    endloop
  endfacet
  facet normal 0 0 -1
    outer loop
      vertex 7.5 39.5 0
      vertex 3.235942542776437 59.12220167377256 0
      vertex 3.3177853652921687 59.011849402170895 0
    endloop
  endfacet
  facet normal 0 0 -1
    outer loop
      vertex 7.5 39.5 0
      vertex 3.0602835299749085 59.49360145184375 0
      vertex 3.1065686544841995 59.364243194688875 0
    endloop
  endfacet
  facet normal 0 0 -1
    outer loop
      vertex 7.5 39.5 0
      vertex 3.0269006074354774 59.62687354917742 0
      vertex 3.0602835299749085 59.49360145184375 0
    endloop
  endfacet
  facet normal 0 0 -1
    outer loop
      vertex 7.5 39.5 0
      vertex 3.5118494021708964 58.81778536529217 0
      vertex 3.6222016737725573 58.735942542776435 0
    endloop
  endfacet
  facet normal 0 0 -1
    outer loop
      vertex 7.5 39.5 0
      vertex 4.126873549177421 58.52690060743548 0
      vertex 4.262776003538615 58.50674138265892 0
    endloop
  endfacet
  facet normal 0 0 -1
    outer loop
      vertex 7.5 39.5 0
      vertex 4.262776003538615 58.50674138265892 0
      vertex 4.4 58.5 0
    endloop
  endfacet
  facet normal 0 0 -1
    outer loop
      vertex 7.5 39.5 0
      vertex 4.4 58.5 0
      vertex 4.537223996461385 58.50674138265892 0
    endloop
  endfacet
  facet normal 0 0 -1
    outer loop
      vertex 7.5 39.5 0
      vertex 4.537223996461385 58.50674138265892 0
      vertex 4.67312645082258 58.52690060743548 0
    endloop
  endfacet
  facet normal 0 0 -1
    outer loop
      vertex 7.5 39.5 0
      vertex 4.67312645082258 58.52690060743548 0
      vertex 4.806398548156247 58.5602835299749 0
    endloop
  endfacet
  facet normal 0 0 -1
    outer loop
      vertex 7.5 39.5 0
      vertex 4.806398548156247 58.5602835299749 0
      vertex 4.935756805311126 58.6065686544842 0
    endloop
  endfacet
  facet normal 0 0 -1
    outer loop
      vertex 7.5 39.5 0
      vertex 4.935756805311126 58.6065686544842 0
      vertex 5.059955431556397 58.6653102299123 0
    endloop
  endfacet
  facet normal 0 0 -1
    outer loop
      vertex 7.5 39.5 0
      vertex 5.059955431556397 58.6653102299123 0
      vertex 5.177798326227443 58.735942542776435 0
    endloop
  endfacet
  facet normal 0 0 -1
    outer loop
      vertex 7.5 39.5 0
      vertex 5.177798326227443 58.735942542776435 0
      vertex 5.288150597829104 58.81778536529217 0
    endloop
  endfacet
  facet normal 0 0 -1
    outer loop
      vertex 7.5 39.5 0
      vertex 5.288150597829104 58.81778536529217 0
      vertex 5.389949493661167 58.910050506338834 0
    endloop
  endfacet
  facet normal 0 0 -1
    outer loop
      vertex 7.5 39.5 0
      vertex 5.389949493661167 58.910050506338834 0
      vertex 5.482214634707832 59.011849402170895 0
    endloop
  endfacet
  facet normal 0 0 -1
    outer loop
      vertex 7.5 39.5 0
      vertex 5.482214634707832 59.011849402170895 0
      vertex 5.564057457223564 59.12220167377256 0
    endloop
  endfacet
  facet normal 0 0 -1
    outer loop
      vertex 7.5 39.5 0
      vertex 5.564057457223564 59.12220167377256 0
      vertex 5.6346897700876974 59.2400445684436 0
    endloop
  endfacet
  facet normal 0 0 -1
    outer loop
      vertex 7.5 39.5 0
      vertex 5.6346897700876974 59.2400445684436 0
      vertex 5.693431345515801 59.364243194688875 0
    endloop
  endfacet
  facet normal 0 0 -1
    outer loop
      vertex 7.5 39.5 0
      vertex 5.693431345515801 59.364243194688875 0
      vertex 5.739716470025092 59.49360145184375 0
    endloop
  endfacet
  facet normal 0 0 -1
    outer loop
      vertex 7.5 39.5 0
      vertex 5.739716470025092 59.49360145184375 0
      vertex 5.773099392564523 59.62687354917742 0
    endloop
  endfacet
  facet normal 0 0 -1
    outer loop
      vertex 7.5 39.5 0
      vertex 5.773099392564523 59.62687354917742 0
      vertex 5.793258617341076 59.76277600353861 0
    endloop
  endfacet
  facet normal 0 0 -1
    outer loop
      vertex 7.5 39.5 0
      vertex 5.800000000000001 59.9 0
      vertex 5.793258617341076 60.037223996461385 0
    endloop
  endfacet
  facet normal 0 0 -1
    outer loop
      vertex 7.5 39.5 0
      vertex 5.793258617341076 59.76277600353861 0
      vertex 5.800000000000001 59.9 0
    endloop
  endfacet
  facet normal 0 0 -1
    outer loop
      vertex 7.5 39.5 0
      vertex 5.793258617341076 60.037223996461385 0
      vertex 7.5 67 0
    endloop
  endfacet
  facet normal 1 0 0
    outer loop
      vertex 7.5 39.5 0
      vertex 7.5 67 0
      vertex 7.5 57.50265111346766 1
    endloop
  endfacet
  facet normal 0.5141027441932263 0.8577286100002693 0
    outer loop
      vertex 3.6222016737725573 58.735942542776435 0
      vertex 3.6222016737725573 58.735942542776435 1
      vertex 3.7400445684436034 58.6653102299123 0
    endloop
  endfacet
  facet normal 0.42755509343026116 0.9039892931234532 0
    outer loop
      vertex 3.7400445684436034 58.6653102299123 0
      vertex 3.7400445684436034 58.6653102299123 1
      vertex 3.864243194688875 58.6065686544842 0
    endloop
  endfacet
  facet normal 0.3368898533922543 0.9415440651830086 0
    outer loop
      vertex 3.864243194688875 58.6065686544842 0
      vertex 3.864243194688875 58.6065686544842 1
      vertex 3.9936014518437535 58.5602835299749 0
    endloop
  endfacet
  facet normal 0.24298017990322218 0.9700312531945545 0
    outer loop
      vertex 3.9936014518437535 58.5602835299749 0
      vertex 3.9936014518437535 58.5602835299749 1
      vertex 4.126873549177421 58.52690060743548 0
    endloop
  endfacet
  facet normal 0.14673047445538365 0.9891765099647777 0
    outer loop
      vertex 4.126873549177421 58.52690060743548 0
      vertex 4.126873549177421 58.52690060743548 1
      vertex 4.262776003538615 58.50674138265892 0
    endloop
  endfacet
  facet normal 0.0490676743274088 0.9987954562051728 0
    outer loop
      vertex 4.262776003538615 58.50674138265892 0
      vertex 4.262776003538615 58.50674138265892 1
      vertex 4.4 58.5 0
    endloop
  endfacet
  facet normal -0.0490676743274088 0.9987954562051728 0
    outer loop
      vertex 4.4 58.5 0
      vertex 4.4 58.5 1
      vertex 4.537223996461385 58.50674138265892 0
    endloop
  endfacet
  facet normal -0.14673047445538365 0.9891765099647777 0
    outer loop
      vertex 4.537223996461385 58.50674138265892 0
      vertex 4.537223996461385 58.50674138265892 1
      vertex 4.67312645082258 58.52690060743548 0
    endloop
  endfacet
  facet normal -0.24298017990322218 0.9700312531945545 0
    outer loop
      vertex 4.67312645082258 58.52690060743548 0
      vertex 4.67312645082258 58.52690060743548 1
      vertex 4.806398548156247 58.5602835299749 0
    endloop
  endfacet
  facet normal -0.3368898533922543 0.9415440651830086 0
    outer loop
      vertex 4.806398548156247 58.5602835299749 0
      vertex 4.806398548156247 58.5602835299749 1
      vertex 4.935756805311126 58.6065686544842 0
    endloop
  endfacet
  facet normal -0.42755509343026116 0.9039892931234532 0
    outer loop
      vertex 4.935756805311126 58.6065686544842 0
      vertex 4.935756805311126 58.6065686544842 1
      vertex 5.059955431556397 58.6653102299123 0
    endloop
  endfacet
  facet normal -0.5141027441932263 0.8577286100002693 0
    outer loop
      vertex 5.059955431556397 58.6653102299123 0
      vertex 5.059955431556397 58.6653102299123 1
      vertex 5.177798326227443 58.735942542776435 0
    endloop
  endfacet
  facet normal -0.5956993044924338 0.8032075314806447 0
    outer loop
      vertex 5.177798326227443 58.735942542776435 0
      vertex 5.177798326227443 58.735942542776435 1
      vertex 5.288150597829104 58.81778536529217 0
    endloop
  endfacet
  facet normal 0.5141027441932263 -0.8577286100002693 3.3748389536418414e-18
    outer loop
      vertex 3.6222016737725573 61.06405745722356 0
      vertex 3.7400445684436034 61.1346897700877 0
      vertex 3.7400445684436034 61.1346897700877 1
    endloop
  endfacet
  facet normal 0.42755509343026116 -0.9039892931234532 -3.0379202815981066e-18
    outer loop
      vertex 3.7400445684436034 61.1346897700877 0
      vertex 3.864243194688875 61.1934313455158 0
      vertex 3.864243194688875 61.1934313455158 1
    endloop
  endfacet
  facet normal 0.3368898533922543 -0.9415440651830086 -6.914953061869487e-19
    outer loop
      vertex 3.864243194688875 61.1934313455158 0
      vertex 3.9936014518437535 61.239716470025094 0
      vertex 3.9936014518437535 61.239716470025094 1
    endloop
  endfacet
  facet normal 0.24298017990322218 -0.9700312531945545 1.9795579601188926e-19
    outer loop
      vertex 3.9936014518437535 61.239716470025094 0
      vertex 4.126873549177421 61.27309939256452 0
      vertex 4.126873549177421 61.27309939256452 1
    endloop
  endfacet
  facet normal 0.14673047445538365 -0.9891765099647777 3.556677297038387e-19
    outer loop
      vertex 4.126873549177421 61.27309939256452 0
      vertex 4.262776003538615 61.293258617341074 0
      vertex 4.262776003538615 61.293258617341074 1
    endloop
  endfacet
  facet normal 0.0490676743274088 -0.9987954562051728 3.0585617803850997e-19
    outer loop
      vertex 4.262776003538615 61.293258617341074 0
      vertex 4.4 61.3 0
      vertex 4.4 61.3 1
    endloop
  endfacet
  facet normal -0.0490676743274088 -0.9987954562051728 -3.0585617803850997e-19
    outer loop
      vertex 4.4 61.3 0
      vertex 4.537223996461385 61.293258617341074 0
      vertex 4.537223996461385 61.293258617341074 1
    endloop
  endfacet
  facet normal -0.14673047445538365 -0.9891765099647777 -3.556677297038387e-19
    outer loop
      vertex 4.537223996461385 61.293258617341074 0
      vertex 4.67312645082258 61.27309939256452 0
      vertex 4.67312645082258 61.27309939256452 1
    endloop
  endfacet
  facet normal -0.24298017990322218 -0.9700312531945545 -1.9795579601188926e-19
    outer loop
      vertex 4.67312645082258 61.27309939256452 0
      vertex 4.806398548156247 61.239716470025094 0
      vertex 4.806398548156247 61.239716470025094 1
    endloop
  endfacet
  facet normal -0.5956993044924338 -0.8032075314806447 6.283076361283871e-18
    outer loop
      vertex 5.177798326227443 61.06405745722356 0
      vertex 5.288150597829104 60.98221463470783 0
      vertex 5.288150597829104 60.98221463470783 1
    endloop
  endfacet
  facet normal -0.3368898533922543 -0.9415440651830086 6.914953061869487e-19
    outer loop
      vertex 4.806398548156247 61.239716470025094 0
      vertex 4.935756805311126 61.1934313455158 0
      vertex 4.935756805311126 61.1934313455158 1
    endloop
  endfacet
  facet normal -0.42755509343026116 -0.9039892931234532 3.0379202815981066e-18
    outer loop
      vertex 4.935756805311126 61.1934313455158 0
      vertex 5.059955431556397 61.1346897700877 0
      vertex 5.059955431556397 61.1346897700877 1
    endloop
  endfacet
  facet normal -0.5141027441932263 -0.8577286100002693 -3.3748389536418414e-18
    outer loop
      vertex 5.059955431556397 61.1346897700877 0
      vertex 5.177798326227443 61.06405745722356 0
      vertex 5.177798326227443 61.06405745722356 1
    endloop
  endfacet
  facet normal -0.6715589548470274 0.7409511253549508 0
    outer loop
      vertex 5.288150597829104 58.81778536529217 0
      vertex 5.288150597829104 58.81778536529217 1
      vertex 5.389949493661167 58.910050506338834 0
    endloop
  endfacet
  facet normal -0.7409511253549543 0.6715589548470235 0
    outer loop
      vertex 5.389949493661167 58.910050506338834 0
      vertex 5.389949493661167 58.910050506338834 1
      vertex 5.482214634707832 59.011849402170895 0
    endloop
  endfacet
  facet normal -0.8032075314806492 0.5956993044924275 0
    outer loop
      vertex 5.482214634707832 59.011849402170895 0
      vertex 5.482214634707832 59.011849402170895 1
      vertex 5.564057457223564 59.12220167377256 0
    endloop
  endfacet
  facet normal -0.8577286100002652 0.5141027441932329 0
    outer loop
      vertex 5.564057457223564 59.12220167377256 0
      vertex 5.564057457223564 59.12220167377256 1
      vertex 5.6346897700876974 59.2400445684436 0
    endloop
  endfacet
  facet normal -0.9039892931234492 0.42755509343026954 0
    outer loop
      vertex 5.6346897700876974 59.2400445684436 0
      vertex 5.6346897700876974 59.2400445684436 1
      vertex 5.693431345515801 59.364243194688875 0
    endloop
  endfacet
  facet normal -0.9415440651830194 0.33688985339222405 0
    outer loop
      vertex 5.693431345515801 59.364243194688875 0
      vertex 5.693431345515801 59.364243194688875 1
      vertex 5.739716470025092 59.49360145184375 0
    endloop
  endfacet
  facet normal -0.970031253194542 0.2429801799032724 0
    outer loop
      vertex 5.739716470025092 59.49360145184375 0
      vertex 5.739716470025092 59.49360145184375 1
      vertex 5.773099392564523 59.62687354917742 0
    endloop
  endfacet
  facet normal -0.9891765099647812 0.14673047445535928 0
    outer loop
      vertex 5.773099392564523 59.62687354917742 0
      vertex 5.773099392564523 59.62687354917742 1
      vertex 5.793258617341076 59.76277600353861 0
    endloop
  endfacet
  facet normal -0.9039892931234492 -0.42755509343026954 0
    outer loop
      vertex 5.693431345515801 60.43575680531112 0
      vertex 5.693431345515801 60.43575680531112 1
      vertex 5.6346897700876974 60.559955431556396 0
    endloop
  endfacet
  facet normal -0.8577286100002652 -0.5141027441932329 0
    outer loop
      vertex 5.6346897700876974 60.559955431556396 0
      vertex 5.6346897700876974 60.559955431556396 1
      vertex 5.564057457223564 60.67779832622744 0
    endloop
  endfacet
  facet normal -0.9987954562051722 0.04906767432742106 0
    outer loop
      vertex 5.793258617341076 59.76277600353861 0
      vertex 5.793258617341076 59.76277600353861 1
      vertex 5.800000000000001 59.9 0
    endloop
  endfacet
  facet normal -0.9987954562051722 -0.04906767432742106 0
    outer loop
      vertex 5.800000000000001 59.9 0
      vertex 5.800000000000001 59.9 1
      vertex 5.793258617341076 60.037223996461385 0
    endloop
  endfacet
  facet normal -0.9891765099647812 -0.14673047445535928 0
    outer loop
      vertex 5.793258617341076 60.037223996461385 0
      vertex 5.793258617341076 60.037223996461385 1
      vertex 5.773099392564523 60.17312645082258 0
    endloop
  endfacet
  facet normal -0.970031253194542 -0.2429801799032724 0
    outer loop
      vertex 5.773099392564523 60.17312645082258 0
      vertex 5.773099392564523 60.17312645082258 1
      vertex 5.739716470025092 60.306398548156245 0
    endloop
  endfacet
  facet normal -0.9415440651830194 -0.33688985339222405 -2.0290536989548994e-18
    outer loop
      vertex 5.693431345515801 60.43575680531112 0
      vertex 5.739716470025092 60.306398548156245 0
      vertex 5.739716470025092 60.306398548156245 1
    endloop
  endfacet
  facet normal -0.6715589548470274 -0.7409511253549508 1.9352455436665153e-18
    outer loop
      vertex 5.288150597829104 60.98221463470783 0
      vertex 5.389949493661167 60.88994949366116 0
      vertex 5.389949493661167 60.88994949366116 1
    endloop
  endfacet
  facet normal -0.7409511253549543 -0.6715589548470235 0
    outer loop
      vertex 5.482214634707832 60.7881505978291 0
      vertex 5.482214634707832 60.7881505978291 1
      vertex 5.389949493661167 60.88994949366116 0
    endloop
  endfacet
  facet normal -0.8032075314806492 -0.5956993044924275 -3.90699745554514e-18
    outer loop
      vertex 5.482214634707832 60.7881505978291 0
      vertex 5.564057457223564 60.67779832622744 0
      vertex 5.564057457223564 60.67779832622744 1
    endloop
  endfacet
  facet normal 0 0 -1
    outer loop
      vertex 5.693431345515801 60.43575680531112 0
      vertex 5.6346897700876974 60.559955431556396 0
      vertex 7.5 67 0
    endloop
  endfacet
  facet normal 0 0 -1
    outer loop
      vertex 5.693431345515801 60.43575680531112 0
      vertex 7.5 67 0
      vertex 5.739716470025092 60.306398548156245 0
    endloop
  endfacet
  facet normal 0 0 -1
    outer loop
      vertex 5.793258617341076 60.037223996461385 0
      vertex 5.773099392564523 60.17312645082258 0
      vertex 7.5 67 0
    endloop
  endfacet
  facet normal 0 0 -1
    outer loop
      vertex 5.773099392564523 60.17312645082258 0
      vertex 5.739716470025092 60.306398548156245 0
      vertex 7.5 67 0
    endloop
  endfacet
  facet normal 0 0 -1
    outer loop
      vertex 5.482214634707832 60.7881505978291 0
      vertex 7.5 67 0
      vertex 5.564057457223564 60.67779832622744 0
    endloop
  endfacet
  facet normal 0 0 -1
    outer loop
      vertex 5.6346897700876974 60.559955431556396 0
      vertex 5.564057457223564 60.67779832622744 0
      vertex 7.5 67 0
    endloop
  endfacet
  facet normal 0.5141027441932263 0.8577286100002693 0
    outer loop
      vertex 3.7400445684436034 58.6653102299123 0
      vertex 3.6222016737725573 58.735942542776435 1
      vertex 3.7400445684436034 58.6653102299123 1
    endloop
  endfacet
  facet normal 0.42755509343026116 0.9039892931234532 0
    outer loop
      vertex 3.864243194688875 58.6065686544842 0
      vertex 3.7400445684436034 58.6653102299123 1
      vertex 3.864243194688875 58.6065686544842 1
    endloop
  endfacet
  facet normal 0.3368898533922543 0.9415440651830086 0
    outer loop
      vertex 3.9936014518437535 58.5602835299749 0
      vertex 3.864243194688875 58.6065686544842 1
      vertex 3.9936014518437535 58.5602835299749 1
    endloop
  endfacet
  facet normal 0.24298017990322218 0.9700312531945545 0
    outer loop
      vertex 4.126873549177421 58.52690060743548 0
      vertex 3.9936014518437535 58.5602835299749 1
      vertex 4.126873549177421 58.52690060743548 1
    endloop
  endfacet
  facet normal 0.14673047445538365 0.9891765099647777 0
    outer loop
      vertex 4.262776003538615 58.50674138265892 0
      vertex 4.126873549177421 58.52690060743548 1
      vertex 4.262776003538615 58.50674138265892 1
    endloop
  endfacet
  facet normal 0.0490676743274088 0.9987954562051728 0
    outer loop
      vertex 4.4 58.5 0
      vertex 4.262776003538615 58.50674138265892 1
      vertex 4.4 58.5 1
    endloop
  endfacet
  facet normal -0.0490676743274088 0.9987954562051728 0
    outer loop
      vertex 4.537223996461385 58.50674138265892 0
      vertex 4.4 58.5 1
      vertex 4.537223996461385 58.50674138265892 1
    endloop
  endfacet
  facet normal -0.14673047445538365 0.9891765099647777 0
    outer loop
      vertex 4.67312645082258 58.52690060743548 0
      vertex 4.537223996461385 58.50674138265892 1
      vertex 4.67312645082258 58.52690060743548 1
    endloop
  endfacet
  facet normal -0.24298017990322218 0.9700312531945545 0
    outer loop
      vertex 4.806398548156247 58.5602835299749 0
      vertex 4.67312645082258 58.52690060743548 1
      vertex 4.806398548156247 58.5602835299749 1
    endloop
  endfacet
  facet normal -0.3368898533922543 0.9415440651830086 0
    outer loop
      vertex 4.935756805311126 58.6065686544842 0
      vertex 4.806398548156247 58.5602835299749 1
      vertex 4.935756805311126 58.6065686544842 1
    endloop
  endfacet
  facet normal -0.42755509343026116 0.9039892931234532 0
    outer loop
      vertex 5.059955431556397 58.6653102299123 0
      vertex 4.935756805311126 58.6065686544842 1
      vertex 5.059955431556397 58.6653102299123 1
    endloop
  endfacet
  facet normal -0.5141027441932263 0.8577286100002693 0
    outer loop
      vertex 5.177798326227443 58.735942542776435 0
      vertex 5.059955431556397 58.6653102299123 1
      vertex 5.177798326227443 58.735942542776435 1
    endloop
  endfacet
  facet normal -0.5956993044924338 0.8032075314806447 0
    outer loop
      vertex 5.288150597829104 58.81778536529217 0
      vertex 5.177798326227443 58.735942542776435 1
      vertex 5.288150597829104 58.81778536529217 1
    endloop
  endfacet
  facet normal 0.5141027441932263 -0.8577286100002693 0
    outer loop
      vertex 3.6222016737725573 61.06405745722356 0
      vertex 3.7400445684436034 61.1346897700877 1
      vertex 3.6222016737725573 61.06405745722356 1
    endloop
  endfacet
  facet normal 0.42755509343026116 -0.9039892931234532 0
    outer loop
      vertex 3.7400445684436034 61.1346897700877 0
      vertex 3.864243194688875 61.1934313455158 1
      vertex 3.7400445684436034 61.1346897700877 1
    endloop
  endfacet
  facet normal 0.3368898533922543 -0.9415440651830086 0
    outer loop
      vertex 3.864243194688875 61.1934313455158 0
      vertex 3.9936014518437535 61.239716470025094 1
      vertex 3.864243194688875 61.1934313455158 1
    endloop
  endfacet
  facet normal 0.24298017990322218 -0.9700312531945545 0
    outer loop
      vertex 3.9936014518437535 61.239716470025094 0
      vertex 4.126873549177421 61.27309939256452 1
      vertex 3.9936014518437535 61.239716470025094 1
    endloop
  endfacet
  facet normal 0.14673047445538365 -0.9891765099647777 0
    outer loop
      vertex 4.126873549177421 61.27309939256452 0
      vertex 4.262776003538615 61.293258617341074 1
      vertex 4.126873549177421 61.27309939256452 1
    endloop
  endfacet
  facet normal 0.0490676743274088 -0.9987954562051728 0
    outer loop
      vertex 4.262776003538615 61.293258617341074 0
      vertex 4.4 61.3 1
      vertex 4.262776003538615 61.293258617341074 1
    endloop
  endfacet
  facet normal -0.0490676743274088 -0.9987954562051728 0
    outer loop
      vertex 4.4 61.3 0
      vertex 4.537223996461385 61.293258617341074 1
      vertex 4.4 61.3 1
    endloop
  endfacet
  facet normal -0.14673047445538365 -0.9891765099647777 0
    outer loop
      vertex 4.537223996461385 61.293258617341074 0
      vertex 4.67312645082258 61.27309939256452 1
      vertex 4.537223996461385 61.293258617341074 1
    endloop
  endfacet
  facet normal -0.3368898533922543 -0.9415440651830086 0
    outer loop
      vertex 4.806398548156247 61.239716470025094 0
      vertex 4.935756805311126 61.1934313455158 1
      vertex 4.806398548156247 61.239716470025094 1
    endloop
  endfacet
  facet normal -0.24298017990322218 -0.9700312531945545 0
    outer loop
      vertex 4.67312645082258 61.27309939256452 0
      vertex 4.806398548156247 61.239716470025094 1
      vertex 4.67312645082258 61.27309939256452 1
    endloop
  endfacet
  facet normal -0.42755509343026116 -0.9039892931234532 0
    outer loop
      vertex 4.935756805311126 61.1934313455158 0
      vertex 5.059955431556397 61.1346897700877 1
      vertex 4.935756805311126 61.1934313455158 1
    endloop
  endfacet
  facet normal -0.5141027441932263 -0.8577286100002693 0
    outer loop
      vertex 5.059955431556397 61.1346897700877 0
      vertex 5.177798326227443 61.06405745722356 1
      vertex 5.059955431556397 61.1346897700877 1
    endloop
  endfacet
  facet normal -0.5956993044924338 -0.8032075314806447 0
    outer loop
      vertex 5.177798326227443 61.06405745722356 0
      vertex 5.288150597829104 60.98221463470783 1
      vertex 5.177798326227443 61.06405745722356 1
    endloop
  endfacet
  facet normal -0.6715589548470274 0.7409511253549508 0
    outer loop
      vertex 5.389949493661167 58.910050506338834 0
      vertex 5.288150597829104 58.81778536529217 1
      vertex 5.389949493661167 58.910050506338834 1
    endloop
  endfacet
  facet normal -0.7409511253549543 0.6715589548470235 0
    outer loop
      vertex 5.482214634707832 59.011849402170895 0
      vertex 5.389949493661167 58.910050506338834 1
      vertex 5.482214634707832 59.011849402170895 1
    endloop
  endfacet
  facet normal -0.8032075314806492 0.5956993044924275 0
    outer loop
      vertex 5.564057457223564 59.12220167377256 0
      vertex 5.482214634707832 59.011849402170895 1
      vertex 5.564057457223564 59.12220167377256 1
    endloop
  endfacet
  facet normal -0.8577286100002652 0.5141027441932329 0
    outer loop
      vertex 5.6346897700876974 59.2400445684436 0
      vertex 5.564057457223564 59.12220167377256 1
      vertex 5.6346897700876974 59.2400445684436 1
    endloop
  endfacet
  facet normal -0.9039892931234492 0.42755509343026954 0
    outer loop
      vertex 5.693431345515801 59.364243194688875 0
      vertex 5.6346897700876974 59.2400445684436 1
      vertex 5.693431345515801 59.364243194688875 1
    endloop
  endfacet
  facet normal -0.9415440651830194 0.33688985339222405 0
    outer loop
      vertex 5.739716470025092 59.49360145184375 0
      vertex 5.693431345515801 59.364243194688875 1
      vertex 5.739716470025092 59.49360145184375 1
    endloop
  endfacet
  facet normal -0.970031253194542 0.2429801799032724 0
    outer loop
      vertex 5.773099392564523 59.62687354917742 0
      vertex 5.739716470025092 59.49360145184375 1
      vertex 5.773099392564523 59.62687354917742 1
    endloop
  endfacet
  facet normal -0.9891765099647812 0.14673047445535928 0
    outer loop
      vertex 5.793258617341076 59.76277600353861 0
      vertex 5.773099392564523 59.62687354917742 1
      vertex 5.793258617341076 59.76277600353861 1
    endloop
  endfacet
  facet normal -0.9039892931234492 -0.42755509343026954 0
    outer loop
      vertex 5.6346897700876974 60.559955431556396 0
      vertex 5.693431345515801 60.43575680531112 1
      vertex 5.6346897700876974 60.559955431556396 1
    endloop
  endfacet
  facet normal -0.9987954562051722 0.04906767432742106 0
    outer loop
      vertex 5.800000000000001 59.9 0
      vertex 5.793258617341076 59.76277600353861 1
      vertex 5.800000000000001 59.9 1
    endloop
  endfacet
  facet normal -0.9987954562051722 -0.04906767432742106 0
    outer loop
      vertex 5.793258617341076 60.037223996461385 0
      vertex 5.800000000000001 59.9 1
      vertex 5.793258617341076 60.037223996461385 1
    endloop
  endfacet
  facet normal -0.9891765099647812 -0.14673047445535928 0
    outer loop
      vertex 5.773099392564523 60.17312645082258 0
      vertex 5.793258617341076 60.037223996461385 1
      vertex 5.773099392564523 60.17312645082258 1
    endloop
  endfacet
  facet normal -0.970031253194542 -0.2429801799032724 0
    outer loop
      vertex 5.739716470025092 60.306398548156245 0
      vertex 5.773099392564523 60.17312645082258 1
      vertex 5.739716470025092 60.306398548156245 1
    endloop
  endfacet
  facet normal -0.9415440651830194 -0.33688985339222405 0
    outer loop
      vertex 5.693431345515801 60.43575680531112 0
      vertex 5.739716470025092 60.306398548156245 1
      vertex 5.693431345515801 60.43575680531112 1
    endloop
  endfacet
  facet normal -0.6715589548470274 -0.7409511253549508 0
    outer loop
      vertex 5.288150597829104 60.98221463470783 0
      vertex 5.389949493661167 60.88994949366116 1
      vertex 5.288150597829104 60.98221463470783 1
    endloop
  endfacet
  facet normal -0.7409511253549543 -0.6715589548470235 0
    outer loop
      vertex 5.389949493661167 60.88994949366116 0
      vertex 5.482214634707832 60.7881505978291 1
      vertex 5.389949493661167 60.88994949366116 1
    endloop
  endfacet
  facet normal -0.8577286100002652 -0.5141027441932329 0
    outer loop
      vertex 5.564057457223564 60.67779832622744 0
      vertex 5.6346897700876974 60.559955431556396 1
      vertex 5.564057457223564 60.67779832622744 1
    endloop
  endfacet
  facet normal -0.8032075314806492 -0.5956993044924275 0
    outer loop
      vertex 5.482214634707832 60.7881505978291 0
      vertex 5.564057457223564 60.67779832622744 1
      vertex 5.482214634707832 60.7881505978291 1
    endloop
  endfacet
  facet normal 1 0 0
    outer loop
      vertex 7.5 57.50265111346766 1
      vertex 7.5 67 0
      vertex 7.5 67 1
    endloop
  endfacet
  facet normal 0 0 1
    outer loop
      vertex 7.5 57.50265111346766 1
      vertex 4.935756805311126 58.6065686544842 1
      vertex 4.806398548156247 58.5602835299749 1
    endloop
  endfacet
  facet normal 0 0 1
    outer loop
      vertex 7.5 57.50265111346766 1
      vertex 5.059955431556397 58.6653102299123 1
      vertex 4.935756805311126 58.6065686544842 1
    endloop
  endfacet
  facet normal 0 0 1
    outer loop
      vertex 7.5 57.50265111346766 1
      vertex 5.177798326227443 58.735942542776435 1
      vertex 5.059955431556397 58.6653102299123 1
    endloop
  endfacet
  facet normal 0 0 1
    outer loop
      vertex 7.5 57.50265111346766 1
      vertex 5.288150597829104 58.81778536529217 1
      vertex 5.177798326227443 58.735942542776435 1
    endloop
  endfacet
  facet normal 0 0 1
    outer loop
      vertex 7.5 57.50265111346766 1
      vertex 5.389949493661167 58.910050506338834 1
      vertex 5.288150597829104 58.81778536529217 1
    endloop
  endfacet
  facet normal 0 0 1
    outer loop
      vertex 7.5 57.50265111346766 1
      vertex 5.482214634707832 59.011849402170895 1
      vertex 5.389949493661167 58.910050506338834 1
    endloop
  endfacet
  facet normal 0 0 1
    outer loop
      vertex 7.5 57.50265111346766 1
      vertex 5.564057457223564 59.12220167377256 1
      vertex 5.482214634707832 59.011849402170895 1
    endloop
  endfacet
  facet normal 0 0 1
    outer loop
      vertex 7.5 57.50265111346766 1
      vertex 5.6346897700876974 59.2400445684436 1
      vertex 5.564057457223564 59.12220167377256 1
    endloop
  endfacet
  facet normal 0 0 1
    outer loop
      vertex 7.5 57.50265111346766 1
      vertex 5.693431345515801 59.364243194688875 1
      vertex 5.6346897700876974 59.2400445684436 1
    endloop
  endfacet
  facet normal 0 0 1
    outer loop
      vertex 7.5 57.50265111346766 1
      vertex 5.739716470025092 59.49360145184375 1
      vertex 5.693431345515801 59.364243194688875 1
    endloop
  endfacet
  facet normal 0 0 1
    outer loop
      vertex 7.5 57.50265111346766 1
      vertex 5.773099392564523 59.62687354917742 1
      vertex 5.739716470025092 59.49360145184375 1
    endloop
  endfacet
  facet normal 0 0 1
    outer loop
      vertex 7.5 57.50265111346766 1
      vertex 5.800000000000001 59.9 1
      vertex 5.793258617341076 59.76277600353861 1
    endloop
  endfacet
  facet normal 0 0 1
    outer loop
      vertex 7.5 57.50265111346766 1
      vertex 5.793258617341076 59.76277600353861 1
      vertex 5.773099392564523 59.62687354917742 1
    endloop
  endfacet
  facet normal 0 0 1
    outer loop
      vertex 7.5 57.50265111346766 1
      vertex 5.793258617341076 60.037223996461385 1
      vertex 5.800000000000001 59.9 1
    endloop
  endfacet
  facet normal 0 0 1
    outer loop
      vertex 7.5 57.50265111346766 1
      vertex 5.773099392564523 60.17312645082258 1
      vertex 5.793258617341076 60.037223996461385 1
    endloop
  endfacet
  facet normal 0 0 1
    outer loop
      vertex 7.5 57.50265111346766 1
      vertex 5.739716470025092 60.306398548156245 1
      vertex 5.773099392564523 60.17312645082258 1
    endloop
  endfacet
  facet normal 0 0 1
    outer loop
      vertex 7.5 57.50265111346766 1
      vertex 5.693431345515801 60.43575680531112 1
      vertex 5.739716470025092 60.306398548156245 1
    endloop
  endfacet
  facet normal 0 0 1
    outer loop
      vertex 7.5 57.50265111346766 1
      vertex 5.6346897700876974 60.559955431556396 1
      vertex 5.693431345515801 60.43575680531112 1
    endloop
  endfacet
  facet normal 0 0 1
    outer loop
      vertex 7.5 57.50265111346766 1
      vertex 5.564057457223564 60.67779832622744 1
      vertex 5.6346897700876974 60.559955431556396 1
    endloop
  endfacet
  facet normal 0 0 1
    outer loop
      vertex 7.5 57.50265111346766 1
      vertex 0 75 1
      vertex 5.564057457223564 60.67779832622744 1
    endloop
  endfacet
  facet normal 0 0 -1
    outer loop
      vertex 3 59.9 0
      vertex 0 75 0
      vertex 3.006741382658925 60.037223996461385 0
    endloop
  endfacet
  facet normal 0 0 -1
    outer loop
      vertex 3.006741382658925 60.037223996461385 0
      vertex 0 75 0
      vertex 3.0269006074354774 60.17312645082258 0
    endloop
  endfacet
  facet normal 0 0 -1
    outer loop
      vertex 3.0269006074354774 60.17312645082258 0
      vertex 0 75 0
      vertex 3.0602835299749085 60.306398548156245 0
    endloop
  endfacet
  facet normal 0 0 -1
    outer loop
      vertex 3.0602835299749085 60.306398548156245 0
      vertex 0 75 0
      vertex 3.1065686544841995 60.43575680531112 0
    endloop
  endfacet
  facet normal 0 0 -1
    outer loop
      vertex 3.1065686544841995 60.43575680531112 0
      vertex 0 75 0
      vertex 3.1653102299123033 60.559955431556396 0
    endloop
  endfacet
  facet normal 0 0 -1
    outer loop
      vertex 3.1653102299123033 60.559955431556396 0
      vertex 0 75 0
      vertex 3.235942542776437 60.67779832622744 0
    endloop
  endfacet
  facet normal 0 0 -1
    outer loop
      vertex 3.235942542776437 60.67779832622744 0
      vertex 0 75 0
      vertex 3.3177853652921687 60.7881505978291 0
    endloop
  endfacet
  facet normal 0 0 -1
    outer loop
      vertex 3.3177853652921687 60.7881505978291 0
      vertex 0 75 0
      vertex 3.410050506338834 60.88994949366116 0
    endloop
  endfacet
  facet normal 0 0 -1
    outer loop
      vertex 3.410050506338834 60.88994949366116 0
      vertex 0 75 0
      vertex 3.5118494021708964 60.98221463470783 0
    endloop
  endfacet
  facet normal 0 0 -1
    outer loop
      vertex 3.5118494021708964 60.98221463470783 0
      vertex 0 75 0
      vertex 3.6222016737725573 61.06405745722356 0
    endloop
  endfacet
  facet normal 0 0 -1
    outer loop
      vertex 3.6222016737725573 61.06405745722356 0
      vertex 0 75 0
      vertex 3.7400445684436034 61.1346897700877 0
    endloop
  endfacet
  facet normal 0 0 -1
    outer loop
      vertex 3.7400445684436034 61.1346897700877 0
      vertex 0 75 0
      vertex 3.864243194688875 61.1934313455158 0
    endloop
  endfacet
  facet normal 0 0 -1
    outer loop
      vertex 3.864243194688875 61.1934313455158 0
      vertex 0 75 0
      vertex 3.9936014518437535 61.239716470025094 0
    endloop
  endfacet
  facet normal 0 0 -1
    outer loop
      vertex 3.9936014518437535 61.239716470025094 0
      vertex 0 75 0
      vertex 4.126873549177421 61.27309939256452 0
    endloop
  endfacet
  facet normal 0 0 -1
    outer loop
      vertex 4.126873549177421 61.27309939256452 0
      vertex 0 75 0
      vertex 4.262776003538615 61.293258617341074 0
    endloop
  endfacet
  facet normal 0 0 -1
    outer loop
      vertex 5.482214634707832 60.7881505978291 0
      vertex 5.389949493661167 60.88994949366116 0
      vertex 0 75 0
    endloop
  endfacet
  facet normal 0 0 -1
    outer loop
      vertex 4.262776003538615 61.293258617341074 0
      vertex 0 75 0
      vertex 4.4 61.3 0
    endloop
  endfacet
  facet normal 0 0 -1
    outer loop
      vertex 4.4 61.3 0
      vertex 0 75 0
      vertex 4.537223996461385 61.293258617341074 0
    endloop
  endfacet
  facet normal 0 0 -1
    outer loop
      vertex 4.537223996461385 61.293258617341074 0
      vertex 0 75 0
      vertex 4.67312645082258 61.27309939256452 0
    endloop
  endfacet
  facet normal 0 0 -1
    outer loop
      vertex 4.67312645082258 61.27309939256452 0
      vertex 0 75 0
      vertex 4.806398548156247 61.239716470025094 0
    endloop
  endfacet
  facet normal 0 0 -1
    outer loop
      vertex 4.935756805311126 61.1934313455158 0
      vertex 0 75 0
      vertex 5.059955431556397 61.1346897700877 0
    endloop
  endfacet
  facet normal 0 0 -1
    outer loop
      vertex 5.059955431556397 61.1346897700877 0
      vertex 0 75 0
      vertex 5.177798326227443 61.06405745722356 0
    endloop
  endfacet
  facet normal 0 0 -1
    outer loop
      vertex 4.806398548156247 61.239716470025094 0
      vertex 0 75 0
      vertex 4.935756805311126 61.1934313455158 0
    endloop
  endfacet
  facet normal 0 0 -1
    outer loop
      vertex 5.177798326227443 61.06405745722356 0
      vertex 0 75 0
      vertex 5.288150597829104 60.98221463470783 0
    endloop
  endfacet
  facet normal 0 0 -1
    outer loop
      vertex 5.288150597829104 60.98221463470783 0
      vertex 0 75 0
      vertex 5.389949493661167 60.88994949366116 0
    endloop
  endfacet
  facet normal 0 0 -1
    outer loop
      vertex 5.482214634707832 60.7881505978291 0
      vertex 0 75 0
      vertex 7.5 67 0
    endloop
  endfacet
  facet normal 0 0 -1
    outer loop
      vertex 0 75 0
      vertex 9.5 67 0
      vertex 7.5 67 0
    endloop
  endfacet
  facet normal 0 -1 0
    outer loop
      vertex 7.5 67 0
      vertex 9.5 67 0
      vertex 9.5 67 1
    endloop
  endfacet
  facet normal 0 0 -1
    outer loop
      vertex 0 75 0
      vertex 12.5 67 0
      vertex 9.5 67 0
    endloop
  endfacet
  facet normal 0 0 -1
    outer loop
      vertex 0 75 0
      vertex 14.5 67 0
      vertex 12.5 67 0
    endloop
  endfacet
  facet normal 0 -1 0
    outer loop
      vertex 7.5 67 0
      vertex 9.5 67 1
      vertex 7.5 67 1
    endloop
  endfacet
  facet normal 0 0 1
    outer loop
      vertex 3.0269006074354774 59.62687354917742 1
      vertex 3.006741382658925 59.76277600353861 1
      vertex 0 75 1
    endloop
  endfacet
  facet normal 0 0 1
    outer loop
      vertex 3.006741382658925 59.76277600353861 1
      vertex 3 59.9 1
      vertex 0 75 1
    endloop
  endfacet
  facet normal 0 0 1
    outer loop
      vertex 3 59.9 1
      vertex 3.006741382658925 60.037223996461385 1
      vertex 0 75 1
    endloop
  endfacet
  facet normal 0 0 1
    outer loop
      vertex 3.006741382658925 60.037223996461385 1
      vertex 3.0269006074354774 60.17312645082258 1
      vertex 0 75 1
    endloop
  endfacet
  facet normal 0 0 1
    outer loop
      vertex 3.0269006074354774 60.17312645082258 1
      vertex 3.0602835299749085 60.306398548156245 1
      vertex 0 75 1
    endloop
  endfacet
  facet normal 0 0 1
    outer loop
      vertex 3.0602835299749085 60.306398548156245 1
      vertex 3.1065686544841995 60.43575680531112 1
      vertex 0 75 1
    endloop
  endfacet
  facet normal 0 0 1
    outer loop
      vertex 3.1065686544841995 60.43575680531112 1
      vertex 3.1653102299123033 60.559955431556396 1
      vertex 0 75 1
    endloop
  endfacet
  facet normal 0 0 1
    outer loop
      vertex 3.1653102299123033 60.559955431556396 1
      vertex 3.235942542776437 60.67779832622744 1
      vertex 0 75 1
    endloop
  endfacet
  facet normal 0 0 1
    outer loop
      vertex 3.235942542776437 60.67779832622744 1
      vertex 3.3177853652921687 60.7881505978291 1
      vertex 0 75 1
    endloop
  endfacet
  facet normal 0 0 1
    outer loop
      vertex 3.3177853652921687 60.7881505978291 1
      vertex 3.410050506338834 60.88994949366116 1
      vertex 0 75 1
    endloop
  endfacet
  facet normal 0 0 1
    outer loop
      vertex 3.410050506338834 60.88994949366116 1
      vertex 3.5118494021708964 60.98221463470783 1
      vertex 0 75 1
    endloop
  endfacet
  facet normal 0 0 1
    outer loop
      vertex 3.5118494021708964 60.98221463470783 1
      vertex 3.6222016737725573 61.06405745722356 1
      vertex 0 75 1
    endloop
  endfacet
  facet normal 0 0 1
    outer loop
      vertex 3.6222016737725573 61.06405745722356 1
      vertex 3.7400445684436034 61.1346897700877 1
      vertex 0 75 1
    endloop
  endfacet
  facet normal 0 0 1
    outer loop
      vertex 3.7400445684436034 61.1346897700877 1
      vertex 3.864243194688875 61.1934313455158 1
      vertex 0 75 1
    endloop
  endfacet
  facet normal 0 0 1
    outer loop
      vertex 3.864243194688875 61.1934313455158 1
      vertex 3.9936014518437535 61.239716470025094 1
      vertex 0 75 1
    endloop
  endfacet
  facet normal 0 0 1
    outer loop
      vertex 3.9936014518437535 61.239716470025094 1
      vertex 4.126873549177421 61.27309939256452 1
      vertex 0 75 1
    endloop
  endfacet
  facet normal 0 0 1
    outer loop
      vertex 4.126873549177421 61.27309939256452 1
      vertex 4.262776003538615 61.293258617341074 1
      vertex 0 75 1
    endloop
  endfacet
  facet normal 0 0 1
    outer loop
      vertex 5.482214634707832 60.7881505978291 1
      vertex 0 75 1
      vertex 5.389949493661167 60.88994949366116 1
    endloop
  endfacet
  facet normal 0 0 1
    outer loop
      vertex 4.262776003538615 61.293258617341074 1
      vertex 4.4 61.3 1
      vertex 0 75 1
    endloop
  endfacet
  facet normal 0 0 1
    outer loop
      vertex 4.4 61.3 1
      vertex 4.537223996461385 61.293258617341074 1
      vertex 0 75 1
    endloop
  endfacet
  facet normal 0 0 1
    outer loop
      vertex 4.537223996461385 61.293258617341074 1
      vertex 4.67312645082258 61.27309939256452 1
      vertex 0 75 1
    endloop
  endfacet
  facet normal 0 0 1
    outer loop
      vertex 4.67312645082258 61.27309939256452 1
      vertex 4.806398548156247 61.239716470025094 1
      vertex 0 75 1
    endloop
  endfacet
  facet normal 0 0 1
    outer loop
      vertex 4.935756805311126 61.1934313455158 1
      vertex 5.059955431556397 61.1346897700877 1
      vertex 0 75 1
    endloop
  endfacet
  facet normal 0 0 1
    outer loop
      vertex 5.059955431556397 61.1346897700877 1
      vertex 5.177798326227443 61.06405745722356 1
      vertex 0 75 1
    endloop
  endfacet
  facet normal 0 0 1
    outer loop
      vertex 4.806398548156247 61.239716470025094 1
      vertex 4.935756805311126 61.1934313455158 1
      vertex 0 75 1
    endloop
  endfacet
  facet normal 0 0 1
    outer loop
      vertex 5.177798326227443 61.06405745722356 1
      vertex 5.288150597829104 60.98221463470783 1
      vertex 0 75 1
    endloop
  endfacet
  facet normal 0 0 1
    outer loop
      vertex 5.288150597829104 60.98221463470783 1
      vertex 5.389949493661167 60.88994949366116 1
      vertex 0 75 1
    endloop
  endfacet
  facet normal 0 0 1
    outer loop
      vertex 5.482214634707832 60.7881505978291 1
      vertex 5.564057457223564 60.67779832622744 1
      vertex 0 75 1
    endloop
  endfacet
  facet normal 0 0 1
    outer loop
      vertex 7.5 57.50265111346766 1
      vertex 7.5 67 1
      vertex 0 75 1
    endloop
  endfacet
  facet normal 0 0 1
    outer loop
      vertex 0 75 1
      vertex 7.5 67 1
      vertex 9.5 67 1
    endloop
  endfacet
  facet normal 0 0 1
    outer loop
      vertex 0 75 1
      vertex 9.5 67 1
      vertex 12.5 67 1
    endloop
  endfacet
  facet normal 0 0 1
    outer loop
      vertex 0 75 1
      vertex 12.5 67 1
      vertex 14.5 67 1
    endloop
  endfacet
  facet normal 0 0 -1
    outer loop
      vertex 0 75 0
      vertex 17.5 67 0
      vertex 14.5 67 0
    endloop
  endfacet
  facet normal 0 0 -1
    outer loop
      vertex 0 75 0
      vertex 19.5 67 0
      vertex 17.5 67 0
    endloop
  endfacet
  facet normal 0 -1 0
    outer loop
      vertex 12.5 67 0
      vertex 14.5 67 0
      vertex 14.5 67 1
    endloop
  endfacet
  facet normal 0 0 -1
    outer loop
      vertex 0 75 0
      vertex 22.5 67 0
      vertex 19.5 67 0
    endloop
  endfacet
  facet normal 0 0 -1
    outer loop
      vertex 0 75 0
      vertex 24.5 67 0
      vertex 22.5 67 0
    endloop
  endfacet
  facet normal 0 -1 0
    outer loop
      vertex 12.5 67 0
      vertex 14.5 67 1
      vertex 12.5 67 1
    endloop
  endfacet
  facet normal 0 -1 0
    outer loop
      vertex 17.5 67 0
      vertex 19.5 67 0
      vertex 19.5 67 1
    endloop
  endfacet
  facet normal 0 0 -1
    outer loop
      vertex 0 75 0
      vertex 27.5 67 0
      vertex 24.5 67 0
    endloop
  endfacet
  facet normal 0 0 -1
    outer loop
      vertex 0 75 0
      vertex 29.5 67 0
      vertex 27.5 67 0
    endloop
  endfacet
  facet normal 0 0 -1
    outer loop
      vertex 0 75 0
      vertex 32.5 67 0
      vertex 29.5 67 0
    endloop
  endfacet
  facet normal 0 -1 0
    outer loop
      vertex 17.5 67 0
      vertex 19.5 67 1
      vertex 17.5 67 1
    endloop
  endfacet
  facet normal 0 -1 0
    outer loop
      vertex 22.5 67 0
      vertex 24.5 67 1
      vertex 22.5 67 1
    endloop
  endfacet
  facet normal 0 1 0
    outer loop
      vertex 0 75 0
      vertex 0 75 1
      vertex 57.13636363636364 75 1
    endloop
  endfacet
  facet normal 0 0 1
    outer loop
      vertex 0 75 1
      vertex 14.5 67 1
      vertex 17.5 67 1
    endloop
  endfacet
  facet normal 0 0 1
    outer loop
      vertex 0 75 1
      vertex 17.5 67 1
      vertex 19.5 67 1
    endloop
  endfacet
  facet normal 0 0 1
    outer loop
      vertex 0 75 1
      vertex 19.5 67 1
      vertex 22.5 67 1
    endloop
  endfacet
  facet normal 0 0 1
    outer loop
      vertex 0 75 1
      vertex 22.5 67 1
      vertex 24.5 67 1
    endloop
  endfacet
  facet normal 0 0 -1
    outer loop
      vertex 24.5 12 0
      vertex 24.5 67 0
      vertex 27.5 12 0
    endloop
  endfacet
  facet normal -1 0 0
    outer loop
      vertex 24.5 12 0
      vertex 24.5 12 1
      vertex 24.5 67 0
    endloop
  endfacet
  facet normal -1 0 0
    outer loop
      vertex 29.5 12 0
      vertex 29.5 12 1
      vertex 29.5 67 0
    endloop
  endfacet
  facet normal 1 0 0
    outer loop
      vertex 27.5 12 0
      vertex 27.5 67 1
      vertex 27.5 12 1
    endloop
  endfacet
  facet normal 0 0 -1
    outer loop
      vertex 29.5 12 0
      vertex 29.5 67 0
      vertex 32.5 12 0
    endloop
  endfacet
  facet normal 0 0 -1
    outer loop
      vertex 34.5 12 0
      vertex 34.5 67 0
      vertex 37.5 12 0
    endloop
  endfacet
  facet normal -1 0 0
    outer loop
      vertex 34.5 12 0
      vertex 34.5 12 1
      vertex 34.5 67 0
    endloop
  endfacet
  facet normal 1 0 0
    outer loop
      vertex 32.5 12 0
      vertex 32.5 67 1
      vertex 32.5 12 1
    endloop
  endfacet
  facet normal 0 0 1
    outer loop
      vertex 24.5 12 1
      vertex 27.5 12 1
      vertex 27.5 67 1
    endloop
  endfacet
  facet normal 0 0 1
    outer loop
      vertex 29.5 12 1
      vertex 32.5 12 1
      vertex 32.5 67 1
    endloop
  endfacet
  facet normal 0 0 1
    outer loop
      vertex 34.5 12 1
      vertex 37.5 12 1
      vertex 37.5 67 1
    endloop
  endfacet
  facet normal 0 0 -1
    outer loop
      vertex 27.5 12 0
      vertex 24.5 67 0
      vertex 27.5 67 0
    endloop
  endfacet
  facet normal 1 0 0
    outer loop
      vertex 27.5 12 0
      vertex 27.5 67 0
      vertex 27.5 67 1
    endloop
  endfacet
  facet normal -1 0 0
    outer loop
      vertex 24.5 12 1
      vertex 24.5 67 1
      vertex 24.5 67 0
    endloop
  endfacet
  facet normal -1 0 0
    outer loop
      vertex 29.5 12 1
      vertex 29.5 67 1
      vertex 29.5 67 0
    endloop
  endfacet
  facet normal 0 0 -1
    outer loop
      vertex 32.5 12 0
      vertex 29.5 67 0
      vertex 32.5 67 0
    endloop
  endfacet
  facet normal 1 0 0
    outer loop
      vertex 32.5 12 0
      vertex 32.5 67 0
      vertex 32.5 67 1
    endloop
  endfacet
  facet normal 0 0 -1
    outer loop
      vertex 37.5 12 0
      vertex 34.5 67 0
      vertex 37.5 67 0
    endloop
  endfacet
  facet normal -1 0 0
    outer loop
      vertex 34.5 12 1
      vertex 34.5 67 1
      vertex 34.5 67 0
    endloop
  endfacet
  facet normal 0 0 1
    outer loop
      vertex 24.5 12 1
      vertex 27.5 67 1
      vertex 24.5 67 1
    endloop
  endfacet
  facet normal 0 0 1
    outer loop
      vertex 29.5 12 1
      vertex 32.5 67 1
      vertex 29.5 67 1
    endloop
  endfacet
  facet normal 0 0 1
    outer loop
      vertex 34.5 12 1
      vertex 37.5 67 1
      vertex 34.5 67 1
    endloop
  endfacet
  facet normal -1 0 0
    outer loop
      vertex 39.5 12 0
      vertex 39.5 12 1
      vertex 39.5 67 0
    endloop
  endfacet
  facet normal 0 0 -1
    outer loop
      vertex 39.5 12 0
      vertex 39.5 67 0
      vertex 42.5 12 0
    endloop
  endfacet
  facet normal 1 0 0
    outer loop
      vertex 37.5 12 0
      vertex 37.5 67 1
      vertex 37.5 12 1
    endloop
  endfacet
  facet normal 1 0 0
    outer loop
      vertex 42.5 12 0
      vertex 42.5 67 1
      vertex 42.5 12 1
    endloop
  endfacet
  facet normal 0 0 -1
    outer loop
      vertex 44.5 12 0
      vertex 44.5 67 0
      vertex 47.5 12 0
    endloop
  endfacet
  facet normal -1 0 0
    outer loop
      vertex 44.5 12 0
      vertex 44.5 12 1
      vertex 44.5 67 0
    endloop
  endfacet
  facet normal 1 0 0
    outer loop
      vertex 47.5 12 0
      vertex 47.5 67 1
      vertex 47.5 12 1
    endloop
  endfacet
  facet normal -1 0 0
    outer loop
      vertex 49.5 12 0
      vertex 49.5 38.125 1
      vertex 49.5 62.36363636363636 0
    endloop
  endfacet
  facet normal 0 0 1
    outer loop
      vertex 39.5 12 1
      vertex 42.5 12 1
      vertex 42.5 67 1
    endloop
  endfacet
  facet normal 0 0 1
    outer loop
      vertex 44.5 12 1
      vertex 47.5 12 1
      vertex 47.5 67 1
    endloop
  endfacet
  facet normal 1 0 0
    outer loop
      vertex 37.5 12 0
      vertex 37.5 67 0
      vertex 37.5 67 1
    endloop
  endfacet
  facet normal 0 0 -1
    outer loop
      vertex 42.5 12 0
      vertex 39.5 67 0
      vertex 42.5 67 0
    endloop
  endfacet
  facet normal 1 0 0
    outer loop
      vertex 42.5 12 0
      vertex 42.5 67 0
      vertex 42.5 67 1
    endloop
  endfacet
  facet normal -1 0 0
    outer loop
      vertex 39.5 12 1
      vertex 39.5 67 1
      vertex 39.5 67 0
    endloop
  endfacet
  facet normal 0 0 -1
    outer loop
      vertex 47.5 12 0
      vertex 44.5 67 0
      vertex 47.5 67 0
    endloop
  endfacet
  facet normal 1 0 0
    outer loop
      vertex 47.5 12 0
      vertex 47.5 67 0
      vertex 47.5 67 1
    endloop
  endfacet
  facet normal -1 0 0
    outer loop
      vertex 44.5 12 1
      vertex 44.5 67 1
      vertex 44.5 67 0
    endloop
  endfacet
  facet normal 0 0 1
    outer loop
      vertex 39.5 12 1
      vertex 42.5 67 1
      vertex 39.5 67 1
    endloop
  endfacet
  facet normal 0 0 1
    outer loop
      vertex 44.5 12 1
      vertex 47.5 67 1
      vertex 44.5 67 1
    endloop
  endfacet
  facet normal 0 -1 0
    outer loop
      vertex 22.5 67 0
      vertex 24.5 67 0
      vertex 24.5 67 1
    endloop
  endfacet
  facet normal 0 -1 0
    outer loop
      vertex 27.5 67 0
      vertex 29.5 67 0
      vertex 29.5 67 1
    endloop
  endfacet
  facet normal 0 -1 0
    outer loop
      vertex 27.5 67 0
      vertex 29.5 67 1
      vertex 27.5 67 1
    endloop
  endfacet
  facet normal 0 0 -1
    outer loop
      vertex 0 75 0
      vertex 57.13636363636364 75 0
      vertex 32.5 67 0
    endloop
  endfacet
  facet normal 0 -1 0
    outer loop
      vertex 32.5 67 0
      vertex 34.5 67 0
      vertex 34.5 67 1
    endloop
  endfacet
  facet normal 0 -1 0
    outer loop
      vertex 32.5 67 0
      vertex 34.5 67 1
      vertex 32.5 67 1
    endloop
  endfacet
  facet normal 0 0 1
    outer loop
      vertex 0 75 1
      vertex 24.5 67 1
      vertex 57.13636363636364 75 1
    endloop
  endfacet
  facet normal 0 0 1
    outer loop
      vertex 24.5 67 1
      vertex 27.5 67 1
      vertex 57.13636363636364 75 1
    endloop
  endfacet
  facet normal -1 0 0
    outer loop
      vertex 49.5 38.125 1
      vertex 49.5 67 1
      vertex 49.5 62.36363636363636 0
    endloop
  endfacet
  facet normal 0 -1 0
    outer loop
      vertex 37.5 67 0
      vertex 39.5 67 0
      vertex 39.5 67 1
    endloop
  endfacet
  facet normal 0 0 -1
    outer loop
      vertex 32.5 67 0
      vertex 57.13636363636364 75 0
      vertex 34.5 67 0
    endloop
  endfacet
  facet normal 0 0 -1
    outer loop
      vertex 34.5 67 0
      vertex 57.13636363636364 75 0
      vertex 37.5 67 0
    endloop
  endfacet
  facet normal 0 -1 0
    outer loop
      vertex 37.5 67 0
      vertex 39.5 67 1
      vertex 37.5 67 1
    endloop
  endfacet
  facet normal 0 -1 0
    outer loop
      vertex 42.5 67 0
      vertex 44.5 67 1
      vertex 42.5 67 1
    endloop
  endfacet
  facet normal 0 1 0
    outer loop
      vertex 0 75 0
      vertex 57.13636363636364 75 1
      vertex 57.13636363636364 75 0
    endloop
  endfacet
  facet normal 0 -1 0
    outer loop
      vertex 42.5 67 0
      vertex 44.5 67 0
      vertex 44.5 67 1
    endloop
  endfacet
  facet normal 0 0 -1
    outer loop
      vertex 37.5 67 0
      vertex 57.13636363636364 75 0
      vertex 39.5 67 0
    endloop
  endfacet
  facet normal 0 0 -1
    outer loop
      vertex 39.5 67 0
      vertex 57.13636363636364 75 0
      vertex 42.5 67 0
    endloop
  endfacet
  facet normal -1 0 0
    outer loop
      vertex 49.5 62.36363636363636 0
      vertex 49.5 67 1
      vertex 49.5 67 0
    endloop
  endfacet
  facet normal 0 -1 0
    outer loop
      vertex 47.5 67 0
      vertex 49.5 67 0
      vertex 49.5 67 1
    endloop
  endfacet
  facet normal 0 0 -1
    outer loop
      vertex 42.5 67 0
      vertex 57.13636363636364 75 0
      vertex 44.5 67 0
    endloop
  endfacet
  facet normal 0 0 -1
    outer loop
      vertex 44.5 67 0
      vertex 57.13636363636364 75 0
      vertex 47.5 67 0
    endloop
  endfacet
  facet normal 0 -1 0
    outer loop
      vertex 47.5 67 0
      vertex 49.5 67 1
      vertex 47.5 67 1
    endloop
  endfacet
  facet normal 0 0 1
    outer loop
      vertex 27.5 67 1
      vertex 29.5 67 1
      vertex 57.13636363636364 75 1
    endloop
  endfacet
  facet normal 0 0 1
    outer loop
      vertex 29.5 67 1
      vertex 32.5 67 1
      vertex 57.13636363636364 75 1
    endloop
  endfacet
  facet normal 0 0 1
    outer loop
      vertex 32.5 67 1
      vertex 34.5 67 1
      vertex 57.13636363636364 75 1
    endloop
  endfacet
  facet normal 0 0 1
    outer loop
      vertex 34.5 67 1
      vertex 37.5 67 1
      vertex 57.13636363636364 75 1
    endloop
  endfacet
  facet normal 0 0 1
    outer loop
      vertex 37.5 67 1
      vertex 39.5 67 1
      vertex 57.13636363636364 75 1
    endloop
  endfacet
  facet normal 0 0 1
    outer loop
      vertex 39.5 67 1
      vertex 42.5 67 1
      vertex 57.13636363636364 75 1
    endloop
  endfacet
  facet normal 0 0 1
    outer loop
      vertex 42.5 67 1
      vertex 44.5 67 1
      vertex 57.13636363636364 75 1
    endloop
  endfacet
  facet normal 0 0 1
    outer loop
      vertex 44.5 67 1
      vertex 47.5 67 1
      vertex 57.13636363636364 75 1
    endloop
  endfacet
  facet normal 0 0 -1
    outer loop
      vertex 42.86363636363636 -25 0
      vertex 60 -18 0
      vertex 60 -20 0
    endloop
  endfacet
  facet normal 0 0 -1
    outer loop
      vertex 42.86363636363636 -25 0
      vertex 60 -15 0
      vertex 60 -18 0
    endloop
  endfacet
  facet normal 0 0 -1
    outer loop
      vertex 42.86363636363636 -25 0
      vertex 60 -13 0
      vertex 60 -15 0
    endloop
  endfacet
  facet normal 0 0 -1
    outer loop
      vertex 42.86363636363636 -25 0
      vertex 60 -10 0
      vertex 60 -13 0
    endloop
  endfacet
  facet normal 0 -1 0
    outer loop
      vertex 42.86363636363636 -25 0
      vertex 100 -25 0
      vertex 42.86363636363636 -25 1
    endloop
  endfacet
  facet normal 1 0 0
    outer loop
      vertex 60 -20 0
      vertex 60 -18 0
      vertex 60 -18 1
    endloop
  endfacet
  facet normal 1 0 0
    outer loop
      vertex 60 -20 0
      vertex 60 -18 1
      vertex 60 -20 1
    endloop
  endfacet
  facet normal 0 0 1
    outer loop
      vertex 42.86363636363636 -25 1
      vertex 67 -22.82 1
      vertex 60 -20 1
    endloop
  endfacet
  facet normal 0 0 1
    outer loop
      vertex 42.86363636363636 -25 1
      vertex 57.35 -16.82 1
      vertex 55.35 -16.82 1
    endloop
  endfacet
  facet normal 0 0 1
    outer loop
      vertex 42.86363636363636 -25 1
      vertex 59.35 -16.82 1
      vertex 57.35 -16.82 1
    endloop
  endfacet
  facet normal 0 0 1
    outer loop
      vertex 42.86363636363636 -25 1
      vertex 60 -18 1
      vertex 59.35 -16.82 1
    endloop
  endfacet
  facet normal 0 0 1
    outer loop
      vertex 42.86363636363636 -25 1
      vertex 60 -20 1
      vertex 60 -18 1
    endloop
  endfacet
  facet normal 0 0 1
    outer loop
      vertex 42.86363636363636 -25 1
      vertex 72 -24.32 1
      vertex 67 -22.82 1
    endloop
  endfacet
  facet normal 0 0 1
    outer loop
      vertex 60 -18 1
      vertex 60 -15 1
      vertex 59.35 -16.82 1
    endloop
  endfacet
  facet normal 0 0 1
    outer loop
      vertex 60 -15 1
      vertex 60 -13 1
      vertex 59.35 -16.82 1
    endloop
  endfacet
  facet normal 0 0 -1
    outer loop
      vertex 37.86363636363636 -25 0
      vertex 60 -3 0
      vertex 60 -5 0
    endloop
  endfacet
  facet normal 0 0 -1
    outer loop
      vertex 37.86363636363636 -25 0
      vertex 60 0 0
      vertex 60 -3 0
    endloop
  endfacet
  facet normal 0 0 -1
    outer loop
      vertex 42.86363636363636 -25 0
      vertex 60 -8 0
      vertex 60 -10 0
    endloop
  endfacet
  facet normal 0 0 -1
    outer loop
      vertex 42.86363636363636 -25 0
      vertex 60 -5 0
      vertex 60 -8 0
    endloop
  endfacet
  facet normal 1 0 0
    outer loop
      vertex 60 -15 0
      vertex 60 -13 0
      vertex 60 -13 1
    endloop
  endfacet
  facet normal 1 0 0
    outer loop
      vertex 60 -10 0
      vertex 60 -8 0
      vertex 60 -8 1
    endloop
  endfacet
  facet normal 1 0 0
    outer loop
      vertex 60 -15 0
      vertex 60 -13 1
      vertex 60 -15 1
    endloop
  endfacet
  facet normal 1 0 0
    outer loop
      vertex 60 -10 0
      vertex 60 -8 1
      vertex 60 -10 1
    endloop
  endfacet
  facet normal 1 0 0
    outer loop
      vertex 60 -5 0
      vertex 60 -3 0
      vertex 60 -3 1
    endloop
  endfacet
  facet normal 1 0 0
    outer loop
      vertex 60 -5 0
      vertex 60 -3 1
      vertex 60 -5 1
    endloop
  endfacet
  facet normal 0 0 1
    outer loop
      vertex 42.86363636363636 -25 1
      vertex 55.35 -16.82 1
      vertex 55.35 3.1799999999999997 1
    endloop
  endfacet
  facet normal 0 0 1
    outer loop
      vertex 60 -13 1
      vertex 60 -10 1
      vertex 59.35 -16.82 1
    endloop
  endfacet
  facet normal 0 0 1
    outer loop
      vertex 60 -10 1
      vertex 60 -8 1
      vertex 59.35 -16.82 1
    endloop
  endfacet
  facet normal 0 0 1
    outer loop
      vertex 60 -8 1
      vertex 60 -5 1
      vertex 59.35 -16.82 1
    endloop
  endfacet
  facet normal 0 0 1
    outer loop
      vertex 60 -5 1
      vertex 60 -3 1
      vertex 59.35 -16.82 1
    endloop
  endfacet
  facet normal 0 0 1
    outer loop
      vertex 60 -3 1
      vertex 60 0 1
      vertex 59.35 -16.82 1
    endloop
  endfacet
  facet normal 0 0 1
    outer loop
      vertex 60 0 1
      vertex 60 2 1
      vertex 59.35 -16.82 1
    endloop
  endfacet
  facet normal 0 0 1
    outer loop
      vertex 60 2 1
      vertex 60 5 1
      vertex 59.35 -16.82 1
    endloop
  endfacet
  facet normal 0 0 1
    outer loop
      vertex 60 5 1
      vertex 60 7 1
      vertex 59.35 -16.82 1
    endloop
  endfacet
  facet normal 0 0 -1
    outer loop
      vertex 42.86363636363636 -25 0
      vertex 60 -20 0
      vertex 100 -25 0
    endloop
  endfacet
  facet normal 0 1 0
    outer loop
      vertex 60 -20 0
      vertex 60 -20 1
      vertex 95 -20 0
    endloop
  endfacet
  facet normal 0 0 -1
    outer loop
      vertex 60 -18 0
      vertex 60 -15 0
      vertex 95 -15 0
    endloop
  endfacet
  facet normal 0 1 0
    outer loop
      vertex 60 -15 0
      vertex 60 -15 1
      vertex 95 -15 0
    endloop
  endfacet
  facet normal 0 -1 0
    outer loop
      vertex 60 -18 0
      vertex 95 -18 1
      vertex 60 -18 1
    endloop
  endfacet
  facet normal 0 0 1
    outer loop
      vertex 60 -20 1
      vertex 67 -22.82 1
      vertex 67 -20.82 1
    endloop
  endfacet
  facet normal 0 0 1
    outer loop
      vertex 42.86363636363636 -25 1
      vertex 100 -25 1
      vertex 72 -24.32 1
    endloop
  endfacet
  facet normal 0 0 1
    outer loop
      vertex 72 -22.82 1
      vertex 67 -22.82 1
      vertex 72 -24.32 1
    endloop
  endfacet
  facet normal 0 0 1
    outer loop
      vertex 60 -18 1
      vertex 95 -18 1
      vertex 60 -15 1
    endloop
  endfacet
  facet normal 0 0 1
    outer loop
      vertex 60 -20 1
      vertex 67 -20.82 1
      vertex 95 -20 1
    endloop
  endfacet
  facet normal 0 0 -1
    outer loop
      vertex 60 -13 0
      vertex 60 -10 0
      vertex 95 -10 0
    endloop
  endfacet
  facet normal 0 1 0
    outer loop
      vertex 60 -10 0
      vertex 60 -10 1
      vertex 95 -10 0
    endloop
  endfacet
  facet normal 0 -1 0
    outer loop
      vertex 60 -13 0
      vertex 95 -13 1
      vertex 60 -13 1
    endloop
  endfacet
  facet normal 0 0 -1
    outer loop
      vertex 60 -8 0
      vertex 60 -5 0
      vertex 95 -5 0
    endloop
  endfacet
  facet normal 0 1 0
    outer loop
      vertex 60 -5 0
      vertex 60 -5 1
      vertex 95 -5 0
    endloop
  endfacet
  facet normal 0 -1 0
    outer loop
      vertex 60 -8 0
      vertex 95 -8 1
      vertex 60 -8 1
    endloop
  endfacet
  facet normal 0 -1 0
    outer loop
      vertex 60 -3 0
      vertex 95 -3 1
      vertex 60 -3 1
    endloop
  endfacet
  facet normal 0 0 1
    outer loop
      vertex 60 -13 1
      vertex 95 -13 1
      vertex 60 -10 1
    endloop
  endfacet
  facet normal 0 0 1
    outer loop
      vertex 60 -8 1
      vertex 95 -8 1
      vertex 60 -5 1
    endloop
  endfacet
  facet normal 0 0 1
    outer loop
      vertex 60 -3 1
      vertex 95 -3 1
      vertex 60 0 1
    endloop
  endfacet
  facet normal 1 0 0
    outer loop
      vertex 60 0 0
      vertex 60 2 0
      vertex 60 2 1
    endloop
  endfacet
  facet normal 1 0 0
    outer loop
      vertex 60 0 0
      vertex 60 2 1
      vertex 60 0 1
    endloop
  endfacet
  facet normal 1 0 0
    outer loop
      vertex 60 5 0
      vertex 60 7 0
      vertex 60 7 1
    endloop
  endfacet
  facet normal 1 0 0
    outer loop
      vertex 60 10 0
      vertex 60 12 0
      vertex 60 12 1
    endloop
  endfacet
  facet normal 1 0 0
    outer loop
      vertex 60 5 0
      vertex 60 7 1
      vertex 60 5 1
    endloop
  endfacet
  facet normal 1 0 0
    outer loop
      vertex 60 10 0
      vertex 60 12 1
      vertex 60 10 1
    endloop
  endfacet
  facet normal 0 0 1
    outer loop
      vertex 38.793258617341074 7.662776003538615 1
      vertex 55.35 3.1799999999999997 1
      vertex 57.35 3.1799999999999997 1
    endloop
  endfacet
  facet normal 0 0 1
    outer loop
      vertex 60 7 1
      vertex 59.35 7.507473309608541 1
      vertex 59.35 -16.82 1
    endloop
  endfacet
  facet normal 0 0 1
    outer loop
      vertex 60 10 1
      vertex 60 12 1
      vertex 59.35 7.507473309608541 1
    endloop
  endfacet
  facet normal 0 0 1
    outer loop
      vertex 60 12 1
      vertex 60 15.000000000000002 1
      vertex 59.35 7.507473309608541 1
    endloop
  endfacet
  facet normal 0 0 -1
    outer loop
      vertex 49.5 12 0
      vertex 60 17 0
      vertex 60 15 0
    endloop
  endfacet
  facet normal 0 0 -1
    outer loop
      vertex 49.5 12 0
      vertex 60 20 0
      vertex 60 17 0
    endloop
  endfacet
  facet normal 0 0 -1
    outer loop
      vertex 49.5 12 0
      vertex 60 22 0
      vertex 60 20 0
    endloop
  endfacet
  facet normal 1 0 0
    outer loop
      vertex 60 15 0
      vertex 60 17 0
      vertex 60 17 1
    endloop
  endfacet
  facet normal 1 0 0
    outer loop
      vertex 60 15 0
      vertex 60 17 1
      vertex 60 15.000000000000002 1
    endloop
  endfacet
  facet normal 1 0 0
    outer loop
      vertex 60 20 0
      vertex 60 22 0
      vertex 60 22 1
    endloop
  endfacet
  facet normal 1 0 0
    outer loop
      vertex 60 20 0
      vertex 60 22 1
      vertex 60 20 1
    endloop
  endfacet
  facet normal 0 0 1
    outer loop
      vertex 49.5 12 1
      vertex 57.35 3.1799999999999997 1
      vertex 57.35 23.18 1
    endloop
  endfacet
  facet normal 0 0 1
    outer loop
      vertex 49.5 12 1
      vertex 57.35 23.18 1
      vertex 49.5 38.125 1
    endloop
  endfacet
  facet normal 0 0 1
    outer loop
      vertex 60 15.000000000000002 1
      vertex 60 17 1
      vertex 59.35 7.507473309608541 1
    endloop
  endfacet
  facet normal 0 0 1
    outer loop
      vertex 60 17 1
      vertex 60 20 1
      vertex 59.35 7.507473309608541 1
    endloop
  endfacet
  facet normal 0 0 1
    outer loop
      vertex 60 20 1
      vertex 60 22 1
      vertex 59.35 7.507473309608541 1
    endloop
  endfacet
  facet normal 0 0 1
    outer loop
      vertex 60 22 1
      vertex 59.35 23.18 1
      vertex 59.35 7.507473309608541 1
    endloop
  endfacet
  facet normal 0 0 1
    outer loop
      vertex 60 22 1
      vertex 67 27.279999999999994 1
      vertex 59.35 23.18 1
    endloop
  endfacet
  facet normal 0 0 -1
    outer loop
      vertex 60 -3 0
      vertex 60 0 0
      vertex 95 0 0
    endloop
  endfacet
  facet normal 0 1 0
    outer loop
      vertex 60 0 0
      vertex 60 0 1
      vertex 95 0 0
    endloop
  endfacet
  facet normal 0 0 -1
    outer loop
      vertex 60 2 0
      vertex 60 5 0
      vertex 95 5 0
    endloop
  endfacet
  facet normal 0 1 0
    outer loop
      vertex 60 5 0
      vertex 60 5 1
      vertex 95 5 0
    endloop
  endfacet
  facet normal 0 -1 0
    outer loop
      vertex 60 2 0
      vertex 95 2 1
      vertex 60 2 1
    endloop
  endfacet
  facet normal 0 0 -1
    outer loop
      vertex 60 7 0
      vertex 60 10 0
      vertex 95 10 0
    endloop
  endfacet
  facet normal 0 1 0
    outer loop
      vertex 60 10 0
      vertex 60 10 1
      vertex 95 10 0
    endloop
  endfacet
  facet normal 0 -1 0
    outer loop
      vertex 60 7 0
      vertex 95 7 1
      vertex 60 7 1
    endloop
  endfacet
  facet normal 0 0 1
    outer loop
      vertex 60 2 1
      vertex 95 2 1
      vertex 60 5 1
    endloop
  endfacet
  facet normal 0 0 1
    outer loop
      vertex 60 7 1
      vertex 95 7 1
      vertex 59.35 7.507473309608541 1
    endloop
  endfacet
  facet normal 0 0 1
    outer loop
      vertex 60 10 1
      vertex 59.35 7.507473309608541 1
      vertex 95 7 1
    endloop
  endfacet
  facet normal 0 0 -1
    outer loop
      vertex 60 12 0
      vertex 60 15 0
      vertex 95 15 0
    endloop
  endfacet
  facet normal 0 1 -1.7763568394002505e-15
    outer loop
      vertex 60 15 0
      vertex 60 15.000000000000002 1
      vertex 95 15 0
    endloop
  endfacet
  facet normal 0 -1 0
    outer loop
      vertex 60 12 0
      vertex 95 12 1
      vertex 60 12 1
    endloop
  endfacet
  facet normal 0 -1 0
    outer loop
      vertex 60 17 0
      vertex 95 17 1
      vertex 60 17 1
    endloop
  endfacet
  facet normal 0 0 -1
    outer loop
      vertex 60 17 0
      vertex 60 20 0
      vertex 95 20 0
    endloop
  endfacet
  facet normal 0 1 0
    outer loop
      vertex 60 20 0
      vertex 60 20 1
      vertex 95 20 0
    endloop
  endfacet
  facet normal 0 -1 0
    outer loop
      vertex 60 22 0
      vertex 95 22 1
      vertex 60 22 1
    endloop
  endfacet
  facet normal 0 0 1
    outer loop
      vertex 60 12 1
      vertex 95 12 1
      vertex 60 15.000000000000002 1
    endloop
  endfacet
  facet normal 0 0 1
    outer loop
      vertex 60 17 1
      vertex 95 17 1
      vertex 60 20 1
    endloop
  endfacet
  facet normal 0 0 1
    outer loop
      vertex 60 22 1
      vertex 95 22 1
      vertex 67 27.279999999999994 1
    endloop
  endfacet
  facet normal 0 -1 0
    outer loop
      vertex 42.86363636363636 -25 1
      vertex 100 -25 0
      vertex 100 -25 1
    endloop
  endfacet
  facet normal 0 0 -1
    outer loop
      vertex 60 -20 0
      vertex 95 -20 0
      vertex 100 -25 0
    endloop
  endfacet
  facet normal 0 0 -1
    outer loop
      vertex 60 -18 0
      vertex 95 -15 0
      vertex 95 -18 0
    endloop
  endfacet
  facet normal 0 -1 0
    outer loop
      vertex 60 -18 0
      vertex 95 -18 0
      vertex 95 -18 1
    endloop
  endfacet
  facet normal 0 1 0
    outer loop
      vertex 60 -20 1
      vertex 95 -20 1
      vertex 95 -20 0
    endloop
  endfacet
  facet normal 0 1 0
    outer loop
      vertex 60 -15 1
      vertex 95 -15 1
      vertex 95 -15 0
    endloop
  endfacet
  facet normal 0 0 1
    outer loop
      vertex 100 -25 1
      vertex 92 -24.32 1
      vertex 72 -24.32 1
    endloop
  endfacet
  facet normal 0 0 1
    outer loop
      vertex 95 -20 1
      vertex 67 -20.82 1
      vertex 92 -20.82 1
    endloop
  endfacet
  facet normal 0 0 1
    outer loop
      vertex 60 -15 1
      vertex 95 -18 1
      vertex 95 -15 1
    endloop
  endfacet
  facet normal 0 0 -1
    outer loop
      vertex 60 -13 0
      vertex 95 -10 0
      vertex 95 -13 0
    endloop
  endfacet
  facet normal 0 -1 0
    outer loop
      vertex 60 -13 0
      vertex 95 -13 0
      vertex 95 -13 1
    endloop
  endfacet
  facet normal 0 1 0
    outer loop
      vertex 60 -10 1
      vertex 95 -10 1
      vertex 95 -10 0
    endloop
  endfacet
  facet normal 0 0 -1
    outer loop
      vertex 60 -8 0
      vertex 95 -5 0
      vertex 95 -8 0
    endloop
  endfacet
  facet normal 0 -1 0
    outer loop
      vertex 60 -8 0
      vertex 95 -8 0
      vertex 95 -8 1
    endloop
  endfacet
  facet normal 0 0 -1
    outer loop
      vertex 60 -3 0
      vertex 95 0 0
      vertex 95 -3 0
    endloop
  endfacet
  facet normal 0 -1 0
    outer loop
      vertex 60 -3 0
      vertex 95 -3 0
      vertex 95 -3 1
    endloop
  endfacet
  facet normal 0 1 0
    outer loop
      vertex 60 -5 1
      vertex 95 -5 1
      vertex 95 -5 0
    endloop
  endfacet
  facet normal 0 0 1
    outer loop
      vertex 60 -10 1
      vertex 95 -13 1
      vertex 95 -10 1
    endloop
  endfacet
  facet normal 0 0 1
    outer loop
      vertex 60 -5 1
      vertex 95 -8 1
      vertex 95 -5 1
    endloop
  endfacet
  facet normal -1 0 0
    outer loop
      vertex 95 -20 0
      vertex 95 -20 1
      vertex 95 -18 0
    endloop
  endfacet
  facet normal -1 0 0
    outer loop
      vertex 95 -18 0
      vertex 95 -20 1
      vertex 95 -18 1
    endloop
  endfacet
  facet normal 0 0 -1
    outer loop
      vertex 95 -20 0
      vertex 95 -18 0
      vertex 100 -25 0
    endloop
  endfacet
  facet normal 0 0 -1
    outer loop
      vertex 95 -18 0
      vertex 95 -15 0
      vertex 100 -25 0
    endloop
  endfacet
  facet normal 0 0 -1
    outer loop
      vertex 95 -15 0
      vertex 95 -13 0
      vertex 100 -25 0
    endloop
  endfacet
  facet normal 0 0 -1
    outer loop
      vertex 100 -25 0
      vertex 95 -13 0
      vertex 95 -10 0
    endloop
  endfacet
  facet normal 0 0 1
    outer loop
      vertex 95 -20 1
      vertex 92 -22.82 1
      vertex 92 -24.32 1
    endloop
  endfacet
  facet normal 0 0 1
    outer loop
      vertex 95 -20 1
      vertex 92 -24.32 1
      vertex 100 -25 1
    endloop
  endfacet
  facet normal 0 0 1
    outer loop
      vertex 95 -20 1
      vertex 92 -20.82 1
      vertex 92 -22.82 1
    endloop
  endfacet
  facet normal 0 0 1
    outer loop
      vertex 95 -20 1
      vertex 100 -25 1
      vertex 95 -18 1
    endloop
  endfacet
  facet normal 0 0 1
    outer loop
      vertex 95 -18 1
      vertex 100 -25 1
      vertex 95 -15 1
    endloop
  endfacet
  facet normal 0 0 1
    outer loop
      vertex 95 -15 1
      vertex 100 -25 1
      vertex 95 -13 1
    endloop
  endfacet
  facet normal 0 0 1
    outer loop
      vertex 100 -25 1
      vertex 95 -10 1
      vertex 95 -13 1
    endloop
  endfacet
  facet normal -1 0 0
    outer loop
      vertex 95 -15 0
      vertex 95 -15 1
      vertex 95 -13 0
    endloop
  endfacet
  facet normal -1 0 0
    outer loop
      vertex 95 -10 0
      vertex 95 -10 1
      vertex 95 -8 0
    endloop
  endfacet
  facet normal -1 0 0
    outer loop
      vertex 95 -15 1
      vertex 95 -13 1
      vertex 95 -13 0
    endloop
  endfacet
  facet normal -1 0 0
    outer loop
      vertex 95 -8 0
      vertex 95 -10 1
      vertex 95 -8 1
    endloop
  endfacet
  facet normal -1 0 0
    outer loop
      vertex 95 -5 0
      vertex 95 -5 1
      vertex 95 -3 0
    endloop
  endfacet
  facet normal -1 0 0
    outer loop
      vertex 95 -3 0
      vertex 95 -5 1
      vertex 95 -3 1
    endloop
  endfacet
  facet normal 0 0 -1
    outer loop
      vertex 100 -25 0
      vertex 95 -10 0
      vertex 95 -8 0
    endloop
  endfacet
  facet normal 0 0 -1
    outer loop
      vertex 100 -25 0
      vertex 95 -8 0
      vertex 95 -5 0
    endloop
  endfacet
  facet normal 0 0 -1
    outer loop
      vertex 100 -25 0
      vertex 95 -5 0
      vertex 95 -3 0
    endloop
  endfacet
  facet normal 1 0 0
    outer loop
      vertex 100 -25 0
      vertex 100 32.13636363636364 0
      vertex 100 -25 1
    endloop
  endfacet
  facet normal 0 0 1
    outer loop
      vertex 100 -25 1
      vertex 95 -8 1
      vertex 95 -10 1
    endloop
  endfacet
  facet normal 0 0 1
    outer loop
      vertex 100 -25 1
      vertex 95 -5 1
      vertex 95 -8 1
    endloop
  endfacet
  facet normal 0 0 -1
    outer loop
      vertex 60 2 0
      vertex 95 5 0
      vertex 95 2 0
    endloop
  endfacet
  facet normal 0 -1 0
    outer loop
      vertex 60 2 0
      vertex 95 2 0
      vertex 95 2 1
    endloop
  endfacet
  facet normal 0 1 0
    outer loop
      vertex 60 0 1
      vertex 95 0 1
      vertex 95 0 0
    endloop
  endfacet
  facet normal 0 1 0
    outer loop
      vertex 60 5 1
      vertex 95 5 1
      vertex 95 5 0
    endloop
  endfacet
  facet normal 0 0 -1
    outer loop
      vertex 60 7 0
      vertex 95 10 0
      vertex 95 7 0
    endloop
  endfacet
  facet normal 0 -1 0
    outer loop
      vertex 60 7 0
      vertex 95 7 0
      vertex 95 7 1
    endloop
  endfacet
  facet normal 0 1 0
    outer loop
      vertex 60 10 1
      vertex 95 10 1
      vertex 95 10 0
    endloop
  endfacet
  facet normal 0 0 1
    outer loop
      vertex 60 0 1
      vertex 95 -3 1
      vertex 95 0 1
    endloop
  endfacet
  facet normal 0 0 1
    outer loop
      vertex 60 5 1
      vertex 95 2 1
      vertex 95 5 1
    endloop
  endfacet
  facet normal 0 0 1
    outer loop
      vertex 60 10 1
      vertex 95 7 1
      vertex 95 10 1
    endloop
  endfacet
  facet normal 0 0 -1
    outer loop
      vertex 60 12 0
      vertex 95 15 0
      vertex 95 12 0
    endloop
  endfacet
  facet normal 0 -1 0
    outer loop
      vertex 60 12 0
      vertex 95 12 0
      vertex 95 12 1
    endloop
  endfacet
  facet normal 0 0 -1
    outer loop
      vertex 60 17 0
      vertex 95 20 0
      vertex 95 17 0
    endloop
  endfacet
  facet normal 0 -1 0
    outer loop
      vertex 60 17 0
      vertex 95 17 0
      vertex 95 17 1
    endloop
  endfacet
  facet normal 5.075305255429287e-17 1 0
    outer loop
      vertex 60 15.000000000000002 1
      vertex 95 15 1
      vertex 95 15 0
    endloop
  endfacet
  facet normal 0 -1 0
    outer loop
      vertex 60 22 0
      vertex 95 22 0
      vertex 95 22 1
    endloop
  endfacet
  facet normal 0 1 0
    outer loop
      vertex 60 20 1
      vertex 95 20 1
      vertex 95 20 0
    endloop
  endfacet
  facet normal 0 0 1
    outer loop
      vertex 60 15.000000000000002 1
      vertex 95 12 1
      vertex 95 15 1
    endloop
  endfacet
  facet normal 0 0 1
    outer loop
      vertex 60 20 1
      vertex 95 17 1
      vertex 95 20 1
    endloop
  endfacet
  facet normal -1 0 0
    outer loop
      vertex 95 0 0
      vertex 95 0 1
      vertex 95 2 0
    endloop
  endfacet
  facet normal -1 0 0
    outer loop
      vertex 95 2 0
      vertex 95 0 1
      vertex 95 2 1
    endloop
  endfacet
  facet normal -1 0 0
    outer loop
      vertex 95 5 0
      vertex 95 5 1
      vertex 95 7 0
    endloop
  endfacet
  facet normal -1 0 0
    outer loop
      vertex 95 10 0
      vertex 95 10 1
      vertex 95 12 0
    endloop
  endfacet
  facet normal -1 0 0
    outer loop
      vertex 95 7 0
      vertex 95 5 1
      vertex 95 7 1
    endloop
  endfacet
  facet normal -1 0 0
    outer loop
      vertex 95 10 1
      vertex 95 12 1
      vertex 95 12 0
    endloop
  endfacet
  facet normal 0 0 -1
    outer loop
      vertex 100 -25 0
      vertex 95 -3 0
      vertex 100 32.13636363636364 0
    endloop
  endfacet
  facet normal 0 0 -1
    outer loop
      vertex 95 -3 0
      vertex 95 0 0
      vertex 100 32.13636363636364 0
    endloop
  endfacet
  facet normal 0 0 -1
    outer loop
      vertex 95 0 0
      vertex 95 2 0
      vertex 100 32.13636363636364 0
    endloop
  endfacet
  facet normal 0 0 1
    outer loop
      vertex 100 -25 1
      vertex 100 32.13636363636364 1
      vertex 95 -5 1
    endloop
  endfacet
  facet normal 0 0 1
    outer loop
      vertex 95 -5 1
      vertex 100 32.13636363636364 1
      vertex 95 -3 1
    endloop
  endfacet
  facet normal 0 0 1
    outer loop
      vertex 95 -3 1
      vertex 100 32.13636363636364 1
      vertex 95 0 1
    endloop
  endfacet
  facet normal 0 0 1
    outer loop
      vertex 95 0 1
      vertex 100 32.13636363636364 1
      vertex 95 2 1
    endloop
  endfacet
  facet normal -1 0 0
    outer loop
      vertex 95 15 0
      vertex 95 15 1
      vertex 95 17 0
    endloop
  endfacet
  facet normal -1 0 0
    outer loop
      vertex 95 17 0
      vertex 95 15 1
      vertex 95 17 1
    endloop
  endfacet
  facet normal -1 0 0
    outer loop
      vertex 95 20 0
      vertex 95 20 1
      vertex 95 22 0
    endloop
  endfacet
  facet normal -1 0 0
    outer loop
      vertex 95 22 0
      vertex 95 20 1
      vertex 95 22 1
    endloop
  endfacet
  facet normal 0 0 -1
    outer loop
      vertex 95 2 0
      vertex 95 5 0
      vertex 100 32.13636363636364 0
    endloop
  endfacet
  facet normal 0 0 -1
    outer loop
      vertex 95 5 0
      vertex 95 7 0
      vertex 100 32.13636363636364 0
    endloop
  endfacet
  facet normal 0 0 -1
    outer loop
      vertex 95 7 0
      vertex 95 10 0
      vertex 100 32.13636363636364 0
    endloop
  endfacet
  facet normal 0 0 -1
    outer loop
      vertex 95 10 0
      vertex 95 12 0
      vertex 100 32.13636363636364 0
    endloop
  endfacet
  facet normal 1 0 0
    outer loop
      vertex 100 -25 1
      vertex 100 32.13636363636364 0
      vertex 100 32.13636363636364 1
    endloop
  endfacet
  facet normal 0 0 -1
    outer loop
      vertex 95 12 0
      vertex 95 15 0
      vertex 100 32.13636363636364 0
    endloop
  endfacet
  facet normal 0 0 -1
    outer loop
      vertex 95 15 0
      vertex 95 17 0
      vertex 100 32.13636363636364 0
    endloop
  endfacet
  facet normal 0 0 -1
    outer loop
      vertex 95 17 0
      vertex 95 20 0
      vertex 100 32.13636363636364 0
    endloop
  endfacet
  facet normal 0 0 -1
    outer loop
      vertex 95 20 0
      vertex 95 22 0
      vertex 100 32.13636363636364 0
    endloop
  endfacet
  facet normal 0 0 1
    outer loop
      vertex 95 2 1
      vertex 100 32.13636363636364 1
      vertex 95 5 1
    endloop
  endfacet
  facet normal 0 0 1
    outer loop
      vertex 95 5 1
      vertex 100 32.13636363636364 1
      vertex 95 7 1
    endloop
  endfacet
  facet normal 0 0 1
    outer loop
      vertex 95 7 1
      vertex 100 32.13636363636364 1
      vertex 95 10 1
    endloop
  endfacet
  facet normal 0 0 1
    outer loop
      vertex 95 10 1
      vertex 100 32.13636363636364 1
      vertex 95 12 1
    endloop
  endfacet
  facet normal 0 0 1
    outer loop
      vertex 95 12 1
      vertex 100 32.13636363636364 1
      vertex 95 15 1
    endloop
  endfacet
  facet normal 0 0 1
    outer loop
      vertex 95 15 1
      vertex 100 32.13636363636364 1
      vertex 95 17 1
    endloop
  endfacet
  facet normal 0 0 1
    outer loop
      vertex 95 17 1
      vertex 100 32.13636363636364 1
      vertex 95 20 1
    endloop
  endfacet
  facet normal 0 0 1
    outer loop
      vertex 95 20 1
      vertex 100 32.13636363636364 1
      vertex 95 22 1
    endloop
  endfacet
  facet normal 0 0 1
    outer loop
      vertex 49.5 38.125 1
      vertex 57.35 23.18 1
      vertex 59.35 23.18 1
    endloop
  endfacet
  facet normal 0 0 1
    outer loop
      vertex 49.5 38.125 1
      vertex 59.35 23.18 1
      vertex 67 29.279999999999994 1
    endloop
  endfacet
  facet normal 0 0 1
    outer loop
      vertex 49.5 38.125 1
      vertex 67 29.279999999999994 1
      vertex 72 31.279999999999994 1
    endloop
  endfacet
  facet normal 0 0 -1
    outer loop
      vertex 49.5 12 0
      vertex 51.43594254277644 57.822201673772554 0
      vertex 51.51778536529217 57.71184940217089 0
    endloop
  endfacet
  facet normal 0 0 -1
    outer loop
      vertex 49.5 12 0
      vertex 51.3653102299123 57.9400445684436 0
      vertex 51.43594254277644 57.822201673772554 0
    endloop
  endfacet
  facet normal 0 0 -1
    outer loop
      vertex 49.5 12 0
      vertex 51.3065686544842 58.06424319468887 0
      vertex 51.3653102299123 57.9400445684436 0
    endloop
  endfacet
  facet normal 0 0 -1
    outer loop
      vertex 49.5 12 0
      vertex 51.61005050633884 57.61005050633883 0
      vertex 51.7118494021709 57.51778536529216 0
    endloop
  endfacet
  facet normal 0 0 -1
    outer loop
      vertex 49.5 12 0
      vertex 51.7118494021709 57.51778536529216 0
      vertex 51.82220167377256 57.43594254277643 0
    endloop
  endfacet
  facet normal 0 0 -1
    outer loop
      vertex 49.5 12 0
      vertex 51.82220167377256 57.43594254277643 0
      vertex 51.940044568443604 57.365310229912296 0
    endloop
  endfacet
  facet normal 0 0 -1
    outer loop
      vertex 49.5 12 0
      vertex 51.940044568443604 57.365310229912296 0
      vertex 52.06424319468888 57.306568654484195 0
    endloop
  endfacet
  facet normal 0 0 -1
    outer loop
      vertex 49.5 12 0
      vertex 52.193601451843755 57.2602835299749 0
      vertex 52.32687354917742 57.226900607435475 0
    endloop
  endfacet
  facet normal 0 0 -1
    outer loop
      vertex 49.5 12 0
      vertex 52.32687354917742 57.226900607435475 0
      vertex 52.462776003538615 57.20674138265892 0
    endloop
  endfacet
  facet normal 0 0 -1
    outer loop
      vertex 49.5 12 0
      vertex 52.06424319468888 57.306568654484195 0
      vertex 52.193601451843755 57.2602835299749 0
    endloop
  endfacet
  facet normal 0 0 -1
    outer loop
      vertex 49.5 12 0
      vertex 52.462776003538615 57.20674138265892 0
      vertex 52.6 57.199999999999996 0
    endloop
  endfacet
  facet normal 0 0 -1
    outer loop
      vertex 49.5 12 0
      vertex 52.6 57.199999999999996 0
      vertex 52.73722399646139 57.20674138265892 0
    endloop
  endfacet
  facet normal 0 0 -1
    outer loop
      vertex 49.5 12 0
      vertex 51.51778536529217 57.71184940217089 0
      vertex 51.61005050633884 57.61005050633883 0
    endloop
  endfacet
  facet normal 0 0 -1
    outer loop
      vertex 49.5 12 0
      vertex 49.5 62.36363636363636 0
      vertex 51.3065686544842 58.06424319468887 0
    endloop
  endfacet
  facet normal 0 0 -1
    outer loop
      vertex 49.5 12 0
      vertex 52.73722399646139 57.20674138265892 0
      vertex 52.87312645082258 57.226900607435475 0
    endloop
  endfacet
  facet normal 0 0 -1
    outer loop
      vertex 49.5 12 0
      vertex 52.87312645082258 57.226900607435475 0
      vertex 53.00639854815625 57.2602835299749 0
    endloop
  endfacet
  facet normal 0 0 -1
    outer loop
      vertex 49.5 12 0
      vertex 53.00639854815625 57.2602835299749 0
      vertex 53.135756805311125 57.306568654484195 0
    endloop
  endfacet
  facet normal 0 0 -1
    outer loop
      vertex 49.5 12 0
      vertex 53.135756805311125 57.306568654484195 0
      vertex 53.2599554315564 57.365310229912296 0
    endloop
  endfacet
  facet normal 0 0 -1
    outer loop
      vertex 49.5 12 0
      vertex 53.2599554315564 57.365310229912296 0
      vertex 53.37779832622744 57.43594254277643 0
    endloop
  endfacet
  facet normal 0 0 -1
    outer loop
      vertex 49.5 12 0
      vertex 53.37779832622744 57.43594254277643 0
      vertex 53.488150597829105 57.51778536529216 0
    endloop
  endfacet
  facet normal 0 0 -1
    outer loop
      vertex 49.5 12 0
      vertex 53.488150597829105 57.51778536529216 0
      vertex 53.589949493661166 57.61005050633883 0
    endloop
  endfacet
  facet normal 0 0 -1
    outer loop
      vertex 49.5 12 0
      vertex 53.589949493661166 57.61005050633883 0
      vertex 53.68221463470783 57.71184940217089 0
    endloop
  endfacet
  facet normal 0 0 -1
    outer loop
      vertex 49.5 12 0
      vertex 53.68221463470783 57.71184940217089 0
      vertex 53.764057457223565 57.822201673772554 0
    endloop
  endfacet
  facet normal 0 0 -1
    outer loop
      vertex 49.5 12 0
      vertex 53.764057457223565 57.822201673772554 0
      vertex 70.22639854815624 70.06028352997491 0
    endloop
  endfacet
  facet normal 0 0 1
    outer loop
      vertex 49.5 38.125 1
      vertex 51.51778536529217 57.71184940217089 1
      vertex 51.43594254277644 57.822201673772554 1
    endloop
  endfacet
  facet normal 0 0 1
    outer loop
      vertex 49.5 38.125 1
      vertex 51.3653102299123 57.9400445684436 1
      vertex 51.3065686544842 58.06424319468887 1
    endloop
  endfacet
  facet normal 0 0 1
    outer loop
      vertex 49.5 38.125 1
      vertex 51.3065686544842 58.06424319468887 1
      vertex 51.260283529974906 58.19360145184375 1
    endloop
  endfacet
  facet normal 0 0 1
    outer loop
      vertex 49.5 38.125 1
      vertex 51.43594254277644 57.822201673772554 1
      vertex 51.3653102299123 57.9400445684436 1
    endloop
  endfacet
  facet normal 0 0 1
    outer loop
      vertex 49.5 38.125 1
      vertex 51.82220167377256 57.43594254277643 1
      vertex 51.7118494021709 57.51778536529216 1
    endloop
  endfacet
  facet normal 0 0 1
    outer loop
      vertex 49.5 38.125 1
      vertex 51.7118494021709 57.51778536529216 1
      vertex 51.61005050633884 57.61005050633883 1
    endloop
  endfacet
  facet normal 0 0 1
    outer loop
      vertex 49.5 38.125 1
      vertex 51.940044568443604 57.365310229912296 1
      vertex 51.82220167377256 57.43594254277643 1
    endloop
  endfacet
  facet normal 0 0 1
    outer loop
      vertex 49.5 38.125 1
      vertex 52.06424319468888 57.306568654484195 1
      vertex 51.940044568443604 57.365310229912296 1
    endloop
  endfacet
  facet normal 0 0 1
    outer loop
      vertex 49.5 38.125 1
      vertex 51.61005050633884 57.61005050633883 1
      vertex 51.51778536529217 57.71184940217089 1
    endloop
  endfacet
  facet normal 0 0 1
    outer loop
      vertex 49.5 38.125 1
      vertex 52.32687354917742 57.226900607435475 1
      vertex 52.193601451843755 57.2602835299749 1
    endloop
  endfacet
  facet normal 0 0 1
    outer loop
      vertex 49.5 38.125 1
      vertex 52.462776003538615 57.20674138265892 1
      vertex 52.32687354917742 57.226900607435475 1
    endloop
  endfacet
  facet normal 0 0 1
    outer loop
      vertex 49.5 38.125 1
      vertex 52.193601451843755 57.2602835299749 1
      vertex 52.06424319468888 57.306568654484195 1
    endloop
  endfacet
  facet normal 0 0 1
    outer loop
      vertex 49.5 38.125 1
      vertex 52.6 57.199999999999996 1
      vertex 52.462776003538615 57.20674138265892 1
    endloop
  endfacet
  facet normal 0 0 1
    outer loop
      vertex 49.5 38.125 1
      vertex 52.73722399646139 57.20674138265892 1
      vertex 52.6 57.199999999999996 1
    endloop
  endfacet
  facet normal 0 0 1
    outer loop
      vertex 49.5 38.125 1
      vertex 72 31.279999999999994 1
      vertex 52.73722399646139 57.20674138265892 1
    endloop
  endfacet
  facet normal 0 0 -1
    outer loop
      vertex 49.5 12 0
      vertex 100 75 0
      vertex 60 22 0
    endloop
  endfacet
  facet normal 0 0 1
    outer loop
      vertex 67 27.279999999999994 1
      vertex 67 29.279999999999994 1
      vertex 59.35 23.18 1
    endloop
  endfacet
  facet normal 0 0 1
    outer loop
      vertex 67 29.279999999999994 1
      vertex 72 29.279999999999994 1
      vertex 72 31.279999999999994 1
    endloop
  endfacet
  facet normal 0 0 -1
    outer loop
      vertex 49.5 12 0
      vertex 70.22639854815624 70.06028352997491 0
      vertex 70.35575680531112 70.1065686544842 0
    endloop
  endfacet
  facet normal 0 0 -1
    outer loop
      vertex 49.5 12 0
      vertex 70.35575680531112 70.1065686544842 0
      vertex 89.63424319468886 70.1065686544842 0
    endloop
  endfacet
  facet normal 0 0 -1
    outer loop
      vertex 49.5 12 0
      vertex 89.63424319468886 70.1065686544842 0
      vertex 89.76360145184375 70.06028352997491 0
    endloop
  endfacet
  facet normal 0 0 -1
    outer loop
      vertex 49.5 12 0
      vertex 89.76360145184375 70.06028352997491 0
      vertex 89.89687354917741 70.02690060743548 0
    endloop
  endfacet
  facet normal 0 0 -1
    outer loop
      vertex 49.5 12 0
      vertex 89.89687354917741 70.02690060743548 0
      vertex 90.03277600353861 70.00674138265893 0
    endloop
  endfacet
  facet normal 0 0 1
    outer loop
      vertex 52.73722399646139 57.20674138265892 1
      vertex 92 31.279999999999994 1
      vertex 52.87312645082258 57.226900607435475 1
    endloop
  endfacet
  facet normal 0 0 1
    outer loop
      vertex 52.87312645082258 57.226900607435475 1
      vertex 92 31.279999999999994 1
      vertex 53.00639854815625 57.2602835299749 1
    endloop
  endfacet
  facet normal 0 0 1
    outer loop
      vertex 53.00639854815625 57.2602835299749 1
      vertex 92 31.279999999999994 1
      vertex 53.135756805311125 57.306568654484195 1
    endloop
  endfacet
  facet normal 0 0 1
    outer loop
      vertex 53.135756805311125 57.306568654484195 1
      vertex 92 31.279999999999994 1
      vertex 53.2599554315564 57.365310229912296 1
    endloop
  endfacet
  facet normal 0 0 1
    outer loop
      vertex 53.2599554315564 57.365310229912296 1
      vertex 92 31.279999999999994 1
      vertex 53.37779832622744 57.43594254277643 1
    endloop
  endfacet
  facet normal 0 0 1
    outer loop
      vertex 53.37779832622744 57.43594254277643 1
      vertex 92 31.279999999999994 1
      vertex 53.488150597829105 57.51778536529216 1
    endloop
  endfacet
  facet normal 0 0 1
    outer loop
      vertex 53.488150597829105 57.51778536529216 1
      vertex 92 31.279999999999994 1
      vertex 53.589949493661166 57.61005050633883 1
    endloop
  endfacet
  facet normal 0 0 1
    outer loop
      vertex 53.589949493661166 57.61005050633883 1
      vertex 92 31.279999999999994 1
      vertex 53.68221463470783 57.71184940217089 1
    endloop
  endfacet
  facet normal 0 0 1
    outer loop
      vertex 53.68221463470783 57.71184940217089 1
      vertex 92 31.279999999999994 1
      vertex 53.764057457223565 57.822201673772554 1
    endloop
  endfacet
  facet normal 0 0 1
    outer loop
      vertex 53.764057457223565 57.822201673772554 1
      vertex 92 31.279999999999994 1
      vertex 53.8346897700877 57.9400445684436 1
    endloop
  endfacet
  facet normal 0 0 1
    outer loop
      vertex 53.8346897700877 57.9400445684436 1
      vertex 92 31.279999999999994 1
      vertex 53.8934313455158 58.06424319468887 1
    endloop
  endfacet
  facet normal 0 0 1
    outer loop
      vertex 53.8934313455158 58.06424319468887 1
      vertex 92 31.279999999999994 1
      vertex 53.9397164700251 58.19360145184375 1
    endloop
  endfacet
  facet normal 0 0 1
    outer loop
      vertex 53.9397164700251 58.19360145184375 1
      vertex 92 31.279999999999994 1
      vertex 53.97309939256452 58.326873549177414 1
    endloop
  endfacet
  facet normal 0 0 1
    outer loop
      vertex 53.97309939256452 58.326873549177414 1
      vertex 92 31.279999999999994 1
      vertex 53.99325861734108 58.46277600353861 1
    endloop
  endfacet
  facet normal 0 0 1
    outer loop
      vertex 53.99325861734108 58.46277600353861 1
      vertex 92 31.279999999999994 1
      vertex 54 58.599999999999994 1
    endloop
  endfacet
  facet normal 0 0 1
    outer loop
      vertex 52.73722399646139 57.20674138265892 1
      vertex 72 31.279999999999994 1
      vertex 92 31.279999999999994 1
    endloop
  endfacet
  facet normal 0.7409511253549479 0.6715589548470307 4.962433453228298e-18
    outer loop
      vertex 51.61005050633884 57.61005050633883 0
      vertex 51.51778536529217 57.71184940217089 0
      vertex 51.51778536529217 57.71184940217089 1
    endloop
  endfacet
  facet normal 0.6715589548470307 0.7409511253549479 0
    outer loop
      vertex 51.61005050633884 57.61005050633883 0
      vertex 51.61005050633884 57.61005050633883 1
      vertex 51.7118494021709 57.51778536529216 0
    endloop
  endfacet
  facet normal 0.8577286100002625 0.5141027441932378 4.895106241153539e-18
    outer loop
      vertex 51.43594254277644 57.822201673772554 0
      vertex 51.3653102299123 57.9400445684436 0
      vertex 51.3653102299123 57.9400445684436 1
    endloop
  endfacet
  facet normal 0.9039892931234568 0.42755509343025366 0
    outer loop
      vertex 51.3065686544842 58.06424319468887 0
      vertex 51.3065686544842 58.06424319468887 1
      vertex 51.3653102299123 57.9400445684436 0
    endloop
  endfacet
  facet normal 0.8032075314806492 0.5956993044924275 0
    outer loop
      vertex 51.43594254277644 57.822201673772554 0
      vertex 51.43594254277644 57.822201673772554 1
      vertex 51.51778536529217 57.71184940217089 0
    endloop
  endfacet
  facet normal 0.3368898533922584 0.941544065183007 -6.220522351230524e-19
    outer loop
      vertex 52.193601451843755 57.2602835299749 0
      vertex 52.06424319468888 57.306568654484195 0
      vertex 52.06424319468888 57.306568654484195 1
    endloop
  endfacet
  facet normal 0.2429801799032237 0.9700312531945541 0
    outer loop
      vertex 52.193601451843755 57.2602835299749 0
      vertex 52.193601451843755 57.2602835299749 1
      vertex 52.32687354917742 57.226900607435475 0
    endloop
  endfacet
  facet normal 0.14673047445538456 0.9891765099647775 0
    outer loop
      vertex 52.32687354917742 57.226900607435475 0
      vertex 52.32687354917742 57.226900607435475 1
      vertex 52.462776003538615 57.20674138265892 0
    endloop
  endfacet
  facet normal 0.5956993044924275 0.8032075314806492 -3.90699745554514e-18
    outer loop
      vertex 51.82220167377256 57.43594254277643 0
      vertex 51.7118494021709 57.51778536529216 0
      vertex 51.7118494021709 57.51778536529216 1
    endloop
  endfacet
  facet normal 0.5141027441932378 0.8577286100002625 0
    outer loop
      vertex 51.82220167377256 57.43594254277643 0
      vertex 51.82220167377256 57.43594254277643 1
      vertex 51.940044568443604 57.365310229912296 0
    endloop
  endfacet
  facet normal 0.42755509343025366 0.9039892931234568 0
    outer loop
      vertex 51.940044568443604 57.365310229912296 0
      vertex 51.940044568443604 57.365310229912296 1
      vertex 52.06424319468888 57.306568654484195 0
    endloop
  endfacet
  facet normal 0.04906767432740816 0.9987954562051728 0
    outer loop
      vertex 52.462776003538615 57.20674138265892 0
      vertex 52.462776003538615 57.20674138265892 1
      vertex 52.6 57.199999999999996 0
    endloop
  endfacet
  facet normal -0.04906767432740816 0.9987954562051728 0
    outer loop
      vertex 52.6 57.199999999999996 0
      vertex 52.6 57.199999999999996 1
      vertex 52.73722399646139 57.20674138265892 0
    endloop
  endfacet
  facet normal -0.14673047445538456 0.9891765099647775 0
    outer loop
      vertex 52.73722399646139 57.20674138265892 0
      vertex 52.73722399646139 57.20674138265892 1
      vertex 52.87312645082258 57.226900607435475 0
    endloop
  endfacet
  facet normal -0.2429801799032237 0.9700312531945541 0
    outer loop
      vertex 52.87312645082258 57.226900607435475 0
      vertex 52.87312645082258 57.226900607435475 1
      vertex 53.00639854815625 57.2602835299749 0
    endloop
  endfacet
  facet normal -0.3368898533922584 0.941544065183007 0
    outer loop
      vertex 53.00639854815625 57.2602835299749 0
      vertex 53.00639854815625 57.2602835299749 1
      vertex 53.135756805311125 57.306568654484195 0
    endloop
  endfacet
  facet normal -0.42755509343025366 0.9039892931234568 0
    outer loop
      vertex 53.135756805311125 57.306568654484195 0
      vertex 53.135756805311125 57.306568654484195 1
      vertex 53.2599554315564 57.365310229912296 0
    endloop
  endfacet
  facet normal -0.5141027441932378 0.8577286100002625 0
    outer loop
      vertex 53.2599554315564 57.365310229912296 0
      vertex 53.2599554315564 57.365310229912296 1
      vertex 53.37779832622744 57.43594254277643 0
    endloop
  endfacet
  facet normal -0.5956993044924275 0.8032075314806492 0
    outer loop
      vertex 53.37779832622744 57.43594254277643 0
      vertex 53.37779832622744 57.43594254277643 1
      vertex 53.488150597829105 57.51778536529216 0
    endloop
  endfacet
  facet normal -0.6715589548470307 0.7409511253549479 0
    outer loop
      vertex 53.488150597829105 57.51778536529216 0
      vertex 53.488150597829105 57.51778536529216 1
      vertex 53.589949493661166 57.61005050633883 0
    endloop
  endfacet
  facet normal -0.7409511253549479 0.6715589548470307 0
    outer loop
      vertex 53.589949493661166 57.61005050633883 0
      vertex 53.589949493661166 57.61005050633883 1
      vertex 53.68221463470783 57.71184940217089 0
    endloop
  endfacet
  facet normal -0.8032075314806492 0.5956993044924275 0
    outer loop
      vertex 53.68221463470783 57.71184940217089 0
      vertex 53.68221463470783 57.71184940217089 1
      vertex 53.764057457223565 57.822201673772554 0
    endloop
  endfacet
  facet normal -0.8577286100002625 0.5141027441932378 0
    outer loop
      vertex 53.764057457223565 57.822201673772554 0
      vertex 53.764057457223565 57.822201673772554 1
      vertex 53.8346897700877 57.9400445684436 0
    endloop
  endfacet
  facet normal -0.9039892931234568 0.42755509343025366 0
    outer loop
      vertex 53.8346897700877 57.9400445684436 0
      vertex 53.8346897700877 57.9400445684436 1
      vertex 53.8934313455158 58.06424319468887 0
    endloop
  endfacet
  facet normal -0.941544065183007 0.3368898533922584 0
    outer loop
      vertex 53.8934313455158 58.06424319468887 0
      vertex 53.8934313455158 58.06424319468887 1
      vertex 53.9397164700251 58.19360145184375 0
    endloop
  endfacet
  facet normal 0.7409511253549479 0.6715589548470307 0
    outer loop
      vertex 51.61005050633884 57.61005050633883 0
      vertex 51.51778536529217 57.71184940217089 1
      vertex 51.61005050633884 57.61005050633883 1
    endloop
  endfacet
  facet normal 0.8577286100002625 0.5141027441932378 0
    outer loop
      vertex 51.43594254277644 57.822201673772554 0
      vertex 51.3653102299123 57.9400445684436 1
      vertex 51.43594254277644 57.822201673772554 1
    endloop
  endfacet
  facet normal 0.941544065183007 0.3368898533922584 0
    outer loop
      vertex 51.3065686544842 58.06424319468887 0
      vertex 51.260283529974906 58.19360145184375 1
      vertex 51.3065686544842 58.06424319468887 1
    endloop
  endfacet
  facet normal 0.9039892931234568 0.42755509343025366 0
    outer loop
      vertex 51.3653102299123 57.9400445684436 0
      vertex 51.3065686544842 58.06424319468887 1
      vertex 51.3653102299123 57.9400445684436 1
    endloop
  endfacet
  facet normal 0.8032075314806492 0.5956993044924275 0
    outer loop
      vertex 51.51778536529217 57.71184940217089 0
      vertex 51.43594254277644 57.822201673772554 1
      vertex 51.51778536529217 57.71184940217089 1
    endloop
  endfacet
  facet normal 0.3368898533922584 0.941544065183007 0
    outer loop
      vertex 52.193601451843755 57.2602835299749 0
      vertex 52.06424319468888 57.306568654484195 1
      vertex 52.193601451843755 57.2602835299749 1
    endloop
  endfacet
  facet normal 0.2429801799032237 0.9700312531945541 0
    outer loop
      vertex 52.32687354917742 57.226900607435475 0
      vertex 52.193601451843755 57.2602835299749 1
      vertex 52.32687354917742 57.226900607435475 1
    endloop
  endfacet
  facet normal 0.14673047445538456 0.9891765099647775 0
    outer loop
      vertex 52.462776003538615 57.20674138265892 0
      vertex 52.32687354917742 57.226900607435475 1
      vertex 52.462776003538615 57.20674138265892 1
    endloop
  endfacet
  facet normal 0.5956993044924275 0.8032075314806492 0
    outer loop
      vertex 51.82220167377256 57.43594254277643 0
      vertex 51.7118494021709 57.51778536529216 1
      vertex 51.82220167377256 57.43594254277643 1
    endloop
  endfacet
  facet normal 0.6715589548470307 0.7409511253549479 0
    outer loop
      vertex 51.7118494021709 57.51778536529216 0
      vertex 51.61005050633884 57.61005050633883 1
      vertex 51.7118494021709 57.51778536529216 1
    endloop
  endfacet
  facet normal 0.5141027441932378 0.8577286100002625 0
    outer loop
      vertex 51.940044568443604 57.365310229912296 0
      vertex 51.82220167377256 57.43594254277643 1
      vertex 51.940044568443604 57.365310229912296 1
    endloop
  endfacet
  facet normal 0.42755509343025366 0.9039892931234568 0
    outer loop
      vertex 52.06424319468888 57.306568654484195 0
      vertex 51.940044568443604 57.365310229912296 1
      vertex 52.06424319468888 57.306568654484195 1
    endloop
  endfacet
  facet normal 0.04906767432740816 0.9987954562051728 0
    outer loop
      vertex 52.6 57.199999999999996 0
      vertex 52.462776003538615 57.20674138265892 1
      vertex 52.6 57.199999999999996 1
    endloop
  endfacet
  facet normal -0.04906767432740816 0.9987954562051728 0
    outer loop
      vertex 52.73722399646139 57.20674138265892 0
      vertex 52.6 57.199999999999996 1
      vertex 52.73722399646139 57.20674138265892 1
    endloop
  endfacet
  facet normal -0.14673047445538456 0.9891765099647775 0
    outer loop
      vertex 52.87312645082258 57.226900607435475 0
      vertex 52.73722399646139 57.20674138265892 1
      vertex 52.87312645082258 57.226900607435475 1
    endloop
  endfacet
  facet normal -0.2429801799032237 0.9700312531945541 0
    outer loop
      vertex 53.00639854815625 57.2602835299749 0
      vertex 52.87312645082258 57.226900607435475 1
      vertex 53.00639854815625 57.2602835299749 1
    endloop
  endfacet
  facet normal -0.3368898533922584 0.941544065183007 0
    outer loop
      vertex 53.135756805311125 57.306568654484195 0
      vertex 53.00639854815625 57.2602835299749 1
      vertex 53.135756805311125 57.306568654484195 1
    endloop
  endfacet
  facet normal -0.42755509343025366 0.9039892931234568 0
    outer loop
      vertex 53.2599554315564 57.365310229912296 0
      vertex 53.135756805311125 57.306568654484195 1
      vertex 53.2599554315564 57.365310229912296 1
    endloop
  endfacet
  facet normal -0.5141027441932378 0.8577286100002625 0
    outer loop
      vertex 53.37779832622744 57.43594254277643 0
      vertex 53.2599554315564 57.365310229912296 1
      vertex 53.37779832622744 57.43594254277643 1
    endloop
  endfacet
  facet normal -0.5956993044924275 0.8032075314806492 0
    outer loop
      vertex 53.488150597829105 57.51778536529216 0
      vertex 53.37779832622744 57.43594254277643 1
      vertex 53.488150597829105 57.51778536529216 1
    endloop
  endfacet
  facet normal -0.6715589548470307 0.7409511253549479 0
    outer loop
      vertex 53.589949493661166 57.61005050633883 0
      vertex 53.488150597829105 57.51778536529216 1
      vertex 53.589949493661166 57.61005050633883 1
    endloop
  endfacet
  facet normal -0.7409511253549479 0.6715589548470307 0
    outer loop
      vertex 53.68221463470783 57.71184940217089 0
      vertex 53.589949493661166 57.61005050633883 1
      vertex 53.68221463470783 57.71184940217089 1
    endloop
  endfacet
  facet normal -0.8032075314806492 0.5956993044924275 0
    outer loop
      vertex 53.764057457223565 57.822201673772554 0
      vertex 53.68221463470783 57.71184940217089 1
      vertex 53.764057457223565 57.822201673772554 1
    endloop
  endfacet
  facet normal -0.8577286100002625 0.5141027441932378 0
    outer loop
      vertex 53.8346897700877 57.9400445684436 0
      vertex 53.764057457223565 57.822201673772554 1
      vertex 53.8346897700877 57.9400445684436 1
    endloop
  endfacet
  facet normal -0.9039892931234568 0.42755509343025366 0
    outer loop
      vertex 53.8934313455158 58.06424319468887 0
      vertex 53.8346897700877 57.9400445684436 1
      vertex 53.8934313455158 58.06424319468887 1
    endloop
  endfacet
  facet normal 0 0 -1
    outer loop
      vertex 49.5 62.36363636363636 0
      vertex 51.260283529974906 58.19360145184375 0
      vertex 51.3065686544842 58.06424319468887 0
    endloop
  endfacet
  facet normal 0 0 -1
    outer loop
      vertex 49.5 62.36363636363636 0
      vertex 51.22690060743548 58.326873549177414 0
      vertex 51.260283529974906 58.19360145184375 0
    endloop
  endfacet
  facet normal 0 0 -1
    outer loop
      vertex 49.5 62.36363636363636 0
      vertex 51.206741382658926 58.46277600353861 0
      vertex 51.22690060743548 58.326873549177414 0
    endloop
  endfacet
  facet normal 0 0 -1
    outer loop
      vertex 49.5 62.36363636363636 0
      vertex 51.2 58.599999999999994 0
      vertex 51.206741382658926 58.46277600353861 0
    endloop
  endfacet
  facet normal 0 0 -1
    outer loop
      vertex 49.5 62.36363636363636 0
      vertex 51.206741382658926 58.73722399646138 0
      vertex 51.2 58.599999999999994 0
    endloop
  endfacet
  facet normal 0 0 -1
    outer loop
      vertex 49.5 62.36363636363636 0
      vertex 51.22690060743548 58.873126450822575 0
      vertex 51.206741382658926 58.73722399646138 0
    endloop
  endfacet
  facet normal 0 0 -1
    outer loop
      vertex 49.5 62.36363636363636 0
      vertex 51.260283529974906 59.00639854815624 0
      vertex 51.22690060743548 58.873126450822575 0
    endloop
  endfacet
  facet normal 0 0 -1
    outer loop
      vertex 49.5 62.36363636363636 0
      vertex 51.3065686544842 59.13575680531112 0
      vertex 51.260283529974906 59.00639854815624 0
    endloop
  endfacet
  facet normal 0 0 -1
    outer loop
      vertex 49.5 62.36363636363636 0
      vertex 51.3653102299123 59.25995543155639 0
      vertex 51.3065686544842 59.13575680531112 0
    endloop
  endfacet
  facet normal 0 0 -1
    outer loop
      vertex 49.5 62.36363636363636 0
      vertex 51.43594254277644 59.377798326227435 0
      vertex 51.3653102299123 59.25995543155639 0
    endloop
  endfacet
  facet normal 0 0 -1
    outer loop
      vertex 49.5 62.36363636363636 0
      vertex 51.51778536529217 59.4881505978291 0
      vertex 51.43594254277644 59.377798326227435 0
    endloop
  endfacet
  facet normal 0 0 -1
    outer loop
      vertex 49.5 62.36363636363636 0
      vertex 51.61005050633884 59.58994949366116 0
      vertex 51.51778536529217 59.4881505978291 0
    endloop
  endfacet
  facet normal 0 0 -1
    outer loop
      vertex 49.5 62.36363636363636 0
      vertex 51.82220167377256 59.76405745722356 0
      vertex 51.7118494021709 59.682214634707826 0
    endloop
  endfacet
  facet normal 0 0 -1
    outer loop
      vertex 49.5 62.36363636363636 0
      vertex 51.7118494021709 59.682214634707826 0
      vertex 51.61005050633884 59.58994949366116 0
    endloop
  endfacet
  facet normal 0 0 -1
    outer loop
      vertex 49.5 62.36363636363636 0
      vertex 51.940044568443604 59.83468977008769 0
      vertex 51.82220167377256 59.76405745722356 0
    endloop
  endfacet
  facet normal 0 0 -1
    outer loop
      vertex 49.5 62.36363636363636 0
      vertex 52.06424319468888 59.89343134551579 0
      vertex 51.940044568443604 59.83468977008769 0
    endloop
  endfacet
  facet normal 0 0 -1
    outer loop
      vertex 49.5 62.36363636363636 0
      vertex 52.32687354917742 59.973099392564514 0
      vertex 52.193601451843755 59.93971647002509 0
    endloop
  endfacet
  facet normal 0 0 -1
    outer loop
      vertex 49.5 62.36363636363636 0
      vertex 52.193601451843755 59.93971647002509 0
      vertex 52.06424319468888 59.89343134551579 0
    endloop
  endfacet
  facet normal 0 0 -1
    outer loop
      vertex 49.5 62.36363636363636 0
      vertex 52.462776003538615 59.99325861734107 0
      vertex 52.32687354917742 59.973099392564514 0
    endloop
  endfacet
  facet normal 0 0 -1
    outer loop
      vertex 49.5 62.36363636363636 0
      vertex 52.6 59.99999999999999 0
      vertex 52.462776003538615 59.99325861734107 0
    endloop
  endfacet
  facet normal 0 0 -1
    outer loop
      vertex 49.5 62.36363636363636 0
      vertex 52.73722399646139 59.99325861734107 0
      vertex 52.6 59.99999999999999 0
    endloop
  endfacet
  facet normal 0.9700312531945541 0.2429801799032237 0
    outer loop
      vertex 51.22690060743548 58.326873549177414 0
      vertex 51.22690060743548 58.326873549177414 1
      vertex 51.260283529974906 58.19360145184375 0
    endloop
  endfacet
  facet normal 0.9891765099647775 0.14673047445538456 5.474055502071987e-19
    outer loop
      vertex 51.22690060743548 58.326873549177414 0
      vertex 51.206741382658926 58.46277600353861 0
      vertex 51.206741382658926 58.46277600353861 1
    endloop
  endfacet
  facet normal 0.9987954562051728 0.04906767432740816 1.275315739137801e-19
    outer loop
      vertex 51.206741382658926 58.46277600353861 0
      vertex 51.2 58.599999999999994 0
      vertex 51.2 58.599999999999994 1
    endloop
  endfacet
  facet normal 0.9987954562051728 -0.04906767432740816 -1.275315739137801e-19
    outer loop
      vertex 51.2 58.599999999999994 0
      vertex 51.206741382658926 58.73722399646138 0
      vertex 51.206741382658926 58.73722399646138 1
    endloop
  endfacet
  facet normal 0.9891765099647775 -0.14673047445538456 -5.474055502071987e-19
    outer loop
      vertex 51.206741382658926 58.73722399646138 0
      vertex 51.22690060743548 58.873126450822575 0
      vertex 51.22690060743548 58.873126450822575 1
    endloop
  endfacet
  facet normal 0.941544065183007 0.3368898533922584 -6.220522351230524e-19
    outer loop
      vertex 51.3065686544842 58.06424319468887 0
      vertex 51.260283529974906 58.19360145184375 0
      vertex 51.260283529974906 58.19360145184375 1
    endloop
  endfacet
  facet normal 0.9700312531945541 -0.2429801799032237 -9.643769022207797e-19
    outer loop
      vertex 51.22690060743548 58.873126450822575 0
      vertex 51.260283529974906 59.00639854815624 0
      vertex 51.260283529974906 59.00639854815624 1
    endloop
  endfacet
  facet normal 0.941544065183007 -0.3368898533922584 6.220522351230524e-19
    outer loop
      vertex 51.260283529974906 59.00639854815624 0
      vertex 51.3065686544842 59.13575680531112 0
      vertex 51.3065686544842 59.13575680531112 1
    endloop
  endfacet
  facet normal 0.9039892931234568 -0.42755509343025366 -1.7099013456807815e-19
    outer loop
      vertex 51.3065686544842 59.13575680531112 0
      vertex 51.3653102299123 59.25995543155639 0
      vertex 51.3653102299123 59.25995543155639 1
    endloop
  endfacet
  facet normal 0.8577286100002625 -0.5141027441932378 -4.895106241153539e-18
    outer loop
      vertex 51.3653102299123 59.25995543155639 0
      vertex 51.43594254277644 59.377798326227435 0
      vertex 51.43594254277644 59.377798326227435 1
    endloop
  endfacet
  facet normal 0.8032075314806492 -0.5956993044924275 3.90699745554514e-18
    outer loop
      vertex 51.43594254277644 59.377798326227435 0
      vertex 51.51778536529217 59.4881505978291 0
      vertex 51.51778536529217 59.4881505978291 1
    endloop
  endfacet
  facet normal 0.7409511253549479 -0.6715589548470307 -4.962433453228298e-18
    outer loop
      vertex 51.51778536529217 59.4881505978291 0
      vertex 51.61005050633884 59.58994949366116 0
      vertex 51.61005050633884 59.58994949366116 1
    endloop
  endfacet
  facet normal 0.6715589548470307 -0.7409511253549479 -4.962433453228298e-18
    outer loop
      vertex 51.61005050633884 59.58994949366116 0
      vertex 51.7118494021709 59.682214634707826 0
      vertex 51.7118494021709 59.682214634707826 1
    endloop
  endfacet
  facet normal 0.5956993044924275 -0.8032075314806492 3.90699745554514e-18
    outer loop
      vertex 51.7118494021709 59.682214634707826 0
      vertex 51.82220167377256 59.76405745722356 0
      vertex 51.82220167377256 59.76405745722356 1
    endloop
  endfacet
  facet normal 0.5141027441932378 -0.8577286100002625 -4.895106241153539e-18
    outer loop
      vertex 51.82220167377256 59.76405745722356 0
      vertex 51.940044568443604 59.83468977008769 0
      vertex 51.940044568443604 59.83468977008769 1
    endloop
  endfacet
  facet normal 0.42755509343025366 -0.9039892931234568 -1.7099013456807815e-19
    outer loop
      vertex 51.940044568443604 59.83468977008769 0
      vertex 52.06424319468888 59.89343134551579 0
      vertex 52.06424319468888 59.89343134551579 1
    endloop
  endfacet
  facet normal 0.3368898533922584 -0.941544065183007 6.220522351230524e-19
    outer loop
      vertex 52.06424319468888 59.89343134551579 0
      vertex 52.193601451843755 59.93971647002509 0
      vertex 52.193601451843755 59.93971647002509 1
    endloop
  endfacet
  facet normal 0.2429801799032237 -0.9700312531945541 -9.643769022207797e-19
    outer loop
      vertex 52.193601451843755 59.93971647002509 0
      vertex 52.32687354917742 59.973099392564514 0
      vertex 52.32687354917742 59.973099392564514 1
    endloop
  endfacet
  facet normal 0.14673047445538456 -0.9891765099647775 -5.474055502071987e-19
    outer loop
      vertex 52.32687354917742 59.973099392564514 0
      vertex 52.462776003538615 59.99325861734107 0
      vertex 52.462776003538615 59.99325861734107 1
    endloop
  endfacet
  facet normal 0.04906767432740816 -0.9987954562051728 -1.275315739137801e-19
    outer loop
      vertex 52.462776003538615 59.99325861734107 0
      vertex 52.6 59.99999999999999 0
      vertex 52.6 59.99999999999999 1
    endloop
  endfacet
  facet normal -0.14673047445538456 -0.9891765099647775 0
    outer loop
      vertex 52.87312645082258 59.973099392564514 0
      vertex 52.87312645082258 59.973099392564514 1
      vertex 52.73722399646139 59.99325861734107 0
    endloop
  endfacet
  facet normal -0.04906767432740816 -0.9987954562051728 1.275315739137801e-19
    outer loop
      vertex 52.6 59.99999999999999 0
      vertex 52.73722399646139 59.99325861734107 0
      vertex 52.73722399646139 59.99325861734107 1
    endloop
  endfacet
  facet normal -0.2429801799032237 -0.9700312531945541 9.643769022207797e-19
    outer loop
      vertex 52.87312645082258 59.973099392564514 0
      vertex 53.00639854815625 59.93971647002509 0
      vertex 53.00639854815625 59.93971647002509 1
    endloop
  endfacet
  facet normal -0.3368898533922584 -0.941544065183007 -6.220522351230524e-19
    outer loop
      vertex 53.00639854815625 59.93971647002509 0
      vertex 53.135756805311125 59.89343134551579 0
      vertex 53.135756805311125 59.89343134551579 1
    endloop
  endfacet
  facet normal -0.42755509343025366 -0.9039892931234568 1.7099013456807815e-19
    outer loop
      vertex 53.135756805311125 59.89343134551579 0
      vertex 53.2599554315564 59.83468977008769 0
      vertex 53.2599554315564 59.83468977008769 1
    endloop
  endfacet
  facet normal -0.9700312531945541 0.2429801799032237 0
    outer loop
      vertex 53.9397164700251 58.19360145184375 0
      vertex 53.9397164700251 58.19360145184375 1
      vertex 53.97309939256452 58.326873549177414 0
    endloop
  endfacet
  facet normal -0.9891765099647775 0.14673047445538456 0
    outer loop
      vertex 53.97309939256452 58.326873549177414 0
      vertex 53.97309939256452 58.326873549177414 1
      vertex 53.99325861734108 58.46277600353861 0
    endloop
  endfacet
  facet normal -0.9987954562051728 0.04906767432740816 0
    outer loop
      vertex 53.99325861734108 58.46277600353861 0
      vertex 53.99325861734108 58.46277600353861 1
      vertex 54 58.599999999999994 0
    endloop
  endfacet
  facet normal -0.9987954562051728 -0.04906767432740816 0
    outer loop
      vertex 54 58.599999999999994 0
      vertex 54 58.599999999999994 1
      vertex 53.99325861734108 58.73722399646138 0
    endloop
  endfacet
  facet normal -0.9891765099647775 -0.14673047445538456 0
    outer loop
      vertex 53.99325861734108 58.73722399646138 0
      vertex 53.99325861734108 58.73722399646138 1
      vertex 53.97309939256452 58.873126450822575 0
    endloop
  endfacet
  facet normal -0.9700312531945541 -0.2429801799032237 0
    outer loop
      vertex 53.97309939256452 58.873126450822575 0
      vertex 53.97309939256452 58.873126450822575 1
      vertex 53.9397164700251 59.00639854815624 0
    endloop
  endfacet
  facet normal -0.5956993044924275 -0.8032075314806492 -3.90699745554514e-18
    outer loop
      vertex 53.37779832622744 59.76405745722356 0
      vertex 53.488150597829105 59.682214634707826 0
      vertex 53.488150597829105 59.682214634707826 1
    endloop
  endfacet
  facet normal -0.7409511253549479 -0.6715589548470307 0
    outer loop
      vertex 53.68221463470783 59.4881505978291 0
      vertex 53.68221463470783 59.4881505978291 1
      vertex 53.589949493661166 59.58994949366116 0
    endloop
  endfacet
  facet normal -0.6715589548470307 -0.7409511253549479 4.962433453228298e-18
    outer loop
      vertex 53.488150597829105 59.682214634707826 0
      vertex 53.589949493661166 59.58994949366116 0
      vertex 53.589949493661166 59.58994949366116 1
    endloop
  endfacet
  facet normal -0.941544065183007 -0.3368898533922584 -6.220522351230524e-19
    outer loop
      vertex 53.8934313455158 59.13575680531112 0
      vertex 53.9397164700251 59.00639854815624 0
      vertex 53.9397164700251 59.00639854815624 1
    endloop
  endfacet
  facet normal -0.8577286100002625 -0.5141027441932378 0
    outer loop
      vertex 53.8346897700877 59.25995543155639 0
      vertex 53.8346897700877 59.25995543155639 1
      vertex 53.764057457223565 59.377798326227435 0
    endloop
  endfacet
  facet normal -0.9039892931234568 -0.42755509343025366 0
    outer loop
      vertex 53.8934313455158 59.13575680531112 0
      vertex 53.8934313455158 59.13575680531112 1
      vertex 53.8346897700877 59.25995543155639 0
    endloop
  endfacet
  facet normal -0.8032075314806492 -0.5956993044924275 -3.90699745554514e-18
    outer loop
      vertex 53.68221463470783 59.4881505978291 0
      vertex 53.764057457223565 59.377798326227435 0
      vertex 53.764057457223565 59.377798326227435 1
    endloop
  endfacet
  facet normal -0.5141027441932378 -0.8577286100002625 4.895106241153539e-18
    outer loop
      vertex 53.2599554315564 59.83468977008769 0
      vertex 53.37779832622744 59.76405745722356 0
      vertex 53.37779832622744 59.76405745722356 1
    endloop
  endfacet
  facet normal 0.9891765099647775 0.14673047445538456 0
    outer loop
      vertex 51.22690060743548 58.326873549177414 0
      vertex 51.206741382658926 58.46277600353861 1
      vertex 51.22690060743548 58.326873549177414 1
    endloop
  endfacet
  facet normal 0.9987954562051728 0.04906767432740816 0
    outer loop
      vertex 51.206741382658926 58.46277600353861 0
      vertex 51.2 58.599999999999994 1
      vertex 51.206741382658926 58.46277600353861 1
    endloop
  endfacet
  facet normal 0.9987954562051728 -0.04906767432740816 0
    outer loop
      vertex 51.2 58.599999999999994 0
      vertex 51.206741382658926 58.73722399646138 1
      vertex 51.2 58.599999999999994 1
    endloop
  endfacet
  facet normal 0.9891765099647775 -0.14673047445538456 0
    outer loop
      vertex 51.206741382658926 58.73722399646138 0
      vertex 51.22690060743548 58.873126450822575 1
      vertex 51.206741382658926 58.73722399646138 1
    endloop
  endfacet
  facet normal 0.9700312531945541 -0.2429801799032237 0
    outer loop
      vertex 51.22690060743548 58.873126450822575 0
      vertex 51.260283529974906 59.00639854815624 1
      vertex 51.22690060743548 58.873126450822575 1
    endloop
  endfacet
  facet normal 0.9700312531945541 0.2429801799032237 0
    outer loop
      vertex 51.260283529974906 58.19360145184375 0
      vertex 51.22690060743548 58.326873549177414 1
      vertex 51.260283529974906 58.19360145184375 1
    endloop
  endfacet
  facet normal 0.941544065183007 -0.3368898533922584 0
    outer loop
      vertex 51.260283529974906 59.00639854815624 0
      vertex 51.3065686544842 59.13575680531112 1
      vertex 51.260283529974906 59.00639854815624 1
    endloop
  endfacet
  facet normal 0.9039892931234568 -0.42755509343025366 0
    outer loop
      vertex 51.3065686544842 59.13575680531112 0
      vertex 51.3653102299123 59.25995543155639 1
      vertex 51.3065686544842 59.13575680531112 1
    endloop
  endfacet
  facet normal 0.8577286100002625 -0.5141027441932378 0
    outer loop
      vertex 51.3653102299123 59.25995543155639 0
      vertex 51.43594254277644 59.377798326227435 1
      vertex 51.3653102299123 59.25995543155639 1
    endloop
  endfacet
  facet normal 0.8032075314806492 -0.5956993044924275 0
    outer loop
      vertex 51.43594254277644 59.377798326227435 0
      vertex 51.51778536529217 59.4881505978291 1
      vertex 51.43594254277644 59.377798326227435 1
    endloop
  endfacet
  facet normal 0.7409511253549479 -0.6715589548470307 0
    outer loop
      vertex 51.51778536529217 59.4881505978291 0
      vertex 51.61005050633884 59.58994949366116 1
      vertex 51.51778536529217 59.4881505978291 1
    endloop
  endfacet
  facet normal 0.6715589548470307 -0.7409511253549479 0
    outer loop
      vertex 51.61005050633884 59.58994949366116 0
      vertex 51.7118494021709 59.682214634707826 1
      vertex 51.61005050633884 59.58994949366116 1
    endloop
  endfacet
  facet normal 0.5956993044924275 -0.8032075314806492 0
    outer loop
      vertex 51.7118494021709 59.682214634707826 0
      vertex 51.82220167377256 59.76405745722356 1
      vertex 51.7118494021709 59.682214634707826 1
    endloop
  endfacet
  facet normal 0.5141027441932378 -0.8577286100002625 0
    outer loop
      vertex 51.82220167377256 59.76405745722356 0
      vertex 51.940044568443604 59.83468977008769 1
      vertex 51.82220167377256 59.76405745722356 1
    endloop
  endfacet
  facet normal 0.42755509343025366 -0.9039892931234568 0
    outer loop
      vertex 51.940044568443604 59.83468977008769 0
      vertex 52.06424319468888 59.89343134551579 1
      vertex 51.940044568443604 59.83468977008769 1
    endloop
  endfacet
  facet normal 0.3368898533922584 -0.941544065183007 0
    outer loop
      vertex 52.06424319468888 59.89343134551579 0
      vertex 52.193601451843755 59.93971647002509 1
      vertex 52.06424319468888 59.89343134551579 1
    endloop
  endfacet
  facet normal 0.2429801799032237 -0.9700312531945541 0
    outer loop
      vertex 52.193601451843755 59.93971647002509 0
      vertex 52.32687354917742 59.973099392564514 1
      vertex 52.193601451843755 59.93971647002509 1
    endloop
  endfacet
  facet normal 0.14673047445538456 -0.9891765099647775 0
    outer loop
      vertex 52.32687354917742 59.973099392564514 0
      vertex 52.462776003538615 59.99325861734107 1
      vertex 52.32687354917742 59.973099392564514 1
    endloop
  endfacet
  facet normal 0.04906767432740816 -0.9987954562051728 0
    outer loop
      vertex 52.462776003538615 59.99325861734107 0
      vertex 52.6 59.99999999999999 1
      vertex 52.462776003538615 59.99325861734107 1
    endloop
  endfacet
  facet normal -0.04906767432740816 -0.9987954562051728 0
    outer loop
      vertex 52.6 59.99999999999999 0
      vertex 52.73722399646139 59.99325861734107 1
      vertex 52.6 59.99999999999999 1
    endloop
  endfacet
  facet normal -0.14673047445538456 -0.9891765099647775 0
    outer loop
      vertex 52.73722399646139 59.99325861734107 0
      vertex 52.87312645082258 59.973099392564514 1
      vertex 52.73722399646139 59.99325861734107 1
    endloop
  endfacet
  facet normal -0.2429801799032237 -0.9700312531945541 0
    outer loop
      vertex 52.87312645082258 59.973099392564514 0
      vertex 53.00639854815625 59.93971647002509 1
      vertex 52.87312645082258 59.973099392564514 1
    endloop
  endfacet
  facet normal -0.3368898533922584 -0.941544065183007 0
    outer loop
      vertex 53.00639854815625 59.93971647002509 0
      vertex 53.135756805311125 59.89343134551579 1
      vertex 53.00639854815625 59.93971647002509 1
    endloop
  endfacet
  facet normal -0.42755509343025366 -0.9039892931234568 0
    outer loop
      vertex 53.135756805311125 59.89343134551579 0
      vertex 53.2599554315564 59.83468977008769 1
      vertex 53.135756805311125 59.89343134551579 1
    endloop
  endfacet
  facet normal -0.5141027441932378 -0.8577286100002625 0
    outer loop
      vertex 53.2599554315564 59.83468977008769 0
      vertex 53.37779832622744 59.76405745722356 1
      vertex 53.2599554315564 59.83468977008769 1
    endloop
  endfacet
  facet normal -0.941544065183007 0.3368898533922584 0
    outer loop
      vertex 53.9397164700251 58.19360145184375 0
      vertex 53.8934313455158 58.06424319468887 1
      vertex 53.9397164700251 58.19360145184375 1
    endloop
  endfacet
  facet normal -0.9700312531945541 0.2429801799032237 0
    outer loop
      vertex 53.97309939256452 58.326873549177414 0
      vertex 53.9397164700251 58.19360145184375 1
      vertex 53.97309939256452 58.326873549177414 1
    endloop
  endfacet
  facet normal -0.9891765099647775 0.14673047445538456 0
    outer loop
      vertex 53.99325861734108 58.46277600353861 0
      vertex 53.97309939256452 58.326873549177414 1
      vertex 53.99325861734108 58.46277600353861 1
    endloop
  endfacet
  facet normal -0.9987954562051728 0.04906767432740816 0
    outer loop
      vertex 54 58.599999999999994 0
      vertex 53.99325861734108 58.46277600353861 1
      vertex 54 58.599999999999994 1
    endloop
  endfacet
  facet normal -0.9987954562051728 -0.04906767432740816 0
    outer loop
      vertex 53.99325861734108 58.73722399646138 0
      vertex 54 58.599999999999994 1
      vertex 53.99325861734108 58.73722399646138 1
    endloop
  endfacet
  facet normal -0.9891765099647775 -0.14673047445538456 0
    outer loop
      vertex 53.97309939256452 58.873126450822575 0
      vertex 53.99325861734108 58.73722399646138 1
      vertex 53.97309939256452 58.873126450822575 1
    endloop
  endfacet
  facet normal -0.5956993044924275 -0.8032075314806492 0
    outer loop
      vertex 53.37779832622744 59.76405745722356 0
      vertex 53.488150597829105 59.682214634707826 1
      vertex 53.37779832622744 59.76405745722356 1
    endloop
  endfacet
  facet normal -0.7409511253549479 -0.6715589548470307 0
    outer loop
      vertex 53.589949493661166 59.58994949366116 0
      vertex 53.68221463470783 59.4881505978291 1
      vertex 53.589949493661166 59.58994949366116 1
    endloop
  endfacet
  facet normal -0.8032075314806492 -0.5956993044924275 0
    outer loop
      vertex 53.68221463470783 59.4881505978291 0
      vertex 53.764057457223565 59.377798326227435 1
      vertex 53.68221463470783 59.4881505978291 1
    endloop
  endfacet
  facet normal -0.6715589548470307 -0.7409511253549479 0
    outer loop
      vertex 53.488150597829105 59.682214634707826 0
      vertex 53.589949493661166 59.58994949366116 1
      vertex 53.488150597829105 59.682214634707826 1
    endloop
  endfacet
  facet normal -0.941544065183007 -0.3368898533922584 0
    outer loop
      vertex 53.8934313455158 59.13575680531112 0
      vertex 53.9397164700251 59.00639854815624 1
      vertex 53.8934313455158 59.13575680531112 1
    endloop
  endfacet
  facet normal -0.8577286100002625 -0.5141027441932378 0
    outer loop
      vertex 53.764057457223565 59.377798326227435 0
      vertex 53.8346897700877 59.25995543155639 1
      vertex 53.764057457223565 59.377798326227435 1
    endloop
  endfacet
  facet normal -0.9039892931234568 -0.42755509343025366 0
    outer loop
      vertex 53.8346897700877 59.25995543155639 0
      vertex 53.8934313455158 59.13575680531112 1
      vertex 53.8346897700877 59.25995543155639 1
    endloop
  endfacet
  facet normal -0.9700312531945541 -0.2429801799032237 0
    outer loop
      vertex 53.9397164700251 59.00639854815624 0
      vertex 53.97309939256452 58.873126450822575 1
      vertex 53.9397164700251 59.00639854815624 1
    endloop
  endfacet
  facet normal 0 0 -1
    outer loop
      vertex 53.99325861734108 58.73722399646138 0
      vertex 53.97309939256452 58.873126450822575 0
      vertex 69.28424319468887 70.1065686544842 0
    endloop
  endfacet
  facet normal 0 0 -1
    outer loop
      vertex 53.8934313455158 59.13575680531112 0
      vertex 53.8346897700877 59.25995543155639 0
      vertex 68.93184940217088 70.31778536529217 0
    endloop
  endfacet
  facet normal 0 0 -1
    outer loop
      vertex 53.8346897700877 59.25995543155639 0
      vertex 53.764057457223565 59.377798326227435 0
      vertex 68.83005050633882 70.41005050633883 0
    endloop
  endfacet
  facet normal 0 0 -1
    outer loop
      vertex 53.8934313455158 59.13575680531112 0
      vertex 69.04220167377255 70.23594254277644 0
      vertex 53.9397164700251 59.00639854815624 0
    endloop
  endfacet
  facet normal 0 0 -1
    outer loop
      vertex 53.97309939256452 58.873126450822575 0
      vertex 53.9397164700251 59.00639854815624 0
      vertex 69.1600445684436 70.16531022991231 0
    endloop
  endfacet
  facet normal 0 0 -1
    outer loop
      vertex 53.764057457223565 57.822201673772554 0
      vertex 53.8346897700877 57.9400445684436 0
      vertex 70.22639854815624 70.06028352997491 0
    endloop
  endfacet
  facet normal 0 0 -1
    outer loop
      vertex 53.8346897700877 57.9400445684436 0
      vertex 53.8934313455158 58.06424319468887 0
      vertex 70.09312645082257 70.02690060743548 0
    endloop
  endfacet
  facet normal 0 0 -1
    outer loop
      vertex 53.8934313455158 58.06424319468887 0
      vertex 53.9397164700251 58.19360145184375 0
      vertex 69.95722399646138 70.00674138265893 0
    endloop
  endfacet
  facet normal 0 0 -1
    outer loop
      vertex 53.97309939256452 58.326873549177414 0
      vertex 53.99325861734108 58.46277600353861 0
      vertex 69.6827760035386 70.00674138265893 0
    endloop
  endfacet
  facet normal 0 0 -1
    outer loop
      vertex 53.9397164700251 58.19360145184375 0
      vertex 53.97309939256452 58.326873549177414 0
      vertex 69.82 70 0
    endloop
  endfacet
  facet normal 0 0 -1
    outer loop
      vertex 53.99325861734108 58.46277600353861 0
      vertex 54 58.599999999999994 0
      vertex 69.54687354917742 70.02690060743548 0
    endloop
  endfacet
  facet normal 0 0 -1
    outer loop
      vertex 54 58.599999999999994 0
      vertex 53.99325861734108 58.73722399646138 0
      vertex 69.41360145184375 70.06028352997491 0
    endloop
  endfacet
  facet normal 0 0 -1
    outer loop
      vertex 53.37779832622744 59.76405745722356 0
      vertex 68.5265686544842 70.86424319468888 0
      vertex 53.488150597829105 59.682214634707826 0
    endloop
  endfacet
  facet normal 0 0 -1
    outer loop
      vertex 53.68221463470783 59.4881505978291 0
      vertex 53.589949493661166 59.58994949366116 0
      vertex 68.65594254277643 70.62220167377257 0
    endloop
  endfacet
  facet normal 0 0 -1
    outer loop
      vertex 53.488150597829105 59.682214634707826 0
      vertex 68.5853102299123 70.74004456844361 0
      vertex 53.589949493661166 59.58994949366116 0
    endloop
  endfacet
  facet normal 0 0 -1
    outer loop
      vertex 53.68221463470783 59.4881505978291 0
      vertex 68.73778536529215 70.5118494021709 0
      vertex 53.764057457223565 59.377798326227435 0
    endloop
  endfacet
  facet normal 0 0 1
    outer loop
      vertex 49.5 38.125 1
      vertex 51.260283529974906 58.19360145184375 1
      vertex 51.22690060743548 58.326873549177414 1
    endloop
  endfacet
  facet normal 0 0 1
    outer loop
      vertex 49.5 38.125 1
      vertex 51.22690060743548 58.326873549177414 1
      vertex 51.206741382658926 58.46277600353861 1
    endloop
  endfacet
  facet normal 0 0 1
    outer loop
      vertex 49.5 38.125 1
      vertex 51.206741382658926 58.46277600353861 1
      vertex 51.2 58.599999999999994 1
    endloop
  endfacet
  facet normal 0 0 1
    outer loop
      vertex 49.5 38.125 1
      vertex 51.2 58.599999999999994 1
      vertex 51.206741382658926 58.73722399646138 1
    endloop
  endfacet
  facet normal 0 0 1
    outer loop
      vertex 49.5 38.125 1
      vertex 51.206741382658926 58.73722399646138 1
      vertex 49.5 67 1
    endloop
  endfacet
  facet normal 0 0 1
    outer loop
      vertex 49.5 67 1
      vertex 51.206741382658926 58.73722399646138 1
      vertex 51.22690060743548 58.873126450822575 1
    endloop
  endfacet
  facet normal 0 0 1
    outer loop
      vertex 49.5 67 1
      vertex 51.22690060743548 58.873126450822575 1
      vertex 51.260283529974906 59.00639854815624 1
    endloop
  endfacet
  facet normal 0 0 1
    outer loop
      vertex 49.5 67 1
      vertex 51.260283529974906 59.00639854815624 1
      vertex 51.3065686544842 59.13575680531112 1
    endloop
  endfacet
  facet normal 0 0 1
    outer loop
      vertex 49.5 67 1
      vertex 51.3065686544842 59.13575680531112 1
      vertex 51.3653102299123 59.25995543155639 1
    endloop
  endfacet
  facet normal 0 0 1
    outer loop
      vertex 49.5 67 1
      vertex 51.3653102299123 59.25995543155639 1
      vertex 51.43594254277644 59.377798326227435 1
    endloop
  endfacet
  facet normal 0 0 1
    outer loop
      vertex 49.5 67 1
      vertex 51.43594254277644 59.377798326227435 1
      vertex 51.51778536529217 59.4881505978291 1
    endloop
  endfacet
  facet normal 0 0 1
    outer loop
      vertex 51.51778536529217 59.4881505978291 1
      vertex 51.61005050633884 59.58994949366116 1
      vertex 57.13636363636364 75 1
    endloop
  endfacet
  facet normal 0 0 1
    outer loop
      vertex 53.8934313455158 59.13575680531112 1
      vertex 57.13636363636364 75 1
      vertex 53.8346897700877 59.25995543155639 1
    endloop
  endfacet
  facet normal 0 0 1
    outer loop
      vertex 53.68221463470783 59.4881505978291 1
      vertex 53.764057457223565 59.377798326227435 1
      vertex 57.13636363636364 75 1
    endloop
  endfacet
  facet normal 0 0 1
    outer loop
      vertex 53.68221463470783 59.4881505978291 1
      vertex 57.13636363636364 75 1
      vertex 53.589949493661166 59.58994949366116 1
    endloop
  endfacet
  facet normal 0 0 1
    outer loop
      vertex 53.8346897700877 59.25995543155639 1
      vertex 57.13636363636364 75 1
      vertex 53.764057457223565 59.377798326227435 1
    endloop
  endfacet
  facet normal 0 0 1
    outer loop
      vertex 54 58.599999999999994 1
      vertex 57.13636363636364 75 1
      vertex 53.99325861734108 58.73722399646138 1
    endloop
  endfacet
  facet normal 0 0 1
    outer loop
      vertex 53.99325861734108 58.73722399646138 1
      vertex 57.13636363636364 75 1
      vertex 53.97309939256452 58.873126450822575 1
    endloop
  endfacet
  facet normal 0 0 1
    outer loop
      vertex 53.97309939256452 58.873126450822575 1
      vertex 57.13636363636364 75 1
      vertex 53.9397164700251 59.00639854815624 1
    endloop
  endfacet
  facet normal 0 0 1
    outer loop
      vertex 53.8934313455158 59.13575680531112 1
      vertex 53.9397164700251 59.00639854815624 1
      vertex 57.13636363636364 75 1
    endloop
  endfacet
  facet normal 0 0 -1
    outer loop
      vertex 47.5 67 0
      vertex 57.13636363636364 75 0
      vertex 49.5 67 0
    endloop
  endfacet
  facet normal 0 0 -1
    outer loop
      vertex 49.5 62.36363636363636 0
      vertex 49.5 67 0
      vertex 57.13636363636364 75 0
    endloop
  endfacet
  facet normal 0 0 -1
    outer loop
      vertex 49.5 62.36363636363636 0
      vertex 62.13636363636364 75 0
      vertex 52.73722399646139 59.99325861734107 0
    endloop
  endfacet
  facet normal 0 0 -1
    outer loop
      vertex 52.87312645082258 59.973099392564514 0
      vertex 52.73722399646139 59.99325861734107 0
      vertex 62.13636363636364 75 0
    endloop
  endfacet
  facet normal 0 0 -1
    outer loop
      vertex 53.00639854815625 59.93971647002509 0
      vertex 62.13636363636364 75 0
      vertex 53.135756805311125 59.89343134551579 0
    endloop
  endfacet
  facet normal 0 0 -1
    outer loop
      vertex 53.135756805311125 59.89343134551579 0
      vertex 62.13636363636364 75 0
      vertex 53.2599554315564 59.83468977008769 0
    endloop
  endfacet
  facet normal 0 0 -1
    outer loop
      vertex 52.87312645082258 59.973099392564514 0
      vertex 62.13636363636364 75 0
      vertex 53.00639854815625 59.93971647002509 0
    endloop
  endfacet
  facet normal 0 0 -1
    outer loop
      vertex 53.2599554315564 59.83468977008769 0
      vertex 62.13636363636364 75 0
      vertex 53.37779832622744 59.76405745722356 0
    endloop
  endfacet
  facet normal 0 0 -1
    outer loop
      vertex 49.5 62.36363636363636 0
      vertex 57.13636363636364 75 0
      vertex 62.13636363636364 75 0
    endloop
  endfacet
  facet normal 0 0 -1
    outer loop
      vertex 53.37779832622744 59.76405745722356 0
      vertex 62.13636363636364 75 0
      vertex 68.41999999999999 71.4 0
    endloop
  endfacet
  facet normal 0 0 -1
    outer loop
      vertex 57.13636363636364 75 0
      vertex 57.13636363636364 78 0
      vertex 62.13636363636364 78 0
    endloop
  endfacet
  facet normal -1 0 0
    outer loop
      vertex 57.13636363636364 75 0
      vertex 57.13636363636364 78 1
      vertex 57.13636363636364 78 0
    endloop
  endfacet
  facet normal 0 1 0
    outer loop
      vertex 57.13636363636364 78 0
      vertex 57.13636363636364 78 1
      vertex 62.13636363636364 78 0
    endloop
  endfacet
  facet normal 0 0 -1
    outer loop
      vertex 57.13636363636364 75 0
      vertex 62.13636363636364 78 0
      vertex 62.13636363636364 75 0
    endloop
  endfacet
  facet normal 1 0 0
    outer loop
      vertex 62.13636363636364 75 0
      vertex 62.13636363636364 78 0
      vertex 62.13636363636364 75 1
    endloop
  endfacet
  facet normal -1 0 0
    outer loop
      vertex 57.13636363636364 75 0
      vertex 57.13636363636364 75 1
      vertex 57.13636363636364 78 1
    endloop
  endfacet
  facet normal 0 1 0
    outer loop
      vertex 62.13636363636364 78 0
      vertex 57.13636363636364 78 1
      vertex 62.13636363636364 78 1
    endloop
  endfacet
  facet normal 1 0 0
    outer loop
      vertex 62.13636363636364 78 0
      vertex 62.13636363636364 78 1
      vertex 62.13636363636364 75 1
    endloop
  endfacet
  facet normal 0 0 1
    outer loop
      vertex 49.5 67 1
      vertex 51.51778536529217 59.4881505978291 1
      vertex 57.13636363636364 75 1
    endloop
  endfacet
  facet normal 0 0 1
    outer loop
      vertex 47.5 67 1
      vertex 49.5 67 1
      vertex 57.13636363636364 75 1
    endloop
  endfacet
  facet normal 0 0 1
    outer loop
      vertex 51.61005050633884 59.58994949366116 1
      vertex 51.7118494021709 59.682214634707826 1
      vertex 57.13636363636364 75 1
    endloop
  endfacet
  facet normal 0 0 1
    outer loop
      vertex 51.7118494021709 59.682214634707826 1
      vertex 51.82220167377256 59.76405745722356 1
      vertex 57.13636363636364 75 1
    endloop
  endfacet
  facet normal 0 0 1
    outer loop
      vertex 51.940044568443604 59.83468977008769 1
      vertex 52.06424319468888 59.89343134551579 1
      vertex 57.13636363636364 75 1
    endloop
  endfacet
  facet normal 0 0 1
    outer loop
      vertex 51.82220167377256 59.76405745722356 1
      vertex 51.940044568443604 59.83468977008769 1
      vertex 57.13636363636364 75 1
    endloop
  endfacet
  facet normal 0 0 1
    outer loop
      vertex 52.06424319468888 59.89343134551579 1
      vertex 52.193601451843755 59.93971647002509 1
      vertex 57.13636363636364 75 1
    endloop
  endfacet
  facet normal 0 0 1
    outer loop
      vertex 52.193601451843755 59.93971647002509 1
      vertex 52.32687354917742 59.973099392564514 1
      vertex 57.13636363636364 75 1
    endloop
  endfacet
  facet normal 0 0 1
    outer loop
      vertex 52.32687354917742 59.973099392564514 1
      vertex 52.462776003538615 59.99325861734107 1
      vertex 57.13636363636364 75 1
    endloop
  endfacet
  facet normal 0 0 1
    outer loop
      vertex 52.462776003538615 59.99325861734107 1
      vertex 52.6 59.99999999999999 1
      vertex 57.13636363636364 75 1
    endloop
  endfacet
  facet normal 0 0 1
    outer loop
      vertex 52.6 59.99999999999999 1
      vertex 52.73722399646139 59.99325861734107 1
      vertex 57.13636363636364 75 1
    endloop
  endfacet
  facet normal 0 0 1
    outer loop
      vertex 52.87312645082258 59.973099392564514 1
      vertex 53.00639854815625 59.93971647002509 1
      vertex 57.13636363636364 75 1
    endloop
  endfacet
  facet normal 0 0 1
    outer loop
      vertex 52.87312645082258 59.973099392564514 1
      vertex 57.13636363636364 75 1
      vertex 52.73722399646139 59.99325861734107 1
    endloop
  endfacet
  facet normal 0 0 1
    outer loop
      vertex 53.00639854815625 59.93971647002509 1
      vertex 53.135756805311125 59.89343134551579 1
      vertex 57.13636363636364 75 1
    endloop
  endfacet
  facet normal 0 0 1
    outer loop
      vertex 53.135756805311125 59.89343134551579 1
      vertex 53.2599554315564 59.83468977008769 1
      vertex 57.13636363636364 75 1
    endloop
  endfacet
  facet normal 0 0 1
    outer loop
      vertex 53.2599554315564 59.83468977008769 1
      vertex 53.37779832622744 59.76405745722356 1
      vertex 57.13636363636364 75 1
    endloop
  endfacet
  facet normal 0 0 1
    outer loop
      vertex 53.488150597829105 59.682214634707826 1
      vertex 53.589949493661166 59.58994949366116 1
      vertex 57.13636363636364 75 1
    endloop
  endfacet
  facet normal 0 0 1
    outer loop
      vertex 53.37779832622744 59.76405745722356 1
      vertex 53.488150597829105 59.682214634707826 1
      vertex 57.13636363636364 75 1
    endloop
  endfacet
  facet normal 0 0 1
    outer loop
      vertex 57.13636363636364 75 1
      vertex 62.13636363636364 75 1
      vertex 57.13636363636364 78 1
    endloop
  endfacet
  facet normal 0 0 1
    outer loop
      vertex 57.13636363636364 78 1
      vertex 62.13636363636364 75 1
      vertex 62.13636363636364 78 1
    endloop
  endfacet
  facet normal 0 0 1
    outer loop
      vertex 54 58.599999999999994 1
      vertex 92 31.279999999999994 1
      vertex 57.13636363636364 75 1
    endloop
  endfacet
  facet normal 0 0 1
    outer loop
      vertex 57.13636363636364 75 1
      vertex 100 32.13636363636364 1
      vertex 62.13636363636364 75 1
    endloop
  endfacet
  facet normal 0 0 -1
    outer loop
      vertex 53.97309939256452 58.873126450822575 0
      vertex 69.1600445684436 70.16531022991231 0
      vertex 69.28424319468887 70.1065686544842 0
    endloop
  endfacet
  facet normal 0 0 -1
    outer loop
      vertex 53.99325861734108 58.73722399646138 0
      vertex 69.28424319468887 70.1065686544842 0
      vertex 69.41360145184375 70.06028352997491 0
    endloop
  endfacet
  facet normal 0 0 -1
    outer loop
      vertex 53.99325861734108 58.46277600353861 0
      vertex 69.54687354917742 70.02690060743548 0
      vertex 69.6827760035386 70.00674138265893 0
    endloop
  endfacet
  facet normal 0 0 -1
    outer loop
      vertex 53.97309939256452 58.326873549177414 0
      vertex 69.6827760035386 70.00674138265893 0
      vertex 69.82 70 0
    endloop
  endfacet
  facet normal 0 0 -1
    outer loop
      vertex 54 58.599999999999994 0
      vertex 69.41360145184375 70.06028352997491 0
      vertex 69.54687354917742 70.02690060743548 0
    endloop
  endfacet
  facet normal 0 0 -1
    outer loop
      vertex 53.9397164700251 58.19360145184375 0
      vertex 69.82 70 0
      vertex 69.95722399646138 70.00674138265893 0
    endloop
  endfacet
  facet normal 0 0 -1
    outer loop
      vertex 53.8934313455158 58.06424319468887 0
      vertex 69.95722399646138 70.00674138265893 0
      vertex 70.09312645082257 70.02690060743548 0
    endloop
  endfacet
  facet normal 0 0 -1
    outer loop
      vertex 53.8346897700877 57.9400445684436 0
      vertex 70.09312645082257 70.02690060743548 0
      vertex 70.22639854815624 70.06028352997491 0
    endloop
  endfacet
  facet normal 0 0 -1
    outer loop
      vertex 53.589949493661166 59.58994949366116 0
      vertex 68.5853102299123 70.74004456844361 0
      vertex 68.65594254277643 70.62220167377257 0
    endloop
  endfacet
  facet normal 0 0 -1
    outer loop
      vertex 53.488150597829105 59.682214634707826 0
      vertex 68.5265686544842 70.86424319468888 0
      vertex 68.5853102299123 70.74004456844361 0
    endloop
  endfacet
  facet normal 0 0 -1
    outer loop
      vertex 53.37779832622744 59.76405745722356 0
      vertex 68.4802835299749 70.99360145184376 0
      vertex 68.5265686544842 70.86424319468888 0
    endloop
  endfacet
  facet normal 0 0 -1
    outer loop
      vertex 53.8346897700877 59.25995543155639 0
      vertex 68.83005050633882 70.41005050633883 0
      vertex 68.93184940217088 70.31778536529217 0
    endloop
  endfacet
  facet normal 0 0 -1
    outer loop
      vertex 53.764057457223565 59.377798326227435 0
      vertex 68.73778536529215 70.5118494021709 0
      vertex 68.83005050633882 70.41005050633883 0
    endloop
  endfacet
  facet normal 0 0 -1
    outer loop
      vertex 53.8934313455158 59.13575680531112 0
      vertex 68.93184940217088 70.31778536529217 0
      vertex 69.04220167377255 70.23594254277644 0
    endloop
  endfacet
  facet normal 0 0 -1
    outer loop
      vertex 53.9397164700251 59.00639854815624 0
      vertex 69.04220167377255 70.23594254277644 0
      vertex 69.1600445684436 70.16531022991231 0
    endloop
  endfacet
  facet normal 0 0 -1
    outer loop
      vertex 53.68221463470783 59.4881505978291 0
      vertex 68.65594254277643 70.62220167377257 0
      vertex 68.73778536529215 70.5118494021709 0
    endloop
  endfacet
  facet normal 0 0 -1
    outer loop
      vertex 53.37779832622744 59.76405745722356 0
      vertex 68.44690060743547 71.12687354917743 0
      vertex 68.4802835299749 70.99360145184376 0
    endloop
  endfacet
  facet normal 0 0 -1
    outer loop
      vertex 53.37779832622744 59.76405745722356 0
      vertex 68.42674138265892 71.26277600353862 0
      vertex 68.44690060743547 71.12687354917743 0
    endloop
  endfacet
  facet normal 0 0 -1
    outer loop
      vertex 53.37779832622744 59.76405745722356 0
      vertex 68.41999999999999 71.4 0
      vertex 68.42674138265892 71.26277600353862 0
    endloop
  endfacet
  facet normal 0.7409511253549479 0.6715589548470307 4.962433453228298e-18
    outer loop
      vertex 68.83005050633882 70.41005050633883 0
      vertex 68.73778536529215 70.5118494021709 0
      vertex 68.73778536529215 70.5118494021709 1
    endloop
  endfacet
  facet normal 0.5956993044923694 0.8032075314806922 0
    outer loop
      vertex 68.93184940217088 70.31778536529217 0
      vertex 68.93184940217088 70.31778536529217 1
      vertex 69.04220167377255 70.23594254277644 0
    endloop
  endfacet
  facet normal 0.6715589548470307 0.7409511253549479 0
    outer loop
      vertex 68.83005050633882 70.41005050633883 0
      vertex 68.83005050633882 70.41005050633883 1
      vertex 68.93184940217088 70.31778536529217 0
    endloop
  endfacet
  facet normal 0.8577286100002625 0.5141027441932378 0
    outer loop
      vertex 68.5853102299123 70.74004456844361 0
      vertex 68.5853102299123 70.74004456844361 1
      vertex 68.65594254277643 70.62220167377257 0
    endloop
  endfacet
  facet normal 0.941544065183007 0.3368898533922584 -6.220522351230524e-19
    outer loop
      vertex 68.5265686544842 70.86424319468888 0
      vertex 68.4802835299749 70.99360145184376 0
      vertex 68.4802835299749 70.99360145184376 1
    endloop
  endfacet
  facet normal 0.9039892931234568 0.42755509343025366 1.7099013456807815e-19
    outer loop
      vertex 68.5853102299123 70.74004456844361 0
      vertex 68.5265686544842 70.86424319468888 0
      vertex 68.5265686544842 70.86424319468888 1
    endloop
  endfacet
  facet normal 0.9987954562051704 0.04906767432745976 3.927984495597929e-20
    outer loop
      vertex 68.42674138265892 71.26277600353862 0
      vertex 68.41999999999999 71.4 0
      vertex 68.41999999999999 71.4 1
    endloop
  endfacet
  facet normal 0.9700312531945449 0.24298017990326015 -5.376676610327475e-19
    outer loop
      vertex 68.4802835299749 70.99360145184376 0
      vertex 68.44690060743547 71.12687354917743 0
      vertex 68.44690060743547 71.12687354917743 1
    endloop
  endfacet
  facet normal 0.9891765099647839 0.1467304744553415 2.7767894873809286e-19
    outer loop
      vertex 68.44690060743547 71.12687354917743 0
      vertex 68.42674138265892 71.26277600353862 0
      vertex 68.42674138265892 71.26277600353862 1
    endloop
  endfacet
  facet normal 0.8032075314806922 0.5956993044923694 5.8746553511389244e-18
    outer loop
      vertex 68.73778536529215 70.5118494021709 0
      vertex 68.65594254277643 70.62220167377257 0
      vertex 68.65594254277643 70.62220167377257 1
    endloop
  endfacet
  facet normal 0.3368898533922584 0.941544065183007 0
    outer loop
      vertex 69.28424319468887 70.1065686544842 0
      vertex 69.28424319468887 70.1065686544842 1
      vertex 69.41360145184375 70.06028352997491 0
    endloop
  endfacet
  facet normal 0.24298017990326015 0.9700312531945449 0
    outer loop
      vertex 69.41360145184375 70.06028352997491 0
      vertex 69.41360145184375 70.06028352997491 1
      vertex 69.54687354917742 70.02690060743548 0
    endloop
  endfacet
  facet normal 0.5141027441932378 0.8577286100002625 0
    outer loop
      vertex 69.04220167377255 70.23594254277644 0
      vertex 69.04220167377255 70.23594254277644 1
      vertex 69.1600445684436 70.16531022991231 0
    endloop
  endfacet
  facet normal 0.42755509343025366 0.9039892931234568 1.7099013456807815e-19
    outer loop
      vertex 69.28424319468887 70.1065686544842 0
      vertex 69.1600445684436 70.16531022991231 0
      vertex 69.1600445684436 70.16531022991231 1
    endloop
  endfacet
  facet normal 0.1467304744553415 0.9891765099647839 0
    outer loop
      vertex 69.54687354917742 70.02690060743548 0
      vertex 69.54687354917742 70.02690060743548 1
      vertex 69.6827760035386 70.00674138265893 0
    endloop
  endfacet
  facet normal 0.04906767432745976 0.9987954562051704 0
    outer loop
      vertex 69.6827760035386 70.00674138265893 0
      vertex 69.6827760035386 70.00674138265893 1
      vertex 69.82 70 0
    endloop
  endfacet
  facet normal -0.04906767432745976 0.9987954562051704 0
    outer loop
      vertex 69.82 70 0
      vertex 69.82 70 1
      vertex 69.95722399646138 70.00674138265893 0
    endloop
  endfacet
  facet normal 0.7409511253549479 0.6715589548470307 0
    outer loop
      vertex 68.83005050633882 70.41005050633883 0
      vertex 68.73778536529215 70.5118494021709 1
      vertex 68.83005050633882 70.41005050633883 1
    endloop
  endfacet
  facet normal 0.5956993044923694 0.8032075314806922 0
    outer loop
      vertex 69.04220167377255 70.23594254277644 0
      vertex 68.93184940217088 70.31778536529217 1
      vertex 69.04220167377255 70.23594254277644 1
    endloop
  endfacet
  facet normal 0.6715589548470307 0.7409511253549479 0
    outer loop
      vertex 68.93184940217088 70.31778536529217 0
      vertex 68.83005050633882 70.41005050633883 1
      vertex 68.93184940217088 70.31778536529217 1
    endloop
  endfacet
  facet normal 0.8577286100002625 0.5141027441932378 0
    outer loop
      vertex 68.65594254277643 70.62220167377257 0
      vertex 68.5853102299123 70.74004456844361 1
      vertex 68.65594254277643 70.62220167377257 1
    endloop
  endfacet
  facet normal 0.941544065183007 0.3368898533922584 0
    outer loop
      vertex 68.5265686544842 70.86424319468888 0
      vertex 68.4802835299749 70.99360145184376 1
      vertex 68.5265686544842 70.86424319468888 1
    endloop
  endfacet
  facet normal 0.9039892931234568 0.42755509343025366 0
    outer loop
      vertex 68.5853102299123 70.74004456844361 0
      vertex 68.5265686544842 70.86424319468888 1
      vertex 68.5853102299123 70.74004456844361 1
    endloop
  endfacet
  facet normal 0.9987954562051704 0.04906767432745976 0
    outer loop
      vertex 68.42674138265892 71.26277600353862 0
      vertex 68.41999999999999 71.4 1
      vertex 68.42674138265892 71.26277600353862 1
    endloop
  endfacet
  facet normal 0.9700312531945449 0.24298017990326015 0
    outer loop
      vertex 68.4802835299749 70.99360145184376 0
      vertex 68.44690060743547 71.12687354917743 1
      vertex 68.4802835299749 70.99360145184376 1
    endloop
  endfacet
  facet normal 0.9891765099647839 0.1467304744553415 0
    outer loop
      vertex 68.44690060743547 71.12687354917743 0
      vertex 68.42674138265892 71.26277600353862 1
      vertex 68.44690060743547 71.12687354917743 1
    endloop
  endfacet
  facet normal 0.8032075314806922 0.5956993044923694 0
    outer loop
      vertex 68.73778536529215 70.5118494021709 0
      vertex 68.65594254277643 70.62220167377257 1
      vertex 68.73778536529215 70.5118494021709 1
    endloop
  endfacet
  facet normal 0.42755509343025366 0.9039892931234568 0
    outer loop
      vertex 69.28424319468887 70.1065686544842 0
      vertex 69.1600445684436 70.16531022991231 1
      vertex 69.28424319468887 70.1065686544842 1
    endloop
  endfacet
  facet normal 0.3368898533922584 0.941544065183007 0
    outer loop
      vertex 69.41360145184375 70.06028352997491 0
      vertex 69.28424319468887 70.1065686544842 1
      vertex 69.41360145184375 70.06028352997491 1
    endloop
  endfacet
  facet normal 0.5141027441932378 0.8577286100002625 0
    outer loop
      vertex 69.1600445684436 70.16531022991231 0
      vertex 69.04220167377255 70.23594254277644 1
      vertex 69.1600445684436 70.16531022991231 1
    endloop
  endfacet
  facet normal 0.24298017990326015 0.9700312531945449 0
    outer loop
      vertex 69.54687354917742 70.02690060743548 0
      vertex 69.41360145184375 70.06028352997491 1
      vertex 69.54687354917742 70.02690060743548 1
    endloop
  endfacet
  facet normal 0.1467304744553415 0.9891765099647839 0
    outer loop
      vertex 69.6827760035386 70.00674138265893 0
      vertex 69.54687354917742 70.02690060743548 1
      vertex 69.6827760035386 70.00674138265893 1
    endloop
  endfacet
  facet normal 0.04906767432745976 0.9987954562051704 0
    outer loop
      vertex 69.82 70 0
      vertex 69.6827760035386 70.00674138265893 1
      vertex 69.82 70 1
    endloop
  endfacet
  facet normal 0 0 -1
    outer loop
      vertex 62.13636363636364 75 0
      vertex 68.42674138265892 71.53722399646139 0
      vertex 68.41999999999999 71.4 0
    endloop
  endfacet
  facet normal 0 0 -1
    outer loop
      vertex 62.13636363636364 75 0
      vertex 68.44690060743547 71.67312645082258 0
      vertex 68.42674138265892 71.53722399646139 0
    endloop
  endfacet
  facet normal 0 0 -1
    outer loop
      vertex 62.13636363636364 75 0
      vertex 68.4802835299749 71.80639854815625 0
      vertex 68.44690060743547 71.67312645082258 0
    endloop
  endfacet
  facet normal 0 0 -1
    outer loop
      vertex 62.13636363636364 75 0
      vertex 68.5265686544842 71.93575680531113 0
      vertex 68.4802835299749 71.80639854815625 0
    endloop
  endfacet
  facet normal 0 0 -1
    outer loop
      vertex 62.13636363636364 75 0
      vertex 68.5853102299123 72.0599554315564 0
      vertex 68.5265686544842 71.93575680531113 0
    endloop
  endfacet
  facet normal 0 0 -1
    outer loop
      vertex 62.13636363636364 75 0
      vertex 68.65594254277643 72.17779832622745 0
      vertex 68.5853102299123 72.0599554315564 0
    endloop
  endfacet
  facet normal 0 0 -1
    outer loop
      vertex 62.13636363636364 75 0
      vertex 68.73778536529215 72.28815059782912 0
      vertex 68.65594254277643 72.17779832622745 0
    endloop
  endfacet
  facet normal 0 0 -1
    outer loop
      vertex 62.13636363636364 75 0
      vertex 68.83005050633882 72.38994949366118 0
      vertex 68.73778536529215 72.28815059782912 0
    endloop
  endfacet
  facet normal 0 0 -1
    outer loop
      vertex 62.13636363636364 75 0
      vertex 68.93184940217088 72.48221463470784 0
      vertex 68.83005050633882 72.38994949366118 0
    endloop
  endfacet
  facet normal 0 0 -1
    outer loop
      vertex 62.13636363636364 75 0
      vertex 69.04220167377255 72.56405745722357 0
      vertex 68.93184940217088 72.48221463470784 0
    endloop
  endfacet
  facet normal 0 0 -1
    outer loop
      vertex 62.13636363636364 75 0
      vertex 69.1600445684436 72.6346897700877 0
      vertex 69.04220167377255 72.56405745722357 0
    endloop
  endfacet
  facet normal 0 0 -1
    outer loop
      vertex 62.13636363636364 75 0
      vertex 69.28424319468887 72.6934313455158 0
      vertex 69.1600445684436 72.6346897700877 0
    endloop
  endfacet
  facet normal 0 0 -1
    outer loop
      vertex 62.13636363636364 75 0
      vertex 69.41360145184375 72.7397164700251 0
      vertex 69.28424319468887 72.6934313455158 0
    endloop
  endfacet
  facet normal 0 0 -1
    outer loop
      vertex 62.13636363636364 75 0
      vertex 69.54687354917742 72.77309939256453 0
      vertex 69.41360145184375 72.7397164700251 0
    endloop
  endfacet
  facet normal 0 0 -1
    outer loop
      vertex 62.13636363636364 75 0
      vertex 69.6827760035386 72.79325861734108 0
      vertex 69.54687354917742 72.77309939256453 0
    endloop
  endfacet
  facet normal 0.9987954562051704 -0.04906767432745976 -3.927984495597929e-20
    outer loop
      vertex 68.41999999999999 71.4 0
      vertex 68.42674138265892 71.53722399646139 0
      vertex 68.42674138265892 71.53722399646139 1
    endloop
  endfacet
  facet normal 0.9891765099647839 -0.1467304744553415 -2.7767894873809286e-19
    outer loop
      vertex 68.42674138265892 71.53722399646139 0
      vertex 68.44690060743547 71.67312645082258 0
      vertex 68.44690060743547 71.67312645082258 1
    endloop
  endfacet
  facet normal 0.9700312531945449 -0.24298017990326015 5.376676610327475e-19
    outer loop
      vertex 68.44690060743547 71.67312645082258 0
      vertex 68.4802835299749 71.80639854815625 0
      vertex 68.4802835299749 71.80639854815625 1
    endloop
  endfacet
  facet normal 0.941544065183007 -0.3368898533922584 6.220522351230524e-19
    outer loop
      vertex 68.4802835299749 71.80639854815625 0
      vertex 68.5265686544842 71.93575680531113 0
      vertex 68.5265686544842 71.93575680531113 1
    endloop
  endfacet
  facet normal 0.9039892931234568 -0.42755509343025366 -1.7099013456807815e-19
    outer loop
      vertex 68.5265686544842 71.93575680531113 0
      vertex 68.5853102299123 72.0599554315564 0
      vertex 68.5853102299123 72.0599554315564 1
    endloop
  endfacet
  facet normal 0.8577286100002625 -0.5141027441932378 -4.895106241153539e-18
    outer loop
      vertex 68.5853102299123 72.0599554315564 0
      vertex 68.65594254277643 72.17779832622745 0
      vertex 68.65594254277643 72.17779832622745 1
    endloop
  endfacet
  facet normal 0.8032075314806922 -0.5956993044923694 -5.8746553511389244e-18
    outer loop
      vertex 68.65594254277643 72.17779832622745 0
      vertex 68.73778536529215 72.28815059782912 0
      vertex 68.73778536529215 72.28815059782912 1
    endloop
  endfacet
  facet normal 0.7409511253549479 -0.6715589548470307 -4.962433453228298e-18
    outer loop
      vertex 68.73778536529215 72.28815059782912 0
      vertex 68.83005050633882 72.38994949366118 0
      vertex 68.83005050633882 72.38994949366118 1
    endloop
  endfacet
  facet normal 0.6715589548470307 -0.7409511253549479 -4.962433453228298e-18
    outer loop
      vertex 68.83005050633882 72.38994949366118 0
      vertex 68.93184940217088 72.48221463470784 0
      vertex 68.93184940217088 72.48221463470784 1
    endloop
  endfacet
  facet normal 0.5956993044923694 -0.8032075314806922 -5.8746553511389244e-18
    outer loop
      vertex 68.93184940217088 72.48221463470784 0
      vertex 69.04220167377255 72.56405745722357 0
      vertex 69.04220167377255 72.56405745722357 1
    endloop
  endfacet
  facet normal 0.5141027441932378 -0.8577286100002625 -4.895106241153539e-18
    outer loop
      vertex 69.04220167377255 72.56405745722357 0
      vertex 69.1600445684436 72.6346897700877 0
      vertex 69.1600445684436 72.6346897700877 1
    endloop
  endfacet
  facet normal 0.42755509343025366 -0.9039892931234568 -1.7099013456807815e-19
    outer loop
      vertex 69.1600445684436 72.6346897700877 0
      vertex 69.28424319468887 72.6934313455158 0
      vertex 69.28424319468887 72.6934313455158 1
    endloop
  endfacet
  facet normal 0.3368898533922584 -0.941544065183007 6.220522351230524e-19
    outer loop
      vertex 69.28424319468887 72.6934313455158 0
      vertex 69.41360145184375 72.7397164700251 0
      vertex 69.41360145184375 72.7397164700251 1
    endloop
  endfacet
  facet normal 0.24298017990326015 -0.9700312531945449 5.376676610327475e-19
    outer loop
      vertex 69.41360145184375 72.7397164700251 0
      vertex 69.54687354917742 72.77309939256453 0
      vertex 69.54687354917742 72.77309939256453 1
    endloop
  endfacet
  facet normal 0.1467304744553415 -0.9891765099647839 -2.7767894873809286e-19
    outer loop
      vertex 69.54687354917742 72.77309939256453 0
      vertex 69.6827760035386 72.79325861734108 0
      vertex 69.6827760035386 72.79325861734108 1
    endloop
  endfacet
  facet normal 0.04906767432745976 -0.9987954562051704 -3.927984495597929e-20
    outer loop
      vertex 69.6827760035386 72.79325861734108 0
      vertex 69.82 72.80000000000001 0
      vertex 69.82 72.80000000000001 1
    endloop
  endfacet
  facet normal 0.9987954562051704 -0.04906767432745976 0
    outer loop
      vertex 68.41999999999999 71.4 0
      vertex 68.42674138265892 71.53722399646139 1
      vertex 68.41999999999999 71.4 1
    endloop
  endfacet
  facet normal 0.9891765099647839 -0.1467304744553415 0
    outer loop
      vertex 68.42674138265892 71.53722399646139 0
      vertex 68.44690060743547 71.67312645082258 1
      vertex 68.42674138265892 71.53722399646139 1
    endloop
  endfacet
  facet normal 0.9700312531945449 -0.24298017990326015 0
    outer loop
      vertex 68.44690060743547 71.67312645082258 0
      vertex 68.4802835299749 71.80639854815625 1
      vertex 68.44690060743547 71.67312645082258 1
    endloop
  endfacet
  facet normal 0.941544065183007 -0.3368898533922584 0
    outer loop
      vertex 68.4802835299749 71.80639854815625 0
      vertex 68.5265686544842 71.93575680531113 1
      vertex 68.4802835299749 71.80639854815625 1
    endloop
  endfacet
  facet normal 0.9039892931234568 -0.42755509343025366 0
    outer loop
      vertex 68.5265686544842 71.93575680531113 0
      vertex 68.5853102299123 72.0599554315564 1
      vertex 68.5265686544842 71.93575680531113 1
    endloop
  endfacet
  facet normal 0.8577286100002625 -0.5141027441932378 0
    outer loop
      vertex 68.5853102299123 72.0599554315564 0
      vertex 68.65594254277643 72.17779832622745 1
      vertex 68.5853102299123 72.0599554315564 1
    endloop
  endfacet
  facet normal 0.8032075314806922 -0.5956993044923694 0
    outer loop
      vertex 68.65594254277643 72.17779832622745 0
      vertex 68.73778536529215 72.28815059782912 1
      vertex 68.65594254277643 72.17779832622745 1
    endloop
  endfacet
  facet normal 0.7409511253549479 -0.6715589548470307 0
    outer loop
      vertex 68.73778536529215 72.28815059782912 0
      vertex 68.83005050633882 72.38994949366118 1
      vertex 68.73778536529215 72.28815059782912 1
    endloop
  endfacet
  facet normal 0.6715589548470307 -0.7409511253549479 0
    outer loop
      vertex 68.83005050633882 72.38994949366118 0
      vertex 68.93184940217088 72.48221463470784 1
      vertex 68.83005050633882 72.38994949366118 1
    endloop
  endfacet
  facet normal 0.5956993044923694 -0.8032075314806922 0
    outer loop
      vertex 68.93184940217088 72.48221463470784 0
      vertex 69.04220167377255 72.56405745722357 1
      vertex 68.93184940217088 72.48221463470784 1
    endloop
  endfacet
  facet normal 0.5141027441932378 -0.8577286100002625 0
    outer loop
      vertex 69.04220167377255 72.56405745722357 0
      vertex 69.1600445684436 72.6346897700877 1
      vertex 69.04220167377255 72.56405745722357 1
    endloop
  endfacet
  facet normal 0.42755509343025366 -0.9039892931234568 0
    outer loop
      vertex 69.1600445684436 72.6346897700877 0
      vertex 69.28424319468887 72.6934313455158 1
      vertex 69.1600445684436 72.6346897700877 1
    endloop
  endfacet
  facet normal 0.3368898533922584 -0.941544065183007 0
    outer loop
      vertex 69.28424319468887 72.6934313455158 0
      vertex 69.41360145184375 72.7397164700251 1
      vertex 69.28424319468887 72.6934313455158 1
    endloop
  endfacet
  facet normal 0.24298017990326015 -0.9700312531945449 0
    outer loop
      vertex 69.41360145184375 72.7397164700251 0
      vertex 69.54687354917742 72.77309939256453 1
      vertex 69.41360145184375 72.7397164700251 1
    endloop
  endfacet
  facet normal 0.1467304744553415 -0.9891765099647839 0
    outer loop
      vertex 69.54687354917742 72.77309939256453 0
      vertex 69.6827760035386 72.79325861734108 1
      vertex 69.54687354917742 72.77309939256453 1
    endloop
  endfacet
  facet normal 0.04906767432745976 -0.9987954562051704 0
    outer loop
      vertex 69.6827760035386 72.79325861734108 0
      vertex 69.82 72.80000000000001 1
      vertex 69.6827760035386 72.79325861734108 1
    endloop
  endfacet
  facet normal -0.04906767432745976 -0.9987954562051704 0
    outer loop
      vertex 69.82 72.80000000000001 0
      vertex 69.95722399646138 72.79325861734108 1
      vertex 69.82 72.80000000000001 1
    endloop
  endfacet
  facet normal -0.1467304744553415 0.9891765099647839 0
    outer loop
      vertex 69.95722399646138 70.00674138265893 0
      vertex 69.95722399646138 70.00674138265893 1
      vertex 70.09312645082257 70.02690060743548 0
    endloop
  endfacet
  facet normal -0.24298017990326015 0.9700312531945449 0
    outer loop
      vertex 70.09312645082257 70.02690060743548 0
      vertex 70.09312645082257 70.02690060743548 1
      vertex 70.22639854815624 70.06028352997491 0
    endloop
  endfacet
  facet normal -0.3368898533922584 0.941544065183007 0
    outer loop
      vertex 70.22639854815624 70.06028352997491 0
      vertex 70.22639854815624 70.06028352997491 1
      vertex 70.35575680531112 70.1065686544842 0
    endloop
  endfacet
  facet normal -0.42755509343025366 0.9039892931234568 0
    outer loop
      vertex 70.35575680531112 70.1065686544842 0
      vertex 70.35575680531112 70.1065686544842 1
      vertex 70.47995543155639 70.16531022991231 0
    endloop
  endfacet
  facet normal -0.5141027441932378 0.8577286100002625 0
    outer loop
      vertex 70.47995543155639 70.16531022991231 0
      vertex 70.47995543155639 70.16531022991231 1
      vertex 70.59779832622743 70.23594254277644 0
    endloop
  endfacet
  facet normal -0.5956993044923694 0.8032075314806922 0
    outer loop
      vertex 70.59779832622743 70.23594254277644 0
      vertex 70.59779832622743 70.23594254277644 1
      vertex 70.7081505978291 70.31778536529217 0
    endloop
  endfacet
  facet normal -0.6715589548470307 0.7409511253549479 0
    outer loop
      vertex 70.7081505978291 70.31778536529217 0
      vertex 70.7081505978291 70.31778536529217 1
      vertex 70.80994949366116 70.41005050633883 0
    endloop
  endfacet
  facet normal -0.7409511253549479 0.6715589548470307 0
    outer loop
      vertex 70.80994949366116 70.41005050633883 0
      vertex 70.80994949366116 70.41005050633883 1
      vertex 70.90221463470783 70.5118494021709 0
    endloop
  endfacet
  facet normal -0.8032075314806922 0.5956993044923694 0
    outer loop
      vertex 70.90221463470783 70.5118494021709 0
      vertex 70.90221463470783 70.5118494021709 1
      vertex 70.98405745722356 70.62220167377257 0
    endloop
  endfacet
  facet normal -0.8577286100002625 0.5141027441932378 0
    outer loop
      vertex 70.98405745722356 70.62220167377257 0
      vertex 70.98405745722356 70.62220167377257 1
      vertex 71.05468977008769 70.74004456844361 0
    endloop
  endfacet
  facet normal -0.9039892931234568 0.42755509343025366 0
    outer loop
      vertex 71.05468977008769 70.74004456844361 0
      vertex 71.05468977008769 70.74004456844361 1
      vertex 71.11343134551579 70.86424319468888 0
    endloop
  endfacet
  facet normal -0.941544065183007 0.3368898533922584 0
    outer loop
      vertex 71.11343134551579 70.86424319468888 0
      vertex 71.11343134551579 70.86424319468888 1
      vertex 71.15971647002509 70.99360145184376 0
    endloop
  endfacet
  facet normal -0.9700312531945449 0.24298017990326015 0
    outer loop
      vertex 71.15971647002509 70.99360145184376 0
      vertex 71.15971647002509 70.99360145184376 1
      vertex 71.19309939256452 71.12687354917743 0
    endloop
  endfacet
  facet normal -0.9891765099647839 0.1467304744553415 0
    outer loop
      vertex 71.19309939256452 71.12687354917743 0
      vertex 71.19309939256452 71.12687354917743 1
      vertex 71.21325861734107 71.26277600353862 0
    endloop
  endfacet
  facet normal -0.9987954562051704 0.04906767432745976 0
    outer loop
      vertex 71.21325861734107 71.26277600353862 0
      vertex 71.21325861734107 71.26277600353862 1
      vertex 71.22 71.4 0
    endloop
  endfacet
  facet normal -0.04906767432745976 0.9987954562051704 0
    outer loop
      vertex 69.95722399646138 70.00674138265893 0
      vertex 69.82 70 1
      vertex 69.95722399646138 70.00674138265893 1
    endloop
  endfacet
  facet normal -0.1467304744553415 0.9891765099647839 0
    outer loop
      vertex 70.09312645082257 70.02690060743548 0
      vertex 69.95722399646138 70.00674138265893 1
      vertex 70.09312645082257 70.02690060743548 1
    endloop
  endfacet
  facet normal -0.24298017990326015 0.9700312531945449 0
    outer loop
      vertex 70.22639854815624 70.06028352997491 0
      vertex 70.09312645082257 70.02690060743548 1
      vertex 70.22639854815624 70.06028352997491 1
    endloop
  endfacet
  facet normal -0.3368898533922584 0.941544065183007 0
    outer loop
      vertex 70.35575680531112 70.1065686544842 0
      vertex 70.22639854815624 70.06028352997491 1
      vertex 70.35575680531112 70.1065686544842 1
    endloop
  endfacet
  facet normal -0.42755509343025366 0.9039892931234568 0
    outer loop
      vertex 70.47995543155639 70.16531022991231 0
      vertex 70.35575680531112 70.1065686544842 1
      vertex 70.47995543155639 70.16531022991231 1
    endloop
  endfacet
  facet normal -0.5141027441932378 0.8577286100002625 0
    outer loop
      vertex 70.59779832622743 70.23594254277644 0
      vertex 70.47995543155639 70.16531022991231 1
      vertex 70.59779832622743 70.23594254277644 1
    endloop
  endfacet
  facet normal -0.5956993044923694 0.8032075314806922 0
    outer loop
      vertex 70.7081505978291 70.31778536529217 0
      vertex 70.59779832622743 70.23594254277644 1
      vertex 70.7081505978291 70.31778536529217 1
    endloop
  endfacet
  facet normal -0.6715589548470307 0.7409511253549479 0
    outer loop
      vertex 70.80994949366116 70.41005050633883 0
      vertex 70.7081505978291 70.31778536529217 1
      vertex 70.80994949366116 70.41005050633883 1
    endloop
  endfacet
  facet normal -0.7409511253549479 0.6715589548470307 0
    outer loop
      vertex 70.90221463470783 70.5118494021709 0
      vertex 70.80994949366116 70.41005050633883 1
      vertex 70.90221463470783 70.5118494021709 1
    endloop
  endfacet
  facet normal -0.8032075314806922 0.5956993044923694 0
    outer loop
      vertex 70.98405745722356 70.62220167377257 0
      vertex 70.90221463470783 70.5118494021709 1
      vertex 70.98405745722356 70.62220167377257 1
    endloop
  endfacet
  facet normal -0.8577286100002625 0.5141027441932378 0
    outer loop
      vertex 71.05468977008769 70.74004456844361 0
      vertex 70.98405745722356 70.62220167377257 1
      vertex 71.05468977008769 70.74004456844361 1
    endloop
  endfacet
  facet normal -0.9039892931234568 0.42755509343025366 0
    outer loop
      vertex 71.11343134551579 70.86424319468888 0
      vertex 71.05468977008769 70.74004456844361 1
      vertex 71.11343134551579 70.86424319468888 1
    endloop
  endfacet
  facet normal -0.941544065183007 0.3368898533922584 0
    outer loop
      vertex 71.15971647002509 70.99360145184376 0
      vertex 71.11343134551579 70.86424319468888 1
      vertex 71.15971647002509 70.99360145184376 1
    endloop
  endfacet
  facet normal -0.9700312531945449 0.24298017990326015 0
    outer loop
      vertex 71.19309939256452 71.12687354917743 0
      vertex 71.15971647002509 70.99360145184376 1
      vertex 71.19309939256452 71.12687354917743 1
    endloop
  endfacet
  facet normal -0.9891765099647839 0.1467304744553415 0
    outer loop
      vertex 71.21325861734107 71.26277600353862 0
      vertex 71.19309939256452 71.12687354917743 1
      vertex 71.21325861734107 71.26277600353862 1
    endloop
  endfacet
  facet normal -0.9987954562051704 0.04906767432745976 0
    outer loop
      vertex 71.22 71.4 0
      vertex 71.21325861734107 71.26277600353862 1
      vertex 71.22 71.4 1
    endloop
  endfacet
  facet normal -0.04906767432745976 -0.9987954562051704 3.927984495597929e-20
    outer loop
      vertex 69.82 72.80000000000001 0
      vertex 69.95722399646138 72.79325861734108 0
      vertex 69.95722399646138 72.79325861734108 1
    endloop
  endfacet
  facet normal -0.1467304744553415 -0.9891765099647839 2.7767894873809286e-19
    outer loop
      vertex 69.95722399646138 72.79325861734108 0
      vertex 70.09312645082257 72.77309939256453 0
      vertex 70.09312645082257 72.77309939256453 1
    endloop
  endfacet
  facet normal -0.24298017990326015 -0.9700312531945449 -5.376676610327475e-19
    outer loop
      vertex 70.09312645082257 72.77309939256453 0
      vertex 70.22639854815624 72.7397164700251 0
      vertex 70.22639854815624 72.7397164700251 1
    endloop
  endfacet
  facet normal -0.5141027441932378 -0.8577286100002625 0
    outer loop
      vertex 70.59779832622743 72.56405745722357 0
      vertex 70.59779832622743 72.56405745722357 1
      vertex 70.47995543155639 72.6346897700877 0
    endloop
  endfacet
  facet normal -0.5956993044923694 -0.8032075314806922 5.8746553511389244e-18
    outer loop
      vertex 70.59779832622743 72.56405745722357 0
      vertex 70.7081505978291 72.48221463470784 0
      vertex 70.7081505978291 72.48221463470784 1
    endloop
  endfacet
  facet normal -0.3368898533922584 -0.941544065183007 -6.220522351230524e-19
    outer loop
      vertex 70.22639854815624 72.7397164700251 0
      vertex 70.35575680531112 72.6934313455158 0
      vertex 70.35575680531112 72.6934313455158 1
    endloop
  endfacet
  facet normal -0.42755509343025366 -0.9039892931234568 1.7099013456807815e-19
    outer loop
      vertex 70.35575680531112 72.6934313455158 0
      vertex 70.47995543155639 72.6346897700877 0
      vertex 70.47995543155639 72.6346897700877 1
    endloop
  endfacet
  facet normal -0.9039892931234568 -0.42755509343025366 0
    outer loop
      vertex 71.11343134551579 71.93575680531113 0
      vertex 71.11343134551579 71.93575680531113 1
      vertex 71.05468977008769 72.0599554315564 0
    endloop
  endfacet
  facet normal -0.8577286100002625 -0.5141027441932378 4.895106241153539e-18
    outer loop
      vertex 70.98405745722356 72.17779832622745 0
      vertex 71.05468977008769 72.0599554315564 0
      vertex 71.05468977008769 72.0599554315564 1
    endloop
  endfacet
  facet normal -0.9987954562051704 -0.04906767432745976 0
    outer loop
      vertex 71.22 71.4 0
      vertex 71.22 71.4 1
      vertex 71.21325861734107 71.53722399646139 0
    endloop
  endfacet
  facet normal -0.9891765099647839 -0.1467304744553415 0
    outer loop
      vertex 71.21325861734107 71.53722399646139 0
      vertex 71.21325861734107 71.53722399646139 1
      vertex 71.19309939256452 71.67312645082258 0
    endloop
  endfacet
  facet normal -0.9700312531945449 -0.24298017990326015 0
    outer loop
      vertex 71.19309939256452 71.67312645082258 0
      vertex 71.19309939256452 71.67312645082258 1
      vertex 71.15971647002509 71.80639854815625 0
    endloop
  endfacet
  facet normal -0.941544065183007 -0.3368898533922584 -6.220522351230524e-19
    outer loop
      vertex 71.11343134551579 71.93575680531113 0
      vertex 71.15971647002509 71.80639854815625 0
      vertex 71.15971647002509 71.80639854815625 1
    endloop
  endfacet
  facet normal -0.7409511253549479 -0.6715589548470307 0
    outer loop
      vertex 70.90221463470783 72.28815059782912 0
      vertex 70.90221463470783 72.28815059782912 1
      vertex 70.80994949366116 72.38994949366118 0
    endloop
  endfacet
  facet normal -0.6715589548470307 -0.7409511253549479 0
    outer loop
      vertex 70.80994949366116 72.38994949366118 0
      vertex 70.80994949366116 72.38994949366118 1
      vertex 70.7081505978291 72.48221463470784 0
    endloop
  endfacet
  facet normal -0.8032075314806922 -0.5956993044923694 0
    outer loop
      vertex 70.98405745722356 72.17779832622745 0
      vertex 70.98405745722356 72.17779832622745 1
      vertex 70.90221463470783 72.28815059782912 0
    endloop
  endfacet
  facet normal -0.1467304744553415 -0.9891765099647839 0
    outer loop
      vertex 69.95722399646138 72.79325861734108 0
      vertex 70.09312645082257 72.77309939256453 1
      vertex 69.95722399646138 72.79325861734108 1
    endloop
  endfacet
  facet normal -0.24298017990326015 -0.9700312531945449 0
    outer loop
      vertex 70.09312645082257 72.77309939256453 0
      vertex 70.22639854815624 72.7397164700251 1
      vertex 70.09312645082257 72.77309939256453 1
    endloop
  endfacet
  facet normal -0.3368898533922584 -0.941544065183007 0
    outer loop
      vertex 70.22639854815624 72.7397164700251 0
      vertex 70.35575680531112 72.6934313455158 1
      vertex 70.22639854815624 72.7397164700251 1
    endloop
  endfacet
  facet normal -0.5141027441932378 -0.8577286100002625 0
    outer loop
      vertex 70.47995543155639 72.6346897700877 0
      vertex 70.59779832622743 72.56405745722357 1
      vertex 70.47995543155639 72.6346897700877 1
    endloop
  endfacet
  facet normal -0.5956993044923694 -0.8032075314806922 0
    outer loop
      vertex 70.59779832622743 72.56405745722357 0
      vertex 70.7081505978291 72.48221463470784 1
      vertex 70.59779832622743 72.56405745722357 1
    endloop
  endfacet
  facet normal -0.42755509343025366 -0.9039892931234568 0
    outer loop
      vertex 70.35575680531112 72.6934313455158 0
      vertex 70.47995543155639 72.6346897700877 1
      vertex 70.35575680531112 72.6934313455158 1
    endloop
  endfacet
  facet normal -0.8577286100002625 -0.5141027441932378 0
    outer loop
      vertex 70.98405745722356 72.17779832622745 0
      vertex 71.05468977008769 72.0599554315564 1
      vertex 70.98405745722356 72.17779832622745 1
    endloop
  endfacet
  facet normal -0.9039892931234568 -0.42755509343025366 0
    outer loop
      vertex 71.05468977008769 72.0599554315564 0
      vertex 71.11343134551579 71.93575680531113 1
      vertex 71.05468977008769 72.0599554315564 1
    endloop
  endfacet
  facet normal -0.9987954562051704 -0.04906767432745976 0
    outer loop
      vertex 71.21325861734107 71.53722399646139 0
      vertex 71.22 71.4 1
      vertex 71.21325861734107 71.53722399646139 1
    endloop
  endfacet
  facet normal -0.9891765099647839 -0.1467304744553415 0
    outer loop
      vertex 71.19309939256452 71.67312645082258 0
      vertex 71.21325861734107 71.53722399646139 1
      vertex 71.19309939256452 71.67312645082258 1
    endloop
  endfacet
  facet normal -0.9700312531945449 -0.24298017990326015 0
    outer loop
      vertex 71.15971647002509 71.80639854815625 0
      vertex 71.19309939256452 71.67312645082258 1
      vertex 71.15971647002509 71.80639854815625 1
    endloop
  endfacet
  facet normal -0.941544065183007 -0.3368898533922584 0
    outer loop
      vertex 71.11343134551579 71.93575680531113 0
      vertex 71.15971647002509 71.80639854815625 1
      vertex 71.11343134551579 71.93575680531113 1
    endloop
  endfacet
  facet normal -0.7409511253549479 -0.6715589548470307 0
    outer loop
      vertex 70.80994949366116 72.38994949366118 0
      vertex 70.90221463470783 72.28815059782912 1
      vertex 70.80994949366116 72.38994949366118 1
    endloop
  endfacet
  facet normal -0.6715589548470307 -0.7409511253549479 0
    outer loop
      vertex 70.7081505978291 72.48221463470784 0
      vertex 70.80994949366116 72.38994949366118 1
      vertex 70.7081505978291 72.48221463470784 1
    endloop
  endfacet
  facet normal -0.8032075314806922 -0.5956993044923694 0
    outer loop
      vertex 70.90221463470783 72.28815059782912 0
      vertex 70.98405745722356 72.17779832622745 1
      vertex 70.90221463470783 72.28815059782912 1
    endloop
  endfacet
  facet normal 0 1 0
    outer loop
      vertex 62.13636363636364 75 0
      vertex 62.13636363636364 75 1
      vertex 100 75 1
    endloop
  endfacet
  facet normal 0 0 1
    outer loop
      vertex 62.13636363636364 75 1
      vertex 68.5853102299123 70.74004456844361 1
      vertex 68.5265686544842 70.86424319468888 1
    endloop
  endfacet
  facet normal 0 0 1
    outer loop
      vertex 62.13636363636364 75 1
      vertex 68.73778536529215 70.5118494021709 1
      vertex 68.65594254277643 70.62220167377257 1
    endloop
  endfacet
  facet normal 0 0 1
    outer loop
      vertex 62.13636363636364 75 1
      vertex 68.65594254277643 70.62220167377257 1
      vertex 68.5853102299123 70.74004456844361 1
    endloop
  endfacet
  facet normal 0 0 1
    outer loop
      vertex 62.13636363636364 75 1
      vertex 68.4802835299749 70.99360145184376 1
      vertex 68.44690060743547 71.12687354917743 1
    endloop
  endfacet
  facet normal 0 0 1
    outer loop
      vertex 62.13636363636364 75 1
      vertex 68.44690060743547 71.12687354917743 1
      vertex 68.42674138265892 71.26277600353862 1
    endloop
  endfacet
  facet normal 0 0 1
    outer loop
      vertex 62.13636363636364 75 1
      vertex 68.42674138265892 71.26277600353862 1
      vertex 68.41999999999999 71.4 1
    endloop
  endfacet
  facet normal 0 0 1
    outer loop
      vertex 62.13636363636364 75 1
      vertex 68.5265686544842 70.86424319468888 1
      vertex 68.4802835299749 70.99360145184376 1
    endloop
  endfacet
  facet normal 0 0 1
    outer loop
      vertex 62.13636363636364 75 1
      vertex 68.41999999999999 71.4 1
      vertex 68.42674138265892 71.53722399646139 1
    endloop
  endfacet
  facet normal 0 0 1
    outer loop
      vertex 62.13636363636364 75 1
      vertex 68.42674138265892 71.53722399646139 1
      vertex 68.44690060743547 71.67312645082258 1
    endloop
  endfacet
  facet normal 0 0 1
    outer loop
      vertex 62.13636363636364 75 1
      vertex 68.44690060743547 71.67312645082258 1
      vertex 68.4802835299749 71.80639854815625 1
    endloop
  endfacet
  facet normal 0 0 1
    outer loop
      vertex 62.13636363636364 75 1
      vertex 68.4802835299749 71.80639854815625 1
      vertex 68.5265686544842 71.93575680531113 1
    endloop
  endfacet
  facet normal 0 0 1
    outer loop
      vertex 62.13636363636364 75 1
      vertex 68.5265686544842 71.93575680531113 1
      vertex 68.5853102299123 72.0599554315564 1
    endloop
  endfacet
  facet normal 0 0 1
    outer loop
      vertex 62.13636363636364 75 1
      vertex 68.5853102299123 72.0599554315564 1
      vertex 68.65594254277643 72.17779832622745 1
    endloop
  endfacet
  facet normal 0 0 1
    outer loop
      vertex 62.13636363636364 75 1
      vertex 68.65594254277643 72.17779832622745 1
      vertex 68.73778536529215 72.28815059782912 1
    endloop
  endfacet
  facet normal 0 0 1
    outer loop
      vertex 62.13636363636364 75 1
      vertex 68.93184940217088 70.31778536529217 1
      vertex 68.83005050633882 70.41005050633883 1
    endloop
  endfacet
  facet normal 0 0 1
    outer loop
      vertex 62.13636363636364 75 1
      vertex 68.83005050633882 70.41005050633883 1
      vertex 68.73778536529215 70.5118494021709 1
    endloop
  endfacet
  facet normal 0 0 1
    outer loop
      vertex 62.13636363636364 75 1
      vertex 69.04220167377255 70.23594254277644 1
      vertex 68.93184940217088 70.31778536529217 1
    endloop
  endfacet
  facet normal 0 0 1
    outer loop
      vertex 62.13636363636364 75 1
      vertex 68.73778536529215 72.28815059782912 1
      vertex 68.83005050633882 72.38994949366118 1
    endloop
  endfacet
  facet normal 0 0 1
    outer loop
      vertex 62.13636363636364 75 1
      vertex 68.83005050633882 72.38994949366118 1
      vertex 68.93184940217088 72.48221463470784 1
    endloop
  endfacet
  facet normal 0 0 1
    outer loop
      vertex 62.13636363636364 75 1
      vertex 68.93184940217088 72.48221463470784 1
      vertex 69.04220167377255 72.56405745722357 1
    endloop
  endfacet
  facet normal 0 0 1
    outer loop
      vertex 62.13636363636364 75 1
      vertex 69.1600445684436 72.6346897700877 1
      vertex 69.28424319468887 72.6934313455158 1
    endloop
  endfacet
  facet normal 0 0 1
    outer loop
      vertex 62.13636363636364 75 1
      vertex 69.04220167377255 72.56405745722357 1
      vertex 69.1600445684436 72.6346897700877 1
    endloop
  endfacet
  facet normal 0 0 1
    outer loop
      vertex 62.13636363636364 75 1
      vertex 69.28424319468887 72.6934313455158 1
      vertex 69.41360145184375 72.7397164700251 1
    endloop
  endfacet
  facet normal 0 0 1
    outer loop
      vertex 62.13636363636364 75 1
      vertex 69.41360145184375 72.7397164700251 1
      vertex 69.54687354917742 72.77309939256453 1
    endloop
  endfacet
  facet normal 0 0 1
    outer loop
      vertex 62.13636363636364 75 1
      vertex 69.54687354917742 72.77309939256453 1
      vertex 69.6827760035386 72.79325861734108 1
    endloop
  endfacet
  facet normal 0 0 1
    outer loop
      vertex 62.13636363636364 75 1
      vertex 69.6827760035386 72.79325861734108 1
      vertex 69.82 72.80000000000001 1
    endloop
  endfacet
  facet normal 0 0 1
    outer loop
      vertex 62.13636363636364 75 1
      vertex 69.82 72.80000000000001 1
      vertex 69.95722399646138 72.79325861734108 1
    endloop
  endfacet
  facet normal 0 0 1
    outer loop
      vertex 62.13636363636364 75 1
      vertex 70.09312645082257 72.77309939256453 1
      vertex 70.22639854815624 72.7397164700251 1
    endloop
  endfacet
  facet normal 0 0 1
    outer loop
      vertex 62.13636363636364 75 1
      vertex 69.95722399646138 72.79325861734108 1
      vertex 70.09312645082257 72.77309939256453 1
    endloop
  endfacet
  facet normal 0 0 1
    outer loop
      vertex 62.13636363636364 75 1
      vertex 70.22639854815624 72.7397164700251 1
      vertex 89.63424319468886 72.6934313455158 1
    endloop
  endfacet
  facet normal 0 0 -1
    outer loop
      vertex 60 22 0
      vertex 100 32.13636363636364 0
      vertex 95 22 0
    endloop
  endfacet
  facet normal 0 0 -1
    outer loop
      vertex 60 22 0
      vertex 100 37.13636363636364 0
      vertex 100 32.13636363636364 0
    endloop
  endfacet
  facet normal 0 0 1
    outer loop
      vertex 95 22 1
      vertex 92 27.279999999999994 1
      vertex 67 27.279999999999994 1
    endloop
  endfacet
  facet normal 0 0 -1
    outer loop
      vertex 49.5 12 0
      vertex 90.03277600353861 70.00674138265893 0
      vertex 90.16999999999999 70 0
    endloop
  endfacet
  facet normal 0 0 -1
    outer loop
      vertex 49.5 12 0
      vertex 90.16999999999999 70 0
      vertex 90.30722399646137 70.00674138265893 0
    endloop
  endfacet
  facet normal 0 0 -1
    outer loop
      vertex 49.5 12 0
      vertex 90.30722399646137 70.00674138265893 0
      vertex 90.44312645082258 70.02690060743548 0
    endloop
  endfacet
  facet normal 0 0 -1
    outer loop
      vertex 49.5 12 0
      vertex 90.44312645082258 70.02690060743548 0
      vertex 90.57639854815625 70.06028352997491 0
    endloop
  endfacet
  facet normal 0 0 -1
    outer loop
      vertex 49.5 12 0
      vertex 90.57639854815625 70.06028352997491 0
      vertex 90.70575680531113 70.1065686544842 0
    endloop
  endfacet
  facet normal 0 0 -1
    outer loop
      vertex 49.5 12 0
      vertex 90.70575680531113 70.1065686544842 0
      vertex 90.82995543155639 70.16531022991231 0
    endloop
  endfacet
  facet normal 0 0 -1
    outer loop
      vertex 60 22 0
      vertex 100 75 0
      vertex 100 37.13636363636364 0
    endloop
  endfacet
  facet normal 0 0 1
    outer loop
      vertex 57.13636363636364 75 1
      vertex 92 31.279999999999994 1
      vertex 100 32.13636363636364 1
    endloop
  endfacet
  facet normal 0 0 1
    outer loop
      vertex 62.13636363636364 75 1
      vertex 100 32.13636363636364 1
      vertex 100 37.13636363636364 1
    endloop
  endfacet
  facet normal 0 0 -1
    outer loop
      vertex 100 32.13636363636364 0
      vertex 103 37.13636363636364 0
      vertex 103 32.13636363636364 0
    endloop
  endfacet
  facet normal 0 -1 0
    outer loop
      vertex 100 32.13636363636364 0
      vertex 103 32.13636363636364 0
      vertex 103 32.13636363636364 1
    endloop
  endfacet
  facet normal 1 0 0
    outer loop
      vertex 103 32.13636363636364 0
      vertex 103 37.13636363636364 0
      vertex 103 32.13636363636364 1
    endloop
  endfacet
  facet normal 0 0 -1
    outer loop
      vertex 100 32.13636363636364 0
      vertex 100 37.13636363636364 0
      vertex 103 37.13636363636364 0
    endloop
  endfacet
  facet normal 0 1 0
    outer loop
      vertex 100 37.13636363636364 0
      vertex 100 37.13636363636364 1
      vertex 103 37.13636363636364 0
    endloop
  endfacet
  facet normal 0 -1 0
    outer loop
      vertex 100 32.13636363636364 0
      vertex 103 32.13636363636364 1
      vertex 100 32.13636363636364 1
    endloop
  endfacet
  facet normal 1 0 0
    outer loop
      vertex 103 37.13636363636364 0
      vertex 103 37.13636363636364 1
      vertex 103 32.13636363636364 1
    endloop
  endfacet
  facet normal 0 1 0
    outer loop
      vertex 103 37.13636363636364 0
      vertex 100 37.13636363636364 1
      vertex 103 37.13636363636364 1
    endloop
  endfacet
  facet normal 0 0 1
    outer loop
      vertex 95 22 1
      vertex 100 32.13636363636364 1
      vertex 92 27.279999999999994 1
    endloop
  endfacet
  facet normal 0 0 1
    outer loop
      vertex 100 32.13636363636364 1
      vertex 92 29.279999999999994 1
      vertex 92 27.279999999999994 1
    endloop
  endfacet
  facet normal 0 0 1
    outer loop
      vertex 100 32.13636363636364 1
      vertex 92 31.279999999999994 1
      vertex 92 29.279999999999994 1
    endloop
  endfacet
  facet normal 0 0 1
    outer loop
      vertex 100 32.13636363636364 1
      vertex 103 32.13636363636364 1
      vertex 100 37.13636363636364 1
    endloop
  endfacet
  facet normal 0 0 1
    outer loop
      vertex 103 32.13636363636364 1
      vertex 103 37.13636363636364 1
      vertex 100 37.13636363636364 1
    endloop
  endfacet
  facet normal 1 0 0
    outer loop
      vertex 100 37.13636363636364 0
      vertex 100 75 0
      vertex 100 37.13636363636364 1
    endloop
  endfacet
  facet normal 0 0 -1
    outer loop
      vertex 49.5 12 0
      vertex 90.82995543155639 70.16531022991231 0
      vertex 100 75 0
    endloop
  endfacet
  facet normal 0 0 1
    outer loop
      vertex 62.13636363636364 75 1
      vertex 100 37.13636363636364 1
      vertex 69.04220167377255 70.23594254277644 1
    endloop
  endfacet
  facet normal 0 0 1
    outer loop
      vertex 69.28424319468887 70.1065686544842 1
      vertex 69.1600445684436 70.16531022991231 1
      vertex 100 37.13636363636364 1
    endloop
  endfacet
  facet normal 0 0 1
    outer loop
      vertex 69.28424319468887 70.1065686544842 1
      vertex 100 37.13636363636364 1
      vertex 69.41360145184375 70.06028352997491 1
    endloop
  endfacet
  facet normal 0 0 1
    outer loop
      vertex 69.04220167377255 70.23594254277644 1
      vertex 100 37.13636363636364 1
      vertex 69.1600445684436 70.16531022991231 1
    endloop
  endfacet
  facet normal 0 0 1
    outer loop
      vertex 69.41360145184375 70.06028352997491 1
      vertex 100 37.13636363636364 1
      vertex 69.54687354917742 70.02690060743548 1
    endloop
  endfacet
  facet normal 0 0 1
    outer loop
      vertex 69.54687354917742 70.02690060743548 1
      vertex 100 37.13636363636364 1
      vertex 69.6827760035386 70.00674138265893 1
    endloop
  endfacet
  facet normal 0 0 1
    outer loop
      vertex 69.6827760035386 70.00674138265893 1
      vertex 100 37.13636363636364 1
      vertex 69.82 70 1
    endloop
  endfacet
  facet normal 0 0 1
    outer loop
      vertex 69.82 70 1
      vertex 100 37.13636363636364 1
      vertex 69.95722399646138 70.00674138265893 1
    endloop
  endfacet
  facet normal 0 0 1
    outer loop
      vertex 69.95722399646138 70.00674138265893 1
      vertex 100 37.13636363636364 1
      vertex 70.09312645082257 70.02690060743548 1
    endloop
  endfacet
  facet normal 0 0 1
    outer loop
      vertex 70.09312645082257 70.02690060743548 1
      vertex 100 37.13636363636364 1
      vertex 70.22639854815624 70.06028352997491 1
    endloop
  endfacet
  facet normal 0 0 1
    outer loop
      vertex 70.22639854815624 70.06028352997491 1
      vertex 100 37.13636363636364 1
      vertex 70.35575680531112 70.1065686544842 1
    endloop
  endfacet
  facet normal 0 0 1
    outer loop
      vertex 70.35575680531112 70.1065686544842 1
      vertex 100 37.13636363636364 1
      vertex 70.47995543155639 70.16531022991231 1
    endloop
  endfacet
  facet normal 0 0 1
    outer loop
      vertex 70.47995543155639 70.16531022991231 1
      vertex 100 37.13636363636364 1
      vertex 70.59779832622743 70.23594254277644 1
    endloop
  endfacet
  facet normal 0 0 1
    outer loop
      vertex 70.59779832622743 70.23594254277644 1
      vertex 100 37.13636363636364 1
      vertex 89.39220167377255 70.23594254277644 1
    endloop
  endfacet
  facet normal 0 0 -1
    outer loop
      vertex 70.35575680531112 70.1065686544842 0
      vertex 70.47995543155639 70.16531022991231 0
      vertex 89.63424319468886 70.1065686544842 0
    endloop
  endfacet
  facet normal 0 0 -1
    outer loop
      vertex 70.47995543155639 70.16531022991231 0
      vertex 70.59779832622743 70.23594254277644 0
      vertex 89.51004456844359 70.16531022991231 0
    endloop
  endfacet
  facet normal 0 0 -1
    outer loop
      vertex 70.59779832622743 70.23594254277644 0
      vertex 70.7081505978291 70.31778536529217 0
      vertex 89.39220167377255 70.23594254277644 0
    endloop
  endfacet
  facet normal 0 0 -1
    outer loop
      vertex 70.7081505978291 70.31778536529217 0
      vertex 70.80994949366116 70.41005050633883 0
      vertex 89.28184940217089 70.31778536529217 0
    endloop
  endfacet
  facet normal 0 0 -1
    outer loop
      vertex 70.80994949366116 70.41005050633883 0
      vertex 70.90221463470783 70.5118494021709 0
      vertex 89.18005050633883 70.41005050633883 0
    endloop
  endfacet
  facet normal 0 0 -1
    outer loop
      vertex 70.90221463470783 70.5118494021709 0
      vertex 70.98405745722356 70.62220167377257 0
      vertex 89.08778536529216 70.5118494021709 0
    endloop
  endfacet
  facet normal 0 0 -1
    outer loop
      vertex 70.98405745722356 70.62220167377257 0
      vertex 71.05468977008769 70.74004456844361 0
      vertex 89.00594254277644 70.62220167377257 0
    endloop
  endfacet
  facet normal 0 0 -1
    outer loop
      vertex 71.05468977008769 70.74004456844361 0
      vertex 71.11343134551579 70.86424319468888 0
      vertex 88.93531022991229 70.74004456844361 0
    endloop
  endfacet
  facet normal 0 0 -1
    outer loop
      vertex 71.11343134551579 70.86424319468888 0
      vertex 71.15971647002509 70.99360145184376 0
      vertex 88.87656865448419 70.86424319468888 0
    endloop
  endfacet
  facet normal 0 0 -1
    outer loop
      vertex 71.15971647002509 70.99360145184376 0
      vertex 71.19309939256452 71.12687354917743 0
      vertex 88.8302835299749 70.99360145184376 0
    endloop
  endfacet
  facet normal 0 0 -1
    outer loop
      vertex 71.19309939256452 71.12687354917743 0
      vertex 71.21325861734107 71.26277600353862 0
      vertex 88.79690060743548 71.12687354917743 0
    endloop
  endfacet
  facet normal 0 0 -1
    outer loop
      vertex 71.21325861734107 71.26277600353862 0
      vertex 71.22 71.4 0
      vertex 88.77674138265891 71.26277600353862 0
    endloop
  endfacet
  facet normal 0 0 -1
    outer loop
      vertex 70.80994949366116 70.41005050633883 0
      vertex 89.18005050633883 70.41005050633883 0
      vertex 89.28184940217089 70.31778536529217 0
    endloop
  endfacet
  facet normal 0 0 -1
    outer loop
      vertex 70.90221463470783 70.5118494021709 0
      vertex 89.08778536529216 70.5118494021709 0
      vertex 89.18005050633883 70.41005050633883 0
    endloop
  endfacet
  facet normal 0 0 -1
    outer loop
      vertex 71.05468977008769 70.74004456844361 0
      vertex 88.93531022991229 70.74004456844361 0
      vertex 89.00594254277644 70.62220167377257 0
    endloop
  endfacet
  facet normal 0 0 -1
    outer loop
      vertex 70.98405745722356 70.62220167377257 0
      vertex 89.00594254277644 70.62220167377257 0
      vertex 89.08778536529216 70.5118494021709 0
    endloop
  endfacet
  facet normal 0 0 -1
    outer loop
      vertex 71.11343134551579 70.86424319468888 0
      vertex 88.87656865448419 70.86424319468888 0
      vertex 88.93531022991229 70.74004456844361 0
    endloop
  endfacet
  facet normal 0 0 -1
    outer loop
      vertex 71.15971647002509 70.99360145184376 0
      vertex 88.8302835299749 70.99360145184376 0
      vertex 88.87656865448419 70.86424319468888 0
    endloop
  endfacet
  facet normal 0 0 -1
    outer loop
      vertex 71.19309939256452 71.12687354917743 0
      vertex 88.79690060743548 71.12687354917743 0
      vertex 88.8302835299749 70.99360145184376 0
    endloop
  endfacet
  facet normal 0 0 -1
    outer loop
      vertex 71.21325861734107 71.26277600353862 0
      vertex 88.77674138265891 71.26277600353862 0
      vertex 88.79690060743548 71.12687354917743 0
    endloop
  endfacet
  facet normal 0 0 -1
    outer loop
      vertex 71.22 71.4 0
      vertex 88.77 71.4 0
      vertex 88.77674138265891 71.26277600353862 0
    endloop
  endfacet
  facet normal 0 0 -1
    outer loop
      vertex 71.22 71.4 0
      vertex 71.21325861734107 71.53722399646139 0
      vertex 88.77 71.4 0
    endloop
  endfacet
  facet normal 0 0 -1
    outer loop
      vertex 71.21325861734107 71.53722399646139 0
      vertex 71.19309939256452 71.67312645082258 0
      vertex 88.77674138265891 71.53722399646139 0
    endloop
  endfacet
  facet normal 0 0 -1
    outer loop
      vertex 71.19309939256452 71.67312645082258 0
      vertex 71.15971647002509 71.80639854815625 0
      vertex 88.79690060743548 71.67312645082258 0
    endloop
  endfacet
  facet normal 0 0 -1
    outer loop
      vertex 71.11343134551579 71.93575680531113 0
      vertex 71.05468977008769 72.0599554315564 0
      vertex 88.87656865448419 71.93575680531113 0
    endloop
  endfacet
  facet normal 0 0 -1
    outer loop
      vertex 71.11343134551579 71.93575680531113 0
      vertex 88.8302835299749 71.80639854815625 0
      vertex 71.15971647002509 71.80639854815625 0
    endloop
  endfacet
  facet normal 0 0 -1
    outer loop
      vertex 70.98405745722356 72.17779832622745 0
      vertex 88.93531022991229 72.0599554315564 0
      vertex 71.05468977008769 72.0599554315564 0
    endloop
  endfacet
  facet normal 0 0 -1
    outer loop
      vertex 70.80994949366116 72.38994949366118 0
      vertex 70.7081505978291 72.48221463470784 0
      vertex 89.18005050633883 72.38994949366118 0
    endloop
  endfacet
  facet normal 0 0 -1
    outer loop
      vertex 70.59779832622743 72.56405745722357 0
      vertex 89.28184940217089 72.48221463470784 0
      vertex 70.7081505978291 72.48221463470784 0
    endloop
  endfacet
  facet normal 0 0 -1
    outer loop
      vertex 70.59779832622743 72.56405745722357 0
      vertex 70.47995543155639 72.6346897700877 0
      vertex 89.39220167377255 72.56405745722357 0
    endloop
  endfacet
  facet normal 0 0 -1
    outer loop
      vertex 70.35575680531112 72.6934313455158 0
      vertex 89.51004456844359 72.6346897700877 0
      vertex 70.47995543155639 72.6346897700877 0
    endloop
  endfacet
  facet normal 0 0 -1
    outer loop
      vertex 70.98405745722356 72.17779832622745 0
      vertex 70.90221463470783 72.28815059782912 0
      vertex 89.00594254277644 72.17779832622745 0
    endloop
  endfacet
  facet normal 0 0 -1
    outer loop
      vertex 70.90221463470783 72.28815059782912 0
      vertex 70.80994949366116 72.38994949366118 0
      vertex 89.08778536529216 72.28815059782912 0
    endloop
  endfacet
  facet normal 0 0 -1
    outer loop
      vertex 62.13636363636364 75 0
      vertex 100 75 0
      vertex 69.6827760035386 72.79325861734108 0
    endloop
  endfacet
  facet normal 0 0 -1
    outer loop
      vertex 69.6827760035386 72.79325861734108 0
      vertex 100 75 0
      vertex 69.82 72.80000000000001 0
    endloop
  endfacet
  facet normal 0 0 -1
    outer loop
      vertex 69.82 72.80000000000001 0
      vertex 100 75 0
      vertex 69.95722399646138 72.79325861734108 0
    endloop
  endfacet
  facet normal 0 0 -1
    outer loop
      vertex 69.95722399646138 72.79325861734108 0
      vertex 100 75 0
      vertex 70.09312645082257 72.77309939256453 0
    endloop
  endfacet
  facet normal 0 0 -1
    outer loop
      vertex 70.09312645082257 72.77309939256453 0
      vertex 100 75 0
      vertex 70.22639854815624 72.7397164700251 0
    endloop
  endfacet
  facet normal 0 0 -1
    outer loop
      vertex 70.22639854815624 72.7397164700251 0
      vertex 100 75 0
      vertex 70.35575680531112 72.6934313455158 0
    endloop
  endfacet
  facet normal 0 0 -1
    outer loop
      vertex 71.21325861734107 71.53722399646139 0
      vertex 88.77674138265891 71.53722399646139 0
      vertex 88.77 71.4 0
    endloop
  endfacet
  facet normal 0 0 -1
    outer loop
      vertex 71.19309939256452 71.67312645082258 0
      vertex 88.79690060743548 71.67312645082258 0
      vertex 88.77674138265891 71.53722399646139 0
    endloop
  endfacet
  facet normal 0 0 -1
    outer loop
      vertex 71.15971647002509 71.80639854815625 0
      vertex 88.8302835299749 71.80639854815625 0
      vertex 88.79690060743548 71.67312645082258 0
    endloop
  endfacet
  facet normal 0 0 -1
    outer loop
      vertex 71.11343134551579 71.93575680531113 0
      vertex 88.87656865448419 71.93575680531113 0
      vertex 88.8302835299749 71.80639854815625 0
    endloop
  endfacet
  facet normal 0 0 -1
    outer loop
      vertex 71.05468977008769 72.0599554315564 0
      vertex 88.93531022991229 72.0599554315564 0
      vertex 88.87656865448419 71.93575680531113 0
    endloop
  endfacet
  facet normal 0 0 -1
    outer loop
      vertex 70.98405745722356 72.17779832622745 0
      vertex 89.00594254277644 72.17779832622745 0
      vertex 88.93531022991229 72.0599554315564 0
    endloop
  endfacet
  facet normal 0 0 -1
    outer loop
      vertex 70.90221463470783 72.28815059782912 0
      vertex 89.08778536529216 72.28815059782912 0
      vertex 89.00594254277644 72.17779832622745 0
    endloop
  endfacet
  facet normal 0 0 -1
    outer loop
      vertex 70.80994949366116 72.38994949366118 0
      vertex 89.18005050633883 72.38994949366118 0
      vertex 89.08778536529216 72.28815059782912 0
    endloop
  endfacet
  facet normal 0 0 -1
    outer loop
      vertex 70.7081505978291 72.48221463470784 0
      vertex 89.28184940217089 72.48221463470784 0
      vertex 89.18005050633883 72.38994949366118 0
    endloop
  endfacet
  facet normal 0 0 -1
    outer loop
      vertex 70.59779832622743 72.56405745722357 0
      vertex 89.39220167377255 72.56405745722357 0
      vertex 89.28184940217089 72.48221463470784 0
    endloop
  endfacet
  facet normal 0 0 -1
    outer loop
      vertex 70.59779832622743 70.23594254277644 0
      vertex 89.39220167377255 70.23594254277644 0
      vertex 89.51004456844359 70.16531022991231 0
    endloop
  endfacet
  facet normal 0 0 -1
    outer loop
      vertex 70.47995543155639 70.16531022991231 0
      vertex 89.51004456844359 70.16531022991231 0
      vertex 89.63424319468886 70.1065686544842 0
    endloop
  endfacet
  facet normal 0 0 -1
    outer loop
      vertex 70.7081505978291 70.31778536529217 0
      vertex 89.28184940217089 70.31778536529217 0
      vertex 89.39220167377255 70.23594254277644 0
    endloop
  endfacet
  facet normal 0.9039892931234568 0.42755509343025366 0
    outer loop
      vertex 88.87656865448419 70.86424319468888 0
      vertex 88.87656865448419 70.86424319468888 1
      vertex 88.93531022991229 70.74004456844361 0
    endloop
  endfacet
  facet normal 0.9415440651830398 0.33688985339216665 1.9391032585801873e-18
    outer loop
      vertex 88.87656865448419 70.86424319468888 0
      vertex 88.8302835299749 70.99360145184376 0
      vertex 88.8302835299749 70.99360145184376 1
    endloop
  endfacet
  facet normal 0.9700312531945449 0.24298017990326015 0
    outer loop
      vertex 88.79690060743548 71.12687354917743 0
      vertex 88.79690060743548 71.12687354917743 1
      vertex 88.8302835299749 70.99360145184376 0
    endloop
  endfacet
  facet normal 0.9891765099647689 0.14673047445544268 -5.165938628838997e-19
    outer loop
      vertex 88.79690060743548 71.12687354917743 0
      vertex 88.77674138265891 71.26277600353862 0
      vertex 88.77674138265891 71.26277600353862 1
    endloop
  endfacet
  facet normal 0.9987954562051754 0.04906767432735658 2.157833028715814e-19
    outer loop
      vertex 88.77674138265891 71.26277600353862 0
      vertex 88.77 71.4 0
      vertex 88.77 71.4 1
    endloop
  endfacet
  facet normal 0.7409511253549479 0.6715589548470307 0
    outer loop
      vertex 89.08778536529216 70.5118494021709 0
      vertex 89.08778536529216 70.5118494021709 1
      vertex 89.18005050633883 70.41005050633883 0
    endloop
  endfacet
  facet normal 0.5956993044924189 0.8032075314806555 0
    outer loop
      vertex 89.28184940217089 70.31778536529217 0
      vertex 89.28184940217089 70.31778536529217 1
      vertex 89.39220167377255 70.23594254277644 0
    endloop
  endfacet
  facet normal 0.6715589548470307 0.7409511253549479 4.962433453228298e-18
    outer loop
      vertex 89.28184940217089 70.31778536529217 0
      vertex 89.18005050633883 70.41005050633883 0
      vertex 89.18005050633883 70.41005050633883 1
    endloop
  endfacet
  facet normal 0.3368898533922256 0.9415440651830188 0
    outer loop
      vertex 89.63424319468886 70.1065686544842 0
      vertex 89.63424319468886 70.1065686544842 1
      vertex 89.76360145184375 70.06028352997491 0
    endloop
  endfacet
  facet normal 0.5141027441932378 0.8577286100002625 0
    outer loop
      vertex 89.39220167377255 70.23594254277644 0
      vertex 89.39220167377255 70.23594254277644 1
      vertex 89.51004456844359 70.16531022991231 0
    endloop
  endfacet
  facet normal 0.42755509343025366 0.9039892931234568 1.7099013456807815e-19
    outer loop
      vertex 89.63424319468886 70.1065686544842 0
      vertex 89.51004456844359 70.16531022991231 0
      vertex 89.51004456844359 70.16531022991231 1
    endloop
  endfacet
  facet normal 0.8577286100002167 0.5141027441933137 2.3608115711111437e-19
    outer loop
      vertex 89.00594254277644 70.62220167377257 0
      vertex 88.93531022991229 70.74004456844361 0
      vertex 88.93531022991229 70.74004456844361 1
    endloop
  endfacet
  facet normal 0.8032075314806922 0.5956993044923694 5.8746553511389244e-18
    outer loop
      vertex 89.08778536529216 70.5118494021709 0
      vertex 89.00594254277644 70.62220167377257 0
      vertex 89.00594254277644 70.62220167377257 1
    endloop
  endfacet
  facet normal 0.9039892931234568 0.42755509343025366 0
    outer loop
      vertex 88.93531022991229 70.74004456844361 0
      vertex 88.87656865448419 70.86424319468888 1
      vertex 88.93531022991229 70.74004456844361 1
    endloop
  endfacet
  facet normal 0.9415440651830398 0.33688985339216665 0
    outer loop
      vertex 88.87656865448419 70.86424319468888 0
      vertex 88.8302835299749 70.99360145184376 1
      vertex 88.87656865448419 70.86424319468888 1
    endloop
  endfacet
  facet normal 0.9700312531945449 0.24298017990326015 0
    outer loop
      vertex 88.8302835299749 70.99360145184376 0
      vertex 88.79690060743548 71.12687354917743 1
      vertex 88.8302835299749 70.99360145184376 1
    endloop
  endfacet
  facet normal 0.9891765099647689 0.14673047445544268 0
    outer loop
      vertex 88.79690060743548 71.12687354917743 0
      vertex 88.77674138265891 71.26277600353862 1
      vertex 88.79690060743548 71.12687354917743 1
    endloop
  endfacet
  facet normal 0.9987954562051754 0.04906767432735658 0
    outer loop
      vertex 88.77674138265891 71.26277600353862 0
      vertex 88.77 71.4 1
      vertex 88.77674138265891 71.26277600353862 1
    endloop
  endfacet
  facet normal 0.7409511253549479 0.6715589548470307 0
    outer loop
      vertex 89.18005050633883 70.41005050633883 0
      vertex 89.08778536529216 70.5118494021709 1
      vertex 89.18005050633883 70.41005050633883 1
    endloop
  endfacet
  facet normal 0.6715589548470307 0.7409511253549479 0
    outer loop
      vertex 89.28184940217089 70.31778536529217 0
      vertex 89.18005050633883 70.41005050633883 1
      vertex 89.28184940217089 70.31778536529217 1
    endloop
  endfacet
  facet normal 0.42755509343025366 0.9039892931234568 0
    outer loop
      vertex 89.63424319468886 70.1065686544842 0
      vertex 89.51004456844359 70.16531022991231 1
      vertex 89.63424319468886 70.1065686544842 1
    endloop
  endfacet
  facet normal 0.3368898533922256 0.9415440651830188 -2.739990699152096e-18
    outer loop
      vertex 89.63424319468886 70.1065686544842 1
      vertex 89.76360145184375 70.06028352997491 1
      vertex 89.76360145184375 70.06028352997491 0
    endloop
  endfacet
  facet normal 0.5956993044924189 0.8032075314806555 0
    outer loop
      vertex 89.39220167377255 70.23594254277644 0
      vertex 89.28184940217089 70.31778536529217 1
      vertex 89.39220167377255 70.23594254277644 1
    endloop
  endfacet
  facet normal 0.5141027441932378 0.8577286100002625 0
    outer loop
      vertex 89.51004456844359 70.16531022991231 0
      vertex 89.39220167377255 70.23594254277644 1
      vertex 89.51004456844359 70.16531022991231 1
    endloop
  endfacet
  facet normal 0.8577286100002167 0.5141027441933137 0
    outer loop
      vertex 89.00594254277644 70.62220167377257 0
      vertex 88.93531022991229 70.74004456844361 1
      vertex 89.00594254277644 70.62220167377257 1
    endloop
  endfacet
  facet normal 0.8032075314806922 0.5956993044923694 0
    outer loop
      vertex 89.08778536529216 70.5118494021709 0
      vertex 89.00594254277644 70.62220167377257 1
      vertex 89.08778536529216 70.5118494021709 1
    endloop
  endfacet
  facet normal 0 0 -1
    outer loop
      vertex 70.47995543155639 72.6346897700877 0
      vertex 89.51004456844359 72.6346897700877 0
      vertex 89.39220167377255 72.56405745722357 0
    endloop
  endfacet
  facet normal 0 0 -1
    outer loop
      vertex 70.35575680531112 72.6934313455158 0
      vertex 89.63424319468886 72.6934313455158 0
      vertex 89.51004456844359 72.6346897700877 0
    endloop
  endfacet
  facet normal 0 0 -1
    outer loop
      vertex 70.35575680531112 72.6934313455158 0
      vertex 89.76360145184375 72.7397164700251 0
      vertex 89.63424319468886 72.6934313455158 0
    endloop
  endfacet
  facet normal 0 0 -1
    outer loop
      vertex 70.35575680531112 72.6934313455158 0
      vertex 89.89687354917741 72.77309939256453 0
      vertex 89.76360145184375 72.7397164700251 0
    endloop
  endfacet
  facet normal 0 0 -1
    outer loop
      vertex 70.35575680531112 72.6934313455158 0
      vertex 100 75 0
      vertex 89.89687354917741 72.77309939256453 0
    endloop
  endfacet
  facet normal 0.9987954562051754 -0.04906767432735658 -2.157833028715814e-19
    outer loop
      vertex 88.77 71.4 0
      vertex 88.77674138265891 71.53722399646139 0
      vertex 88.77674138265891 71.53722399646139 1
    endloop
  endfacet
  facet normal 0.9891765099647689 -0.14673047445544268 5.165938628838997e-19
    outer loop
      vertex 88.77674138265891 71.53722399646139 0
      vertex 88.79690060743548 71.67312645082258 0
      vertex 88.79690060743548 71.67312645082258 1
    endloop
  endfacet
  facet normal 0.9700312531945449 -0.24298017990326015 5.376676610327475e-19
    outer loop
      vertex 88.79690060743548 71.67312645082258 0
      vertex 88.8302835299749 71.80639854815625 0
      vertex 88.8302835299749 71.80639854815625 1
    endloop
  endfacet
  facet normal 0.9415440651830398 -0.33688985339216665 -1.9391032585801873e-18
    outer loop
      vertex 88.8302835299749 71.80639854815625 0
      vertex 88.87656865448419 71.93575680531113 0
      vertex 88.87656865448419 71.93575680531113 1
    endloop
  endfacet
  facet normal 0.9039892931234568 -0.42755509343025366 -1.7099013456807815e-19
    outer loop
      vertex 88.87656865448419 71.93575680531113 0
      vertex 88.93531022991229 72.0599554315564 0
      vertex 88.93531022991229 72.0599554315564 1
    endloop
  endfacet
  facet normal 0.8577286100002167 -0.5141027441933137 -2.3608115711111437e-19
    outer loop
      vertex 88.93531022991229 72.0599554315564 0
      vertex 89.00594254277644 72.17779832622745 0
      vertex 89.00594254277644 72.17779832622745 1
    endloop
  endfacet
  facet normal 0.8032075314806922 -0.5956993044923694 -5.8746553511389244e-18
    outer loop
      vertex 89.00594254277644 72.17779832622745 0
      vertex 89.08778536529216 72.28815059782912 0
      vertex 89.08778536529216 72.28815059782912 1
    endloop
  endfacet
  facet normal 0.7409511253549479 -0.6715589548470307 -4.962433453228298e-18
    outer loop
      vertex 89.08778536529216 72.28815059782912 0
      vertex 89.18005050633883 72.38994949366118 0
      vertex 89.18005050633883 72.38994949366118 1
    endloop
  endfacet
  facet normal 0.6715589548470307 -0.7409511253549479 -4.962433453228298e-18
    outer loop
      vertex 89.18005050633883 72.38994949366118 0
      vertex 89.28184940217089 72.48221463470784 0
      vertex 89.28184940217089 72.48221463470784 1
    endloop
  endfacet
  facet normal 0.5956993044924189 -0.8032075314806555 9.889856765291618e-19
    outer loop
      vertex 89.28184940217089 72.48221463470784 0
      vertex 89.39220167377255 72.56405745722357 0
      vertex 89.39220167377255 72.56405745722357 1
    endloop
  endfacet
  facet normal 0.5141027441932378 -0.8577286100002625 -4.895106241153539e-18
    outer loop
      vertex 89.39220167377255 72.56405745722357 0
      vertex 89.51004456844359 72.6346897700877 0
      vertex 89.51004456844359 72.6346897700877 1
    endloop
  endfacet
  facet normal 0.42755509343025366 -0.9039892931234568 -1.7099013456807815e-19
    outer loop
      vertex 89.51004456844359 72.6346897700877 0
      vertex 89.63424319468886 72.6934313455158 0
      vertex 89.63424319468886 72.6934313455158 1
    endloop
  endfacet
  facet normal 0.3368898533922256 -0.9415440651830188 2.739990699152096e-18
    outer loop
      vertex 89.63424319468886 72.6934313455158 0
      vertex 89.76360145184375 72.7397164700251 0
      vertex 89.76360145184375 72.7397164700251 1
    endloop
  endfacet
  facet normal 0 1 0
    outer loop
      vertex 62.13636363636364 75 0
      vertex 100 75 1
      vertex 100 75 0
    endloop
  endfacet
  facet normal 0.9987954562051754 -0.04906767432735658 0
    outer loop
      vertex 88.77 71.4 0
      vertex 88.77674138265891 71.53722399646139 1
      vertex 88.77 71.4 1
    endloop
  endfacet
  facet normal 0.9891765099647689 -0.14673047445544268 0
    outer loop
      vertex 88.77674138265891 71.53722399646139 0
      vertex 88.79690060743548 71.67312645082258 1
      vertex 88.77674138265891 71.53722399646139 1
    endloop
  endfacet
  facet normal 0.9700312531945449 -0.24298017990326015 0
    outer loop
      vertex 88.79690060743548 71.67312645082258 0
      vertex 88.8302835299749 71.80639854815625 1
      vertex 88.79690060743548 71.67312645082258 1
    endloop
  endfacet
  facet normal 0.9415440651830398 -0.33688985339216665 0
    outer loop
      vertex 88.8302835299749 71.80639854815625 0
      vertex 88.87656865448419 71.93575680531113 1
      vertex 88.8302835299749 71.80639854815625 1
    endloop
  endfacet
  facet normal 0.9039892931234568 -0.42755509343025366 0
    outer loop
      vertex 88.87656865448419 71.93575680531113 0
      vertex 88.93531022991229 72.0599554315564 1
      vertex 88.87656865448419 71.93575680531113 1
    endloop
  endfacet
  facet normal 0.8577286100002167 -0.5141027441933137 0
    outer loop
      vertex 88.93531022991229 72.0599554315564 0
      vertex 89.00594254277644 72.17779832622745 1
      vertex 88.93531022991229 72.0599554315564 1
    endloop
  endfacet
  facet normal 0.8032075314806922 -0.5956993044923694 0
    outer loop
      vertex 89.00594254277644 72.17779832622745 0
      vertex 89.08778536529216 72.28815059782912 1
      vertex 89.00594254277644 72.17779832622745 1
    endloop
  endfacet
  facet normal 0.7409511253549479 -0.6715589548470307 0
    outer loop
      vertex 89.08778536529216 72.28815059782912 0
      vertex 89.18005050633883 72.38994949366118 1
      vertex 89.08778536529216 72.28815059782912 1
    endloop
  endfacet
  facet normal 0.6715589548470307 -0.7409511253549479 0
    outer loop
      vertex 89.18005050633883 72.38994949366118 0
      vertex 89.28184940217089 72.48221463470784 1
      vertex 89.18005050633883 72.38994949366118 1
    endloop
  endfacet
  facet normal 0.5956993044924189 -0.8032075314806555 0
    outer loop
      vertex 89.28184940217089 72.48221463470784 0
      vertex 89.39220167377255 72.56405745722357 1
      vertex 89.28184940217089 72.48221463470784 1
    endloop
  endfacet
  facet normal 0.5141027441932378 -0.8577286100002625 0
    outer loop
      vertex 89.39220167377255 72.56405745722357 0
      vertex 89.51004456844359 72.6346897700877 1
      vertex 89.39220167377255 72.56405745722357 1
    endloop
  endfacet
  facet normal 0.42755509343025366 -0.9039892931234568 0
    outer loop
      vertex 89.51004456844359 72.6346897700877 0
      vertex 89.63424319468886 72.6934313455158 1
      vertex 89.51004456844359 72.6346897700877 1
    endloop
  endfacet
  facet normal 0.3368898533922256 -0.9415440651830188 0
    outer loop
      vertex 89.63424319468886 72.6934313455158 0
      vertex 89.76360145184375 72.7397164700251 1
      vertex 89.63424319468886 72.6934313455158 1
    endloop
  endfacet
  facet normal 0 0 1
    outer loop
      vertex 70.59779832622743 70.23594254277644 1
      vertex 89.28184940217089 70.31778536529217 1
      vertex 70.7081505978291 70.31778536529217 1
    endloop
  endfacet
  facet normal 0 0 1
    outer loop
      vertex 70.7081505978291 70.31778536529217 1
      vertex 89.18005050633883 70.41005050633883 1
      vertex 70.80994949366116 70.41005050633883 1
    endloop
  endfacet
  facet normal 0 0 1
    outer loop
      vertex 70.80994949366116 70.41005050633883 1
      vertex 89.08778536529216 70.5118494021709 1
      vertex 70.90221463470783 70.5118494021709 1
    endloop
  endfacet
  facet normal 0 0 1
    outer loop
      vertex 70.90221463470783 70.5118494021709 1
      vertex 89.00594254277644 70.62220167377257 1
      vertex 70.98405745722356 70.62220167377257 1
    endloop
  endfacet
  facet normal 0 0 1
    outer loop
      vertex 70.98405745722356 70.62220167377257 1
      vertex 88.93531022991229 70.74004456844361 1
      vertex 71.05468977008769 70.74004456844361 1
    endloop
  endfacet
  facet normal 0 0 1
    outer loop
      vertex 71.05468977008769 70.74004456844361 1
      vertex 88.87656865448419 70.86424319468888 1
      vertex 71.11343134551579 70.86424319468888 1
    endloop
  endfacet
  facet normal 0 0 1
    outer loop
      vertex 71.11343134551579 70.86424319468888 1
      vertex 88.8302835299749 70.99360145184376 1
      vertex 71.15971647002509 70.99360145184376 1
    endloop
  endfacet
  facet normal 0 0 1
    outer loop
      vertex 71.15971647002509 70.99360145184376 1
      vertex 88.79690060743548 71.12687354917743 1
      vertex 71.19309939256452 71.12687354917743 1
    endloop
  endfacet
  facet normal 0 0 1
    outer loop
      vertex 71.19309939256452 71.12687354917743 1
      vertex 88.77674138265891 71.26277600353862 1
      vertex 71.21325861734107 71.26277600353862 1
    endloop
  endfacet
  facet normal 0 0 1
    outer loop
      vertex 71.21325861734107 71.26277600353862 1
      vertex 88.77 71.4 1
      vertex 71.22 71.4 1
    endloop
  endfacet
  facet normal 0 0 1
    outer loop
      vertex 70.59779832622743 70.23594254277644 1
      vertex 89.39220167377255 70.23594254277644 1
      vertex 89.28184940217089 70.31778536529217 1
    endloop
  endfacet
  facet normal 0 0 1
    outer loop
      vertex 70.7081505978291 70.31778536529217 1
      vertex 89.28184940217089 70.31778536529217 1
      vertex 89.18005050633883 70.41005050633883 1
    endloop
  endfacet
  facet normal 0 0 1
    outer loop
      vertex 70.80994949366116 70.41005050633883 1
      vertex 89.18005050633883 70.41005050633883 1
      vertex 89.08778536529216 70.5118494021709 1
    endloop
  endfacet
  facet normal 0 0 1
    outer loop
      vertex 70.90221463470783 70.5118494021709 1
      vertex 89.08778536529216 70.5118494021709 1
      vertex 89.00594254277644 70.62220167377257 1
    endloop
  endfacet
  facet normal 0 0 1
    outer loop
      vertex 70.98405745722356 70.62220167377257 1
      vertex 89.00594254277644 70.62220167377257 1
      vertex 88.93531022991229 70.74004456844361 1
    endloop
  endfacet
  facet normal 0 0 1
    outer loop
      vertex 71.05468977008769 70.74004456844361 1
      vertex 88.93531022991229 70.74004456844361 1
      vertex 88.87656865448419 70.86424319468888 1
    endloop
  endfacet
  facet normal 0 0 1
    outer loop
      vertex 71.11343134551579 70.86424319468888 1
      vertex 88.87656865448419 70.86424319468888 1
      vertex 88.8302835299749 70.99360145184376 1
    endloop
  endfacet
  facet normal 0 0 1
    outer loop
      vertex 71.15971647002509 70.99360145184376 1
      vertex 88.8302835299749 70.99360145184376 1
      vertex 88.79690060743548 71.12687354917743 1
    endloop
  endfacet
  facet normal 0 0 1
    outer loop
      vertex 71.19309939256452 71.12687354917743 1
      vertex 88.79690060743548 71.12687354917743 1
      vertex 88.77674138265891 71.26277600353862 1
    endloop
  endfacet
  facet normal 0 0 1
    outer loop
      vertex 71.21325861734107 71.26277600353862 1
      vertex 88.77674138265891 71.26277600353862 1
      vertex 88.77 71.4 1
    endloop
  endfacet
  facet normal 0 0 1
    outer loop
      vertex 71.22 71.4 1
      vertex 88.77674138265891 71.53722399646139 1
      vertex 71.21325861734107 71.53722399646139 1
    endloop
  endfacet
  facet normal 0 0 1
    outer loop
      vertex 71.21325861734107 71.53722399646139 1
      vertex 88.79690060743548 71.67312645082258 1
      vertex 71.19309939256452 71.67312645082258 1
    endloop
  endfacet
  facet normal 0 0 1
    outer loop
      vertex 71.19309939256452 71.67312645082258 1
      vertex 88.8302835299749 71.80639854815625 1
      vertex 71.15971647002509 71.80639854815625 1
    endloop
  endfacet
  facet normal 0 0 1
    outer loop
      vertex 71.11343134551579 71.93575680531113 1
      vertex 71.15971647002509 71.80639854815625 1
      vertex 88.87656865448419 71.93575680531113 1
    endloop
  endfacet
  facet normal 0 0 1
    outer loop
      vertex 70.98405745722356 72.17779832622745 1
      vertex 71.05468977008769 72.0599554315564 1
      vertex 89.00594254277644 72.17779832622745 1
    endloop
  endfacet
  facet normal 0 0 1
    outer loop
      vertex 71.11343134551579 71.93575680531113 1
      vertex 88.93531022991229 72.0599554315564 1
      vertex 71.05468977008769 72.0599554315564 1
    endloop
  endfacet
  facet normal 0 0 1
    outer loop
      vertex 70.59779832622743 72.56405745722357 1
      vertex 70.7081505978291 72.48221463470784 1
      vertex 89.39220167377255 72.56405745722357 1
    endloop
  endfacet
  facet normal 0 0 1
    outer loop
      vertex 70.59779832622743 72.56405745722357 1
      vertex 89.51004456844359 72.6346897700877 1
      vertex 70.47995543155639 72.6346897700877 1
    endloop
  endfacet
  facet normal 0 0 1
    outer loop
      vertex 70.22639854815624 72.7397164700251 1
      vertex 70.35575680531112 72.6934313455158 1
      vertex 89.63424319468886 72.6934313455158 1
    endloop
  endfacet
  facet normal 0 0 1
    outer loop
      vertex 70.35575680531112 72.6934313455158 1
      vertex 70.47995543155639 72.6346897700877 1
      vertex 89.63424319468886 72.6934313455158 1
    endloop
  endfacet
  facet normal 0 0 1
    outer loop
      vertex 70.98405745722356 72.17779832622745 1
      vertex 89.08778536529216 72.28815059782912 1
      vertex 70.90221463470783 72.28815059782912 1
    endloop
  endfacet
  facet normal 0 0 1
    outer loop
      vertex 70.90221463470783 72.28815059782912 1
      vertex 89.18005050633883 72.38994949366118 1
      vertex 70.80994949366116 72.38994949366118 1
    endloop
  endfacet
  facet normal 0 0 1
    outer loop
      vertex 70.80994949366116 72.38994949366118 1
      vertex 89.28184940217089 72.48221463470784 1
      vertex 70.7081505978291 72.48221463470784 1
    endloop
  endfacet
  facet normal 0 0 1
    outer loop
      vertex 62.13636363636364 75 1
      vertex 89.63424319468886 72.6934313455158 1
      vertex 89.76360145184375 72.7397164700251 1
    endloop
  endfacet
  facet normal 0 0 1
    outer loop
      vertex 62.13636363636364 75 1
      vertex 89.76360145184375 72.7397164700251 1
      vertex 89.89687354917741 72.77309939256453 1
    endloop
  endfacet
  facet normal 0 0 1
    outer loop
      vertex 62.13636363636364 75 1
      vertex 89.89687354917741 72.77309939256453 1
      vertex 90.03277600353861 72.79325861734108 1
    endloop
  endfacet
  facet normal 0 0 1
    outer loop
      vertex 62.13636363636364 75 1
      vertex 90.03277600353861 72.79325861734108 1
      vertex 90.16999999999999 72.80000000000001 1
    endloop
  endfacet
  facet normal 0 0 1
    outer loop
      vertex 62.13636363636364 75 1
      vertex 90.16999999999999 72.80000000000001 1
      vertex 90.30722399646137 72.79325861734108 1
    endloop
  endfacet
  facet normal 0 0 1
    outer loop
      vertex 71.22 71.4 1
      vertex 88.77 71.4 1
      vertex 88.77674138265891 71.53722399646139 1
    endloop
  endfacet
  facet normal 0 0 1
    outer loop
      vertex 71.21325861734107 71.53722399646139 1
      vertex 88.77674138265891 71.53722399646139 1
      vertex 88.79690060743548 71.67312645082258 1
    endloop
  endfacet
  facet normal 0 0 1
    outer loop
      vertex 71.19309939256452 71.67312645082258 1
      vertex 88.79690060743548 71.67312645082258 1
      vertex 88.8302835299749 71.80639854815625 1
    endloop
  endfacet
  facet normal 0 0 1
    outer loop
      vertex 71.15971647002509 71.80639854815625 1
      vertex 88.8302835299749 71.80639854815625 1
      vertex 88.87656865448419 71.93575680531113 1
    endloop
  endfacet
  facet normal 0 0 1
    outer loop
      vertex 71.11343134551579 71.93575680531113 1
      vertex 88.87656865448419 71.93575680531113 1
      vertex 88.93531022991229 72.0599554315564 1
    endloop
  endfacet
  facet normal 0 0 1
    outer loop
      vertex 71.05468977008769 72.0599554315564 1
      vertex 88.93531022991229 72.0599554315564 1
      vertex 89.00594254277644 72.17779832622745 1
    endloop
  endfacet
  facet normal 0 0 1
    outer loop
      vertex 70.98405745722356 72.17779832622745 1
      vertex 89.00594254277644 72.17779832622745 1
      vertex 89.08778536529216 72.28815059782912 1
    endloop
  endfacet
  facet normal 0 0 1
    outer loop
      vertex 70.90221463470783 72.28815059782912 1
      vertex 89.08778536529216 72.28815059782912 1
      vertex 89.18005050633883 72.38994949366118 1
    endloop
  endfacet
  facet normal 0 0 1
    outer loop
      vertex 70.80994949366116 72.38994949366118 1
      vertex 89.18005050633883 72.38994949366118 1
      vertex 89.28184940217089 72.48221463470784 1
    endloop
  endfacet
  facet normal 0 0 1
    outer loop
      vertex 70.7081505978291 72.48221463470784 1
      vertex 89.28184940217089 72.48221463470784 1
      vertex 89.39220167377255 72.56405745722357 1
    endloop
  endfacet
  facet normal 0 0 1
    outer loop
      vertex 70.59779832622743 72.56405745722357 1
      vertex 89.39220167377255 72.56405745722357 1
      vertex 89.51004456844359 72.6346897700877 1
    endloop
  endfacet
  facet normal 0 0 1
    outer loop
      vertex 70.47995543155639 72.6346897700877 1
      vertex 89.51004456844359 72.6346897700877 1
      vertex 89.63424319468886 72.6934313455158 1
    endloop
  endfacet
  facet normal 0 0 1
    outer loop
      vertex 62.13636363636364 75 1
      vertex 90.30722399646137 72.79325861734108 1
      vertex 100 75 1
    endloop
  endfacet
  facet normal 1 0 0
    outer loop
      vertex 100 37.13636363636364 1
      vertex 100 75 0
      vertex 100 75 1
    endloop
  endfacet
  facet normal 0 0 1
    outer loop
      vertex 100 37.13636363636364 1
      vertex 89.63424319468886 70.1065686544842 1
      vertex 89.51004456844359 70.16531022991231 1
    endloop
  endfacet
  facet normal 0 0 1
    outer loop
      vertex 100 37.13636363636364 1
      vertex 89.51004456844359 70.16531022991231 1
      vertex 89.39220167377255 70.23594254277644 1
    endloop
  endfacet
  facet normal 0 0 1
    outer loop
      vertex 100 37.13636363636364 1
      vertex 89.76360145184375 70.06028352997491 1
      vertex 89.63424319468886 70.1065686544842 1
    endloop
  endfacet
  facet normal 0 0 1
    outer loop
      vertex 100 37.13636363636364 1
      vertex 89.89687354917741 70.02690060743548 1
      vertex 89.76360145184375 70.06028352997491 1
    endloop
  endfacet
  facet normal 0 0 1
    outer loop
      vertex 100 37.13636363636364 1
      vertex 90.03277600353861 70.00674138265893 1
      vertex 89.89687354917741 70.02690060743548 1
    endloop
  endfacet
  facet normal 0 0 1
    outer loop
      vertex 100 37.13636363636364 1
      vertex 90.16999999999999 70 1
      vertex 90.03277600353861 70.00674138265893 1
    endloop
  endfacet
  facet normal 0 0 1
    outer loop
      vertex 100 37.13636363636364 1
      vertex 90.30722399646137 70.00674138265893 1
      vertex 90.16999999999999 70 1
    endloop
  endfacet
  facet normal 0 0 1
    outer loop
      vertex 100 37.13636363636364 1
      vertex 90.57639854815625 70.06028352997491 1
      vertex 90.44312645082258 70.02690060743548 1
    endloop
  endfacet
  facet normal 0 0 1
    outer loop
      vertex 100 37.13636363636364 1
      vertex 90.44312645082258 70.02690060743548 1
      vertex 90.30722399646137 70.00674138265893 1
    endloop
  endfacet
  facet normal 0 0 1
    outer loop
      vertex 100 37.13636363636364 1
      vertex 90.70575680531113 70.1065686544842 1
      vertex 90.57639854815625 70.06028352997491 1
    endloop
  endfacet
  facet normal 0 0 1
    outer loop
      vertex 100 37.13636363636364 1
      vertex 90.82995543155639 70.16531022991231 1
      vertex 90.70575680531113 70.1065686544842 1
    endloop
  endfacet
  facet normal 0 0 1
    outer loop
      vertex 100 37.13636363636364 1
      vertex 90.94779832622744 70.23594254277644 1
      vertex 90.82995543155639 70.16531022991231 1
    endloop
  endfacet
  facet normal 0 0 1
    outer loop
      vertex 100 37.13636363636364 1
      vertex 91.0581505978291 70.31778536529217 1
      vertex 90.94779832622744 70.23594254277644 1
    endloop
  endfacet
  facet normal 0 0 1
    outer loop
      vertex 100 37.13636363636364 1
      vertex 91.15994949366116 70.41005050633883 1
      vertex 91.0581505978291 70.31778536529217 1
    endloop
  endfacet
  facet normal 0 0 1
    outer loop
      vertex 100 37.13636363636364 1
      vertex 91.25221463470783 70.5118494021709 1
      vertex 91.15994949366116 70.41005050633883 1
    endloop
  endfacet
  facet normal 0 0 1
    outer loop
      vertex 100 37.13636363636364 1
      vertex 91.33405745722357 70.62220167377257 1
      vertex 91.25221463470783 70.5118494021709 1
    endloop
  endfacet
  facet normal 0 0 1
    outer loop
      vertex 100 37.13636363636364 1
      vertex 91.40468977008769 70.74004456844361 1
      vertex 91.33405745722357 70.62220167377257 1
    endloop
  endfacet
  facet normal 0 0 1
    outer loop
      vertex 100 37.13636363636364 1
      vertex 91.4634313455158 70.86424319468888 1
      vertex 91.40468977008769 70.74004456844361 1
    endloop
  endfacet
  facet normal 0 0 1
    outer loop
      vertex 100 37.13636363636364 1
      vertex 91.50971647002508 70.99360145184376 1
      vertex 91.4634313455158 70.86424319468888 1
    endloop
  endfacet
  facet normal 0 0 1
    outer loop
      vertex 100 37.13636363636364 1
      vertex 91.54309939256451 71.12687354917743 1
      vertex 91.50971647002508 70.99360145184376 1
    endloop
  endfacet
  facet normal 0 0 1
    outer loop
      vertex 100 37.13636363636364 1
      vertex 91.56325861734106 71.26277600353862 1
      vertex 91.54309939256451 71.12687354917743 1
    endloop
  endfacet
  facet normal 0 0 1
    outer loop
      vertex 100 37.13636363636364 1
      vertex 91.57 71.4 1
      vertex 91.56325861734106 71.26277600353862 1
    endloop
  endfacet
  facet normal 0 0 1
    outer loop
      vertex 100 37.13636363636364 1
      vertex 100 75 1
      vertex 91.57 71.4 1
    endloop
  endfacet
  facet normal 0.24298017990328455 0.9700312531945389 0
    outer loop
      vertex 89.76360145184375 70.06028352997491 0
      vertex 89.76360145184375 70.06028352997491 1
      vertex 89.89687354917741 70.02690060743548 0
    endloop
  endfacet
  facet normal 0.14673047445532647 0.9891765099647862 0
    outer loop
      vertex 89.89687354917741 70.02690060743548 0
      vertex 89.89687354917741 70.02690060743548 1
      vertex 90.03277600353861 70.00674138265893 0
    endloop
  endfacet
  facet normal 0.049067674327464825 0.9987954562051701 0
    outer loop
      vertex 90.03277600353861 70.00674138265893 0
      vertex 90.03277600353861 70.00674138265893 1
      vertex 90.16999999999999 70 0
    endloop
  endfacet
  facet normal -0.04906767432745976 0.9987954562051704 0
    outer loop
      vertex 90.16999999999999 70 0
      vertex 90.16999999999999 70 1
      vertex 90.30722399646137 70.00674138265893 0
    endloop
  endfacet
  facet normal -0.14673047445532647 0.9891765099647862 0
    outer loop
      vertex 90.30722399646137 70.00674138265893 0
      vertex 90.30722399646137 70.00674138265893 1
      vertex 90.44312645082258 70.02690060743548 0
    endloop
  endfacet
  facet normal -0.24298017990326015 0.9700312531945449 0
    outer loop
      vertex 90.44312645082258 70.02690060743548 0
      vertex 90.44312645082258 70.02690060743548 1
      vertex 90.57639854815625 70.06028352997491 0
    endloop
  endfacet
  facet normal -0.3368898533922584 0.941544065183007 0
    outer loop
      vertex 90.57639854815625 70.06028352997491 0
      vertex 90.57639854815625 70.06028352997491 1
      vertex 90.70575680531113 70.1065686544842 0
    endloop
  endfacet
  facet normal -0.42755509343029363 0.9039892931234378 0
    outer loop
      vertex 90.70575680531113 70.1065686544842 0
      vertex 90.70575680531113 70.1065686544842 1
      vertex 90.82995543155639 70.16531022991231 0
    endloop
  endfacet
  facet normal -0.514102744193192 0.8577286100002897 0
    outer loop
      vertex 90.82995543155639 70.16531022991231 0
      vertex 90.82995543155639 70.16531022991231 1
      vertex 90.94779832622744 70.23594254277644 0
    endloop
  endfacet
  facet normal -0.5956993044924189 0.8032075314806555 0
    outer loop
      vertex 90.94779832622744 70.23594254277644 0
      vertex 90.94779832622744 70.23594254277644 1
      vertex 91.0581505978291 70.31778536529217 0
    endloop
  endfacet
  facet normal -0.6715589548470307 0.7409511253549479 0
    outer loop
      vertex 91.0581505978291 70.31778536529217 0
      vertex 91.0581505978291 70.31778536529217 1
      vertex 91.15994949366116 70.41005050633883 0
    endloop
  endfacet
  facet normal -0.7409511253549479 0.6715589548470307 0
    outer loop
      vertex 91.15994949366116 70.41005050633883 0
      vertex 91.15994949366116 70.41005050633883 1
      vertex 91.25221463470783 70.5118494021709 0
    endloop
  endfacet
  facet normal -0.8032075314806428 0.5956993044924361 0
    outer loop
      vertex 91.25221463470783 70.5118494021709 0
      vertex 91.25221463470783 70.5118494021709 1
      vertex 91.33405745722357 70.62220167377257 0
    endloop
  endfacet
  facet normal -0.8577286100003081 0.5141027441931616 0
    outer loop
      vertex 91.33405745722357 70.62220167377257 0
      vertex 91.33405745722357 70.62220167377257 1
      vertex 91.40468977008769 70.74004456844361 0
    endloop
  endfacet
  facet normal -0.9039892931234167 0.4275550934303382 0
    outer loop
      vertex 91.40468977008769 70.74004456844361 0
      vertex 91.40468977008769 70.74004456844361 1
      vertex 91.4634313455158 70.86424319468888 0
    endloop
  endfacet
  facet normal -0.9415440651830398 0.33688985339216665 0
    outer loop
      vertex 91.4634313455158 70.86424319468888 0
      vertex 91.4634313455158 70.86424319468888 1
      vertex 91.50971647002508 70.99360145184376 0
    endloop
  endfacet
  facet normal -0.9700312531945449 0.24298017990326015 0
    outer loop
      vertex 91.50971647002508 70.99360145184376 0
      vertex 91.50971647002508 70.99360145184376 1
      vertex 91.54309939256451 71.12687354917743 0
    endloop
  endfacet
  facet normal -0.9891765099647839 0.1467304744553415 0
    outer loop
      vertex 91.54309939256451 71.12687354917743 0
      vertex 91.54309939256451 71.12687354917743 1
      vertex 91.56325861734106 71.26277600353862 0
    endloop
  endfacet
  facet normal -0.9987954562051704 0.04906767432745976 0
    outer loop
      vertex 91.56325861734106 71.26277600353862 0
      vertex 91.56325861734106 71.26277600353862 1
      vertex 91.57 71.4 0
    endloop
  endfacet
  facet normal 0.24298017990328455 0.9700312531945389 0
    outer loop
      vertex 89.89687354917741 70.02690060743548 0
      vertex 89.76360145184375 70.06028352997491 1
      vertex 89.89687354917741 70.02690060743548 1
    endloop
  endfacet
  facet normal 0.14673047445532647 0.9891765099647862 0
    outer loop
      vertex 90.03277600353861 70.00674138265893 0
      vertex 89.89687354917741 70.02690060743548 1
      vertex 90.03277600353861 70.00674138265893 1
    endloop
  endfacet
  facet normal 0.049067674327464825 0.9987954562051701 0
    outer loop
      vertex 90.16999999999999 70 0
      vertex 90.03277600353861 70.00674138265893 1
      vertex 90.16999999999999 70 1
    endloop
  endfacet
  facet normal -0.04906767432745976 0.9987954562051704 0
    outer loop
      vertex 90.30722399646137 70.00674138265893 0
      vertex 90.16999999999999 70 1
      vertex 90.30722399646137 70.00674138265893 1
    endloop
  endfacet
  facet normal -0.14673047445532647 0.9891765099647862 0
    outer loop
      vertex 90.44312645082258 70.02690060743548 0
      vertex 90.30722399646137 70.00674138265893 1
      vertex 90.44312645082258 70.02690060743548 1
    endloop
  endfacet
  facet normal -0.24298017990326015 0.9700312531945449 0
    outer loop
      vertex 90.57639854815625 70.06028352997491 0
      vertex 90.44312645082258 70.02690060743548 1
      vertex 90.57639854815625 70.06028352997491 1
    endloop
  endfacet
  facet normal -0.3368898533922584 0.941544065183007 0
    outer loop
      vertex 90.70575680531113 70.1065686544842 0
      vertex 90.57639854815625 70.06028352997491 1
      vertex 90.70575680531113 70.1065686544842 1
    endloop
  endfacet
  facet normal -0.42755509343029363 0.9039892931234378 0
    outer loop
      vertex 90.82995543155639 70.16531022991231 0
      vertex 90.70575680531113 70.1065686544842 1
      vertex 90.82995543155639 70.16531022991231 1
    endloop
  endfacet
  facet normal -0.514102744193192 0.8577286100002897 0
    outer loop
      vertex 90.94779832622744 70.23594254277644 0
      vertex 90.82995543155639 70.16531022991231 1
      vertex 90.94779832622744 70.23594254277644 1
    endloop
  endfacet
  facet normal -0.5956993044924189 0.8032075314806555 0
    outer loop
      vertex 91.0581505978291 70.31778536529217 0
      vertex 90.94779832622744 70.23594254277644 1
      vertex 91.0581505978291 70.31778536529217 1
    endloop
  endfacet
  facet normal -0.6715589548470307 0.7409511253549479 0
    outer loop
      vertex 91.15994949366116 70.41005050633883 0
      vertex 91.0581505978291 70.31778536529217 1
      vertex 91.15994949366116 70.41005050633883 1
    endloop
  endfacet
  facet normal -0.7409511253549479 0.6715589548470307 0
    outer loop
      vertex 91.25221463470783 70.5118494021709 0
      vertex 91.15994949366116 70.41005050633883 1
      vertex 91.25221463470783 70.5118494021709 1
    endloop
  endfacet
  facet normal -0.8032075314806428 0.5956993044924361 0
    outer loop
      vertex 91.33405745722357 70.62220167377257 0
      vertex 91.25221463470783 70.5118494021709 1
      vertex 91.33405745722357 70.62220167377257 1
    endloop
  endfacet
  facet normal -0.8577286100003081 0.5141027441931616 0
    outer loop
      vertex 91.40468977008769 70.74004456844361 0
      vertex 91.33405745722357 70.62220167377257 1
      vertex 91.40468977008769 70.74004456844361 1
    endloop
  endfacet
  facet normal -0.9039892931234167 0.4275550934303382 0
    outer loop
      vertex 91.4634313455158 70.86424319468888 0
      vertex 91.40468977008769 70.74004456844361 1
      vertex 91.4634313455158 70.86424319468888 1
    endloop
  endfacet
  facet normal -0.9415440651830398 0.33688985339216665 0
    outer loop
      vertex 91.50971647002508 70.99360145184376 0
      vertex 91.4634313455158 70.86424319468888 1
      vertex 91.50971647002508 70.99360145184376 1
    endloop
  endfacet
  facet normal -0.9700312531945449 0.24298017990326015 0
    outer loop
      vertex 91.54309939256451 71.12687354917743 0
      vertex 91.50971647002508 70.99360145184376 1
      vertex 91.54309939256451 71.12687354917743 1
    endloop
  endfacet
  facet normal -0.9891765099647839 0.1467304744553415 0
    outer loop
      vertex 91.56325861734106 71.26277600353862 0
      vertex 91.54309939256451 71.12687354917743 1
      vertex 91.56325861734106 71.26277600353862 1
    endloop
  endfacet
  facet normal -0.9987954562051704 0.04906767432745976 0
    outer loop
      vertex 91.57 71.4 0
      vertex 91.56325861734106 71.26277600353862 1
      vertex 91.57 71.4 1
    endloop
  endfacet
  facet normal 0.24298017990328455 -0.9700312531945389 8.798226803396755e-19
    outer loop
      vertex 89.76360145184375 72.7397164700251 0
      vertex 89.89687354917741 72.77309939256453 0
      vertex 89.89687354917741 72.77309939256453 1
    endloop
  endfacet
  facet normal 0.14673047445532647 -0.9891765099647862 1.5451747345940764e-18
    outer loop
      vertex 89.89687354917741 72.77309939256453 0
      vertex 90.03277600353861 72.79325861734108 0
      vertex 90.03277600353861 72.79325861734108 1
    endloop
  endfacet
  facet normal 0.049067674327464825 -0.9987954562051701 2.712424713000783e-19
    outer loop
      vertex 90.03277600353861 72.79325861734108 0
      vertex 90.16999999999999 72.80000000000001 0
      vertex 90.16999999999999 72.80000000000001 1
    endloop
  endfacet
  facet normal -0.04906767432745976 -0.9987954562051704 3.927984495597929e-20
    outer loop
      vertex 90.16999999999999 72.80000000000001 0
      vertex 90.30722399646137 72.79325861734108 0
      vertex 90.30722399646137 72.79325861734108 1
    endloop
  endfacet
  facet normal -0.14673047445532647 -0.9891765099647862 -1.5451747345940764e-18
    outer loop
      vertex 90.30722399646137 72.79325861734108 0
      vertex 90.44312645082258 72.77309939256453 0
      vertex 90.44312645082258 72.77309939256453 1
    endloop
  endfacet
  facet normal -0.24298017990326015 -0.9700312531945449 -5.376676610327475e-19
    outer loop
      vertex 90.44312645082258 72.77309939256453 0
      vertex 90.57639854815625 72.7397164700251 0
      vertex 90.57639854815625 72.7397164700251 1
    endloop
  endfacet
  facet normal -0.8577286100003081 -0.5141027441931616 0
    outer loop
      vertex 91.40468977008769 72.0599554315564 0
      vertex 91.40468977008769 72.0599554315564 1
      vertex 91.33405745722357 72.17779832622745 0
    endloop
  endfacet
  facet normal -0.514102744193192 -0.8577286100002897 0
    outer loop
      vertex 90.94779832622744 72.56405745722357 0
      vertex 90.94779832622744 72.56405745722357 1
      vertex 90.82995543155639 72.6346897700877 0
    endloop
  endfacet
  facet normal -0.3368898533922584 -0.941544065183007 -6.220522351230524e-19
    outer loop
      vertex 90.57639854815625 72.7397164700251 0
      vertex 90.70575680531113 72.6934313455158 0
      vertex 90.70575680531113 72.6934313455158 1
    endloop
  endfacet
  facet normal -0.42755509343029363 -0.9039892931234378 2.8349654575522508e-18
    outer loop
      vertex 90.70575680531113 72.6934313455158 0
      vertex 90.82995543155639 72.6346897700877 0
      vertex 90.82995543155639 72.6346897700877 1
    endloop
  endfacet
  facet normal -0.5956993044924189 -0.8032075314806555 -9.889856765291618e-19
    outer loop
      vertex 90.94779832622744 72.56405745722357 0
      vertex 91.0581505978291 72.48221463470784 0
      vertex 91.0581505978291 72.48221463470784 1
    endloop
  endfacet
  facet normal -0.6715589548470307 -0.7409511253549479 0
    outer loop
      vertex 91.15994949366116 72.38994949366118 0
      vertex 91.15994949366116 72.38994949366118 1
      vertex 91.0581505978291 72.48221463470784 0
    endloop
  endfacet
  facet normal -0.7409511253549479 -0.6715589548470307 4.962433453228298e-18
    outer loop
      vertex 91.15994949366116 72.38994949366118 0
      vertex 91.25221463470783 72.28815059782912 0
      vertex 91.25221463470783 72.28815059782912 1
    endloop
  endfacet
  facet normal -0.8032075314806428 -0.5956993044924361 0
    outer loop
      vertex 91.33405745722357 72.17779832622745 0
      vertex 91.33405745722357 72.17779832622745 1
      vertex 91.25221463470783 72.28815059782912 0
    endloop
  endfacet
  facet normal -0.9987954562051704 -0.04906767432745976 0
    outer loop
      vertex 91.57 71.4 0
      vertex 91.57 71.4 1
      vertex 91.56325861734106 71.53722399646139 0
    endloop
  endfacet
  facet normal -0.9891765099647839 -0.1467304744553415 0
    outer loop
      vertex 91.56325861734106 71.53722399646139 0
      vertex 91.56325861734106 71.53722399646139 1
      vertex 91.54309939256451 71.67312645082258 0
    endloop
  endfacet
  facet normal -0.9700312531945449 -0.24298017990326015 0
    outer loop
      vertex 91.54309939256451 71.67312645082258 0
      vertex 91.54309939256451 71.67312645082258 1
      vertex 91.50971647002508 71.80639854815625 0
    endloop
  endfacet
  facet normal -0.9415440651830398 -0.33688985339216665 0
    outer loop
      vertex 91.50971647002508 71.80639854815625 0
      vertex 91.50971647002508 71.80639854815625 1
      vertex 91.4634313455158 71.93575680531113 0
    endloop
  endfacet
  facet normal -0.9039892931234167 -0.4275550934303382 9.89854872171824e-19
    outer loop
      vertex 91.40468977008769 72.0599554315564 0
      vertex 91.4634313455158 71.93575680531113 0
      vertex 91.4634313455158 71.93575680531113 1
    endloop
  endfacet
  facet normal 0 0 -1
    outer loop
      vertex 90.82995543155639 70.16531022991231 0
      vertex 90.94779832622744 70.23594254277644 0
      vertex 100 75 0
    endloop
  endfacet
  facet normal 0 0 -1
    outer loop
      vertex 90.94779832622744 70.23594254277644 0
      vertex 91.0581505978291 70.31778536529217 0
      vertex 100 75 0
    endloop
  endfacet
  facet normal 0 0 -1
    outer loop
      vertex 91.0581505978291 70.31778536529217 0
      vertex 91.15994949366116 70.41005050633883 0
      vertex 100 75 0
    endloop
  endfacet
  facet normal 0 0 -1
    outer loop
      vertex 91.15994949366116 70.41005050633883 0
      vertex 91.25221463470783 70.5118494021709 0
      vertex 100 75 0
    endloop
  endfacet
  facet normal 0 0 -1
    outer loop
      vertex 91.25221463470783 70.5118494021709 0
      vertex 91.33405745722357 70.62220167377257 0
      vertex 100 75 0
    endloop
  endfacet
  facet normal 0 0 -1
    outer loop
      vertex 91.40468977008769 70.74004456844361 0
      vertex 91.4634313455158 70.86424319468888 0
      vertex 100 75 0
    endloop
  endfacet
  facet normal 0 0 -1
    outer loop
      vertex 91.33405745722357 70.62220167377257 0
      vertex 91.40468977008769 70.74004456844361 0
      vertex 100 75 0
    endloop
  endfacet
  facet normal 0 0 -1
    outer loop
      vertex 91.40468977008769 72.0599554315564 0
      vertex 100 75 0
      vertex 91.4634313455158 71.93575680531113 0
    endloop
  endfacet
  facet normal 0 0 -1
    outer loop
      vertex 91.4634313455158 70.86424319468888 0
      vertex 91.50971647002508 70.99360145184376 0
      vertex 100 75 0
    endloop
  endfacet
  facet normal 0 0 -1
    outer loop
      vertex 91.50971647002508 70.99360145184376 0
      vertex 91.54309939256451 71.12687354917743 0
      vertex 100 75 0
    endloop
  endfacet
  facet normal 0 0 -1
    outer loop
      vertex 91.54309939256451 71.12687354917743 0
      vertex 91.56325861734106 71.26277600353862 0
      vertex 100 75 0
    endloop
  endfacet
  facet normal 0 0 -1
    outer loop
      vertex 91.56325861734106 71.26277600353862 0
      vertex 91.57 71.4 0
      vertex 100 75 0
    endloop
  endfacet
  facet normal 0 0 -1
    outer loop
      vertex 91.57 71.4 0
      vertex 91.56325861734106 71.53722399646139 0
      vertex 100 75 0
    endloop
  endfacet
  facet normal 0 0 -1
    outer loop
      vertex 91.56325861734106 71.53722399646139 0
      vertex 91.54309939256451 71.67312645082258 0
      vertex 100 75 0
    endloop
  endfacet
  facet normal 0 0 -1
    outer loop
      vertex 91.50971647002508 71.80639854815625 0
      vertex 91.4634313455158 71.93575680531113 0
      vertex 100 75 0
    endloop
  endfacet
  facet normal 0 0 -1
    outer loop
      vertex 91.54309939256451 71.67312645082258 0
      vertex 91.50971647002508 71.80639854815625 0
      vertex 100 75 0
    endloop
  endfacet
  facet normal 0 0 -1
    outer loop
      vertex 89.89687354917741 72.77309939256453 0
      vertex 100 75 0
      vertex 90.03277600353861 72.79325861734108 0
    endloop
  endfacet
  facet normal 0 0 -1
    outer loop
      vertex 90.03277600353861 72.79325861734108 0
      vertex 100 75 0
      vertex 90.16999999999999 72.80000000000001 0
    endloop
  endfacet
  facet normal 0 0 -1
    outer loop
      vertex 90.70575680531113 72.6934313455158 0
      vertex 100 75 0
      vertex 90.82995543155639 72.6346897700877 0
    endloop
  endfacet
  facet normal 0 0 -1
    outer loop
      vertex 90.16999999999999 72.80000000000001 0
      vertex 100 75 0
      vertex 90.30722399646137 72.79325861734108 0
    endloop
  endfacet
  facet normal 0 0 -1
    outer loop
      vertex 90.30722399646137 72.79325861734108 0
      vertex 100 75 0
      vertex 90.44312645082258 72.77309939256453 0
    endloop
  endfacet
  facet normal 0 0 -1
    outer loop
      vertex 90.44312645082258 72.77309939256453 0
      vertex 100 75 0
      vertex 90.57639854815625 72.7397164700251 0
    endloop
  endfacet
  facet normal 0 0 -1
    outer loop
      vertex 90.57639854815625 72.7397164700251 0
      vertex 100 75 0
      vertex 90.70575680531113 72.6934313455158 0
    endloop
  endfacet
  facet normal 0 0 -1
    outer loop
      vertex 90.94779832622744 72.56405745722357 0
      vertex 90.82995543155639 72.6346897700877 0
      vertex 100 75 0
    endloop
  endfacet
  facet normal 0 0 -1
    outer loop
      vertex 91.15994949366116 72.38994949366118 0
      vertex 91.0581505978291 72.48221463470784 0
      vertex 100 75 0
    endloop
  endfacet
  facet normal 0 0 -1
    outer loop
      vertex 90.94779832622744 72.56405745722357 0
      vertex 100 75 0
      vertex 91.0581505978291 72.48221463470784 0
    endloop
  endfacet
  facet normal 0 0 -1
    outer loop
      vertex 91.15994949366116 72.38994949366118 0
      vertex 100 75 0
      vertex 91.25221463470783 72.28815059782912 0
    endloop
  endfacet
  facet normal 0 0 -1
    outer loop
      vertex 91.33405745722357 72.17779832622745 0
      vertex 91.25221463470783 72.28815059782912 0
      vertex 100 75 0
    endloop
  endfacet
  facet normal 0 0 -1
    outer loop
      vertex 91.40468977008769 72.0599554315564 0
      vertex 91.33405745722357 72.17779832622745 0
      vertex 100 75 0
    endloop
  endfacet
  facet normal 0.24298017990328455 -0.9700312531945389 0
    outer loop
      vertex 89.76360145184375 72.7397164700251 0
      vertex 89.89687354917741 72.77309939256453 1
      vertex 89.76360145184375 72.7397164700251 1
    endloop
  endfacet
  facet normal 0.14673047445532647 -0.9891765099647862 0
    outer loop
      vertex 89.89687354917741 72.77309939256453 0
      vertex 90.03277600353861 72.79325861734108 1
      vertex 89.89687354917741 72.77309939256453 1
    endloop
  endfacet
  facet normal 0.049067674327464825 -0.9987954562051701 0
    outer loop
      vertex 90.03277600353861 72.79325861734108 0
      vertex 90.16999999999999 72.80000000000001 1
      vertex 90.03277600353861 72.79325861734108 1
    endloop
  endfacet
  facet normal -0.04906767432745976 -0.9987954562051704 0
    outer loop
      vertex 90.16999999999999 72.80000000000001 0
      vertex 90.30722399646137 72.79325861734108 1
      vertex 90.16999999999999 72.80000000000001 1
    endloop
  endfacet
  facet normal -0.14673047445532647 -0.9891765099647862 0
    outer loop
      vertex 90.30722399646137 72.79325861734108 0
      vertex 90.44312645082258 72.77309939256453 1
      vertex 90.30722399646137 72.79325861734108 1
    endloop
  endfacet
  facet normal -0.24298017990326015 -0.9700312531945449 0
    outer loop
      vertex 90.44312645082258 72.77309939256453 0
      vertex 90.57639854815625 72.7397164700251 1
      vertex 90.44312645082258 72.77309939256453 1
    endloop
  endfacet
  facet normal -0.8577286100003081 -0.5141027441931616 0
    outer loop
      vertex 91.33405745722357 72.17779832622745 0
      vertex 91.40468977008769 72.0599554315564 1
      vertex 91.33405745722357 72.17779832622745 1
    endloop
  endfacet
  facet normal -0.514102744193192 -0.8577286100002897 0
    outer loop
      vertex 90.82995543155639 72.6346897700877 0
      vertex 90.94779832622744 72.56405745722357 1
      vertex 90.82995543155639 72.6346897700877 1
    endloop
  endfacet
  facet normal -0.5956993044924189 -0.8032075314806555 0
    outer loop
      vertex 90.94779832622744 72.56405745722357 0
      vertex 91.0581505978291 72.48221463470784 1
      vertex 90.94779832622744 72.56405745722357 1
    endloop
  endfacet
  facet normal -0.3368898533922584 -0.941544065183007 0
    outer loop
      vertex 90.57639854815625 72.7397164700251 0
      vertex 90.70575680531113 72.6934313455158 1
      vertex 90.57639854815625 72.7397164700251 1
    endloop
  endfacet
  facet normal -0.42755509343029363 -0.9039892931234378 0
    outer loop
      vertex 90.70575680531113 72.6934313455158 0
      vertex 90.82995543155639 72.6346897700877 1
      vertex 90.70575680531113 72.6934313455158 1
    endloop
  endfacet
  facet normal -0.7409511253549479 -0.6715589548470307 0
    outer loop
      vertex 91.15994949366116 72.38994949366118 0
      vertex 91.25221463470783 72.28815059782912 1
      vertex 91.15994949366116 72.38994949366118 1
    endloop
  endfacet
  facet normal -0.6715589548470307 -0.7409511253549479 0
    outer loop
      vertex 91.0581505978291 72.48221463470784 0
      vertex 91.15994949366116 72.38994949366118 1
      vertex 91.0581505978291 72.48221463470784 1
    endloop
  endfacet
  facet normal -0.8032075314806428 -0.5956993044924361 0
    outer loop
      vertex 91.25221463470783 72.28815059782912 0
      vertex 91.33405745722357 72.17779832622745 1
      vertex 91.25221463470783 72.28815059782912 1
    endloop
  endfacet
  facet normal -0.9987954562051704 -0.04906767432745976 0
    outer loop
      vertex 91.56325861734106 71.53722399646139 0
      vertex 91.57 71.4 1
      vertex 91.56325861734106 71.53722399646139 1
    endloop
  endfacet
  facet normal -0.9891765099647839 -0.1467304744553415 0
    outer loop
      vertex 91.54309939256451 71.67312645082258 0
      vertex 91.56325861734106 71.53722399646139 1
      vertex 91.54309939256451 71.67312645082258 1
    endloop
  endfacet
  facet normal -0.9700312531945449 -0.24298017990326015 0
    outer loop
      vertex 91.50971647002508 71.80639854815625 0
      vertex 91.54309939256451 71.67312645082258 1
      vertex 91.50971647002508 71.80639854815625 1
    endloop
  endfacet
  facet normal -0.9415440651830398 -0.33688985339216665 0
    outer loop
      vertex 91.4634313455158 71.93575680531113 0
      vertex 91.50971647002508 71.80639854815625 1
      vertex 91.4634313455158 71.93575680531113 1
    endloop
  endfacet
  facet normal -0.9039892931234167 -0.4275550934303382 0
    outer loop
      vertex 91.40468977008769 72.0599554315564 0
      vertex 91.4634313455158 71.93575680531113 1
      vertex 91.40468977008769 72.0599554315564 1
    endloop
  endfacet
  facet normal 0 0 1
    outer loop
      vertex 91.40468977008769 72.0599554315564 1
      vertex 91.4634313455158 71.93575680531113 1
      vertex 100 75 1
    endloop
  endfacet
  facet normal 0 0 1
    outer loop
      vertex 91.57 71.4 1
      vertex 100 75 1
      vertex 91.56325861734106 71.53722399646139 1
    endloop
  endfacet
  facet normal 0 0 1
    outer loop
      vertex 91.56325861734106 71.53722399646139 1
      vertex 100 75 1
      vertex 91.54309939256451 71.67312645082258 1
    endloop
  endfacet
  facet normal 0 0 1
    outer loop
      vertex 91.54309939256451 71.67312645082258 1
      vertex 100 75 1
      vertex 91.50971647002508 71.80639854815625 1
    endloop
  endfacet
  facet normal 0 0 1
    outer loop
      vertex 91.50971647002508 71.80639854815625 1
      vertex 100 75 1
      vertex 91.4634313455158 71.93575680531113 1
    endloop
  endfacet
  facet normal 0 0 1
    outer loop
      vertex 90.70575680531113 72.6934313455158 1
      vertex 90.82995543155639 72.6346897700877 1
      vertex 100 75 1
    endloop
  endfacet
  facet normal 0 0 1
    outer loop
      vertex 90.44312645082258 72.77309939256453 1
      vertex 90.57639854815625 72.7397164700251 1
      vertex 100 75 1
    endloop
  endfacet
  facet normal 0 0 1
    outer loop
      vertex 90.30722399646137 72.79325861734108 1
      vertex 90.44312645082258 72.77309939256453 1
      vertex 100 75 1
    endloop
  endfacet
  facet normal 0 0 1
    outer loop
      vertex 90.57639854815625 72.7397164700251 1
      vertex 90.70575680531113 72.6934313455158 1
      vertex 100 75 1
    endloop
  endfacet
  facet normal 0 0 1
    outer loop
      vertex 90.94779832622744 72.56405745722357 1
      vertex 100 75 1
      vertex 90.82995543155639 72.6346897700877 1
    endloop
  endfacet
  facet normal 0 0 1
    outer loop
      vertex 91.15994949366116 72.38994949366118 1
      vertex 100 75 1
      vertex 91.0581505978291 72.48221463470784 1
    endloop
  endfacet
  facet normal 0 0 1
    outer loop
      vertex 90.94779832622744 72.56405745722357 1
      vertex 91.0581505978291 72.48221463470784 1
      vertex 100 75 1
    endloop
  endfacet
  facet normal 0 0 1
    outer loop
      vertex 91.33405745722357 72.17779832622745 1
      vertex 100 75 1
      vertex 91.25221463470783 72.28815059782912 1
    endloop
  endfacet
  facet normal 0 0 1
    outer loop
      vertex 91.15994949366116 72.38994949366118 1
      vertex 91.25221463470783 72.28815059782912 1
      vertex 100 75 1
    endloop
  endfacet
  facet normal 0 0 1
    outer loop
      vertex 91.40468977008769 72.0599554315564 1
      vertex 100 75 1
      vertex 91.33405745722357 72.17779832622745 1
    endloop
  endfacet
  facet normal 0 1 0
    outer loop
      vertex 92 -22.82 2.5
      vertex 72 -22.82 2.5
      vertex 72 -22.82 6
    endloop
  endfacet
endsolid OpenSCAD_Model
